time,datetime,zeta,phi_obs,phi_m,phi_h,phi_q,L_obukhov,ustar,hs,hl,ws_lo,ws_hi,T_lo,T_hi,q_lo,q_hi,z_lo,z_hi,lat,lon,Press,LWd,Lwu,SWd,Swu,sensible_heat_flux
308.0417,1998-11-04T01:00:02.88,0.9165455817457757,4.577777777777779,4.577777777777779,2.4319999999999933,NaN,-5.525279999999999,0.06,-3.0,0.2,2.17,3.2,-25.58,-25.2,NaN,NaN,2.5,10.0,75.9424,-144.01303,1019.1,177.0,212.3,0.0,0.0,-3.0
308.75,1998-11-04T18:00:00.0,0.24225923943400776,1.8181818181818195,1.8181818181818195,1.6895999999999889,NaN,-15.764363999999997,0.11,-5.0,-0.1,3.32,4.07,-19.74,-19.5,NaN,NaN,2.5,10.0,75.96123,-144.05704,1011.2,200.9,231.0,0.0,0.0,-5.0
308.7917,1998-11-04T19:00:02.88,0.10321738770485027,0.7225806451612902,0.7225806451612902,2.0176271186440844,NaN,-42.22495550847457,0.155,-5.9,-0.2,4.13,4.55,-22.3,-22.06,NaN,NaN,2.5,10.0,75.96253,-144.06682,1011.2,179.9,222.1,0.0,0.0,-5.9
308.8333,1998-11-04T19:59:57.12,0.33078556756311706,2.4380952380952365,2.4380952380952365,1.428405797101442,NaN,-14.78777391304348,0.14,-13.8,0.2,4.11,5.39,-24.79,-24.35,NaN,NaN,2.5,10.0,75.964,-144.07805,1011.4,161.4,212.2,1.0,0.8,-13.8
308.875,1998-11-04T21:00:00.0,0.060610880603548356,1.2190476190476192,1.2190476190476192,0.15627906976743852,NaN,-73.20497441860464,0.21,-8.6,-0.2,4.75,5.71,-22.66,-22.64,NaN,NaN,2.5,10.0,75.9653,-144.08975,1011.3,204.2,224.0,3.9,3.1,-8.6
308.9167,1998-11-04T22:00:02.88,0.043829092119594106,0.9444444444444452,0.9444444444444452,0.0,NaN,-98.95308387096773,0.24,-9.3,0.0,5.84,6.69,-22.19,-22.19,NaN,NaN,2.5,10.0,75.96675,-144.10287,1011.2,200.1,224.6,1.5,0.8,-9.3
309.125,1998-11-05T03:00:00.0,0.10644961036863566,1.2133333333333334,1.2133333333333334,0.6945736434108555,NaN,-47.534883720930246,0.2,-12.9,-0.2,5.07,5.98,-25.55,-25.41,NaN,NaN,2.5,10.0,NaN,NaN,1010.0,157.4,210.0,0.0,0.0,-12.9
309.1667,1998-11-05T04:00:02.88,0.1444310645125561,1.5555555555555554,1.5555555555555554,0.7710236220472357,NaN,-36.81048188976378,0.18,-12.7,-0.2,4.54,5.59,-26.72,-26.55,NaN,NaN,2.5,10.0,75.97065,-144.18026,1009.8,155.7,207.0,0.0,0.0,-12.7
309.2083,1998-11-05T04:59:57.12,0.3299736926453037,2.4410256410256412,2.4410256410256412,1.221284403669726,NaN,-16.61657614678899,0.13,-10.9,0.2,3.84,5.03,-27.48,-27.16,NaN,NaN,2.5,10.0,75.97063,-144.19246,1009.5,155.8,204.3,0.0,0.0,-10.9
309.25,1998-11-05T06:00:00.0,0.5790570754998101,3.0060606060606068,3.0060606060606068,1.577931034482757,NaN,-9.407645689655173,0.11,-11.6,0.0,3.33,4.57,-27.33,-26.81,NaN,NaN,2.5,10.0,75.97052,-144.20453,1009.0,154.1,203.8,0.0,0.0,-11.6
309.2917,1998-11-05T07:00:02.88,0.07803660985597345,1.3754385964912288,1.3754385964912288,1.576296296296276,NaN,-65.61776666666667,0.19,-8.1,0.2,4.13,5.11,-25.83,-25.62,NaN,NaN,2.5,10.0,75.97026,-144.21753,1008.6,183.4,211.8,0.0,0.0,-8.1
309.3333,1998-11-05T07:59:57.12,0.39119046787263606,2.342857142857143,2.342857142857143,1.4566871165644204,NaN,-12.696471165644175,0.14,-16.3,0.4,3.82,5.05,-25.14,-24.61,NaN,NaN,2.5,10.0,75.96976,-144.23016,1008.2,157.0,207.5,0.0,0.0,-16.3
309.375,1998-11-05T09:00:00.0,0.5635200089425443,3.2666666666666675,3.2666666666666675,2.127567567567568,NaN,-8.777772972972972,0.12,-14.8,0.3,3.61,5.08,-25.06,-24.24,NaN,NaN,2.5,10.0,75.9696,-144.24296,1007.7,160.0,208.7,0.0,0.0,-14.8
309.4167,1998-11-05T10:00:02.88,0.2099949823634281,1.7403508771929828,1.7403508771929828,0.9949090909090992,NaN,-22.07350909090909,0.19,-22.0,0.0,4.96,6.2,-23.6,-23.24,NaN,NaN,2.5,10.0,75.96893,-144.25622,1007.3,160.2,214.2,0.0,0.0,-22.0
309.4583,1998-11-05T10:59:57.12,0.15341133773149057,1.5272727272727282,1.5272727272727282,0.9895582329317311,NaN,-30.917686746987947,0.22,-24.9,0.0,5.14,6.4,-24.1,-23.75,NaN,NaN,2.5,10.0,75.96806,-144.26999,1007.2,159.3,212.6,0.0,0.0,-24.9
309.5,1998-11-05T12:00:00.0,0.1555073690227674,1.4476190476190474,1.4476190476190474,0.9469090909090868,NaN,-29.727809999999995,0.21,-22.0,0.0,5.36,6.5,-23.54,-23.23,NaN,NaN,2.5,10.0,75.96713,-144.28533,1006.8,161.9,214.9,0.0,0.0,-22.0
309.5417,1998-11-05T13:00:02.88,0.11961566007677132,1.3565217391304347,1.3565217391304347,0.8251121076233183,NaN,-37.237567264574,0.23,-22.3,NaN,5.35,6.52,-22.75,-22.5,NaN,NaN,2.5,10.0,75.96584,-144.30224,1006.5,186.3,220.2,0.0,0.0,-22.3
309.5833,1998-11-05T13:59:57.12,0.010577196094163027,0.6707070707070708,0.6707070707070708,-1.0738983050847228,NaN,-353.40080338983046,0.33,-5.9,0.0,7.1,7.93,-19.34,-19.4,NaN,NaN,2.5,10.0,75.96458,-144.32131,1006.1,228.5,235.1,0.0,0.0,-5.9
309.625,1998-11-05T15:00:00.0,0.004483025681316513,0.6780952380952385,0.6780952380952385,-2.2399999999999523,NaN,-768.7487499999996,0.35,-3.0,0.1,8.12,9.01,-17.93,-17.99,NaN,NaN,2.5,10.0,75.96317,-144.34219,1005.5,232.7,240.1,0.0,0.0,-3.0
310.875,1998-11-06T21:00:00.0,0.10336518774273364,1.3333333333333335,1.3333333333333335,0.1745454545454663,NaN,-28.33159090909091,0.15,-5.5,0.2,5.32,6.07,-15.39,-15.37,NaN,NaN,2.5,10.0,76.00698,-144.99414,1008.1,229.1,246.9,2.5,2.3,-5.5
312.1667,1998-11-08T04:00:02.88,6.15200980198411,2.826666666666668,2.826666666666668,1.183193277310923,NaN,-0.6485294117647059,0.05,-11.9,0.1,3.79,4.32,-20.58,-19.7,NaN,NaN,2.5,10.0,76.04079,-145.24889,1017.4,181.9,221.3,0.0,0.0,-11.9
312.75,1998-11-08T18:00:00.0,0.06759812093170943,1.1111111111111112,1.1111111111111112,0.1828571428571552,NaN,-32.99245714285714,0.18,-6.3,0.2,4.72,5.47,-11.88,-11.86,NaN,NaN,2.5,10.0,76.07284,-145.29289,1014.5,248.5,260.9,0.0,0.0,-6.3
312.7917,1998-11-08T19:00:02.88,0.023451843635250914,0.8399999999999999,0.8399999999999999,-0.853333333333353,NaN,-93.52,0.2,-3.0,0.2,4.92,5.55,-11.69,-11.73,NaN,NaN,2.5,10.0,76.07589,-145.29617,1014.1,259.0,263.1,0.0,0.0,-3.0
312.9167,1998-11-08T22:00:02.88,0.8323823091873975,1.5407407407407405,1.5407407407407405,0.6531958762886617,NaN,-2.683020618556701,0.09,-9.7,0.2,3.82,4.34,-11.9,-11.68,NaN,NaN,2.5,10.0,76.08578,-145.30312,1013.4,225.5,255.2,0.0,0.0,-9.7
313.1667,1998-11-09T04:00:02.88,0.2716124035877907,0.633333333333334,0.633333333333334,8.494545454545438,NaN,-10.374981818181817,0.08,-2.2,0.1,1.43,1.62,-14.86,-14.13,NaN,NaN,2.5,10.0,NaN,NaN,1012.7,231.8,245.9,0.0,0.0,-2.2
313.4583,1998-11-09T10:59:57.12,1.3879074885539682,1.1199999999999997,1.1199999999999997,4.681481481481476,NaN,-2.6513888888888895,0.05,-2.7,-0.2,1.6,1.81,-19.09,-18.3,NaN,NaN,2.5,10.0,76.09718,-145.29068,1011.9,208.7,231.2,0.0,0.0,-2.7
313.5417,1998-11-09T13:00:02.88,0.3364951826061892,0.6060606060606061,0.6060606060606061,1.5085714285714322,NaN,-10.130811428571427,0.11,-7.0,NaN,2.19,2.44,-17.76,-17.46,NaN,NaN,2.5,10.0,76.09664,-145.29732,1010.7,213.4,237.2,0.0,0.0,-7.0
313.6667,1998-11-09T16:00:02.88,0.08985188738901143,0.8313725490196074,0.8313725490196074,1.1037681159420334,NaN,-37.723295652173924,0.17,-6.9,NaN,3.97,4.5,-17.66,-17.52,NaN,NaN,2.5,10.0,76.09504,-145.32538,1008.7,205.4,237.1,0.0,0.0,-6.9
313.9167,1998-11-09T22:00:02.88,0.0031242345812206684,0.6740740740740742,0.6740740740740742,-2.5043478260869034,NaN,-921.3545739130435,0.36,-2.3,0.1,9.16,10.07,-15.14,-15.19,NaN,NaN,2.5,10.0,76.09804,-145.46072,1003.8,237.6,249.8,0.0,0.0,-2.3
314.4167,1998-11-10T10:00:02.88,0.002065747495848362,0.6909090909090914,0.6909090909090914,-3.0171428571427934,NaN,-1182.8406857142857,0.44,-2.8,-1.2,10.49,11.63,-12.96,-13.02,NaN,NaN,2.5,10.0,76.10882,-145.80284,997.2,244.4,257.4,0.0,0.0,-2.8
314.5,1998-11-10T12:00:00.0,0.005837553249336909,0.8195121951219512,0.8195121951219512,-1.0250000000000146,NaN,-421.2796124999998,0.41,-6.4,-0.5,9.4,10.66,-13.04,-13.09,NaN,NaN,2.5,10.0,76.11194,-145.84813,996.8,249.9,257.4,0.0,0.0,-6.4
314.7083,1998-11-10T16:59:57.12,0.009742519137091165,0.9422222222222212,0.9422222222222212,-0.22857142857142368,NaN,-233.1642857142857,0.3,-4.2,-0.5,9.48,10.54,-12.09,-12.1,NaN,NaN,2.5,10.0,76.12018,-145.9681,996.5,243.0,260.5,0.0,0.0,-4.2
314.7917,1998-11-10T19:00:02.88,0.012252455949506096,0.9714285714285711,0.9714285714285711,-0.8334883720930055,NaN,-179.80219534883727,0.28,-4.3,0.1,8.56,9.58,-11.74,-11.78,NaN,NaN,2.5,10.0,76.12544,-146.01656,996.3,253.8,262.3,0.0,0.0,-4.3
315.1667,1998-11-11T04:00:02.88,0.005886953215464649,0.6666666666666667,0.6666666666666667,-1.5360000000000353,NaN,-517.428,0.3,-2.5,0.8,7.23,7.98,-15.97,-16.01,NaN,NaN,2.5,10.0,76.13899,-146.17602,994.3,224.8,246.6,0.0,0.0,-2.5
315.2917,1998-11-11T07:00:02.88,0.03556929127622343,0.9523809523809524,0.9523809523809524,0.0,NaN,-80.41041346153844,0.21,-5.2,NaN,6.4,7.15,-15.05,-15.05,NaN,NaN,2.5,10.0,76.14332,-146.22334,993.9,227.6,248.6,0.0,0.0,-5.2
315.3333,1998-11-11T07:59:57.12,0.020228889576244975,0.8319999999999993,0.8319999999999993,-0.3199999999999932,NaN,-135.9375,0.25,-5.0,NaN,7.03,7.81,-14.5,-14.52,NaN,NaN,2.5,10.0,76.14523,-146.23941,993.2,239.4,251.5,0.0,0.0,-5.0
315.9583,1998-11-11T22:59:57.12,0.007934076344879516,0.7407407407407407,0.7407407407407407,-2.073599999999956,NaN,-268.79104800000005,0.27,-2.5,NaN,6.52,7.27,-11.38,-11.44,NaN,NaN,2.5,10.0,76.17582,-146.54328,980.0,266.2,264.9,0.0,0.0,-2.5
316.5417,1998-11-12T13:00:02.88,0.03516773602199818,0.9813333333333333,0.9813333333333333,-0.5454545454545499,NaN,-60.085227272727266,0.25,-8.8,-0.1,6.82,7.74,-11.28,-11.34,NaN,NaN,2.5,10.0,76.1693,-146.5011,981.5,259.7,264.5,0.0,0.0,-8.8
316.625,1998-11-12T15:00:00.0,0.010892954344424033,0.6311111111111118,0.6311111111111118,-0.8170212765957636,NaN,-204.22340425531914,0.3,-4.7,0.0,7.5,8.21,-11.85,-11.89,NaN,NaN,2.5,10.0,76.16356,-146.45402,983.3,251.9,261.6,0.0,0.0,-4.7
316.6667,1998-11-12T16:00:02.88,0.0077054889207689254,0.6476190476190481,0.6476190476190481,-1.9911111111110686,NaN,-296.108088888889,0.28,-2.7,-0.4,6.81,7.49,-12.14,-12.2,NaN,NaN,2.5,10.0,76.16063,-146.43262,984.3,255.9,261.0,0.0,0.0,-2.7
317.0417,1998-11-13T01:00:02.88,0.020989134702404766,0.5763440860215053,0.5763440860215053,-0.10020202020201806,NaN,-128.9137818181818,0.31,-9.9,-1.0,8.35,9.02,-14.28,-14.29,NaN,NaN,2.5,10.0,76.14247,-146.22546,990.9,231.4,250.7,0.0,0.0,-9.9
317.1667,1998-11-13T04:00:02.88,0.004041004097849377,0.5675213675213675,0.5675213675213675,-1.9705263157894903,NaN,-652.352897368421,0.39,-3.8,-4.3,9.27,10.1,-13.93,-13.99,NaN,NaN,2.5,10.0,76.13065,-146.14658,993.6,250.5,254.8,0.0,0.0,-3.8
317.5417,1998-11-13T13:00:02.88,0.016609615407221473,0.7636363636363637,0.7636363636363637,-0.5028571428571769,NaN,-163.0284857142857,0.22,-2.8,-1.5,7.15,7.78,-14.29,-14.31,NaN,NaN,2.5,10.0,76.09207,-145.95157,1003.6,239.3,252.2,0.0,0.0,-2.8
317.5833,1998-11-13T13:59:57.12,0.010931207923856693,0.5760000000000001,0.5760000000000001,-1.1851851851852124,NaN,-254.68749999999997,0.25,-2.7,NaN,6.5,7.04,-14.67,-14.71,NaN,NaN,2.5,10.0,76.08838,-145.93465,1004.6,238.7,250.7,0.0,0.0,-2.7
317.6667,1998-11-13T16:00:02.88,0.12270085689870469,1.129411764705882,1.129411764705882,0.4581052631578952,NaN,-24.094386315789478,0.17,-9.5,0.2,5.05,5.77,-15.53,-15.45,NaN,NaN,2.5,10.0,76.08061,-145.90687,1006.3,216.3,243.8,0.0,0.0,-9.5
317.75,1998-11-13T18:00:00.0,0.4062207954690831,2.266666666666667,2.266666666666667,1.5010909090909081,NaN,-8.082327272727271,0.12,-11.0,1.0,3.94,4.96,-17.15,-16.72,NaN,NaN,2.5,10.0,76.07431,-145.88747,1008.4,194.2,234.3,0.0,0.0,-11.0
317.7917,1998-11-13T19:00:02.88,0.7470112145417832,0.9212121212121221,0.9212121212121221,1.2944516129032266,NaN,-4.778719354838709,0.11,-15.5,NaN,2.86,3.24,-18.55,-17.98,NaN,NaN,2.5,10.0,76.07262,-145.88028,1009.4,186.1,228.5,0.0,0.0,-15.5
317.8333,1998-11-13T19:59:57.12,1.1451596119364755,4.333333333333333,4.333333333333333,2.419340659340658,NaN,-3.3454417582417584,0.08,-9.1,NaN,3.09,4.39,-19.82,-18.96,NaN,NaN,2.5,10.0,76.07128,-145.87293,1010.4,181.6,223.4,0.0,0.0,-9.1
317.875,1998-11-13T21:00:00.0,1.6949498097889655,5.409523809523809,5.409523809523809,2.687999999999996,NaN,-2.35298,0.07,-9.0,NaN,2.99,4.41,-20.58,-19.5,NaN,NaN,2.5,10.0,76.07081,-145.86692,1011.2,179.3,220.0,0.0,0.0,-9.0
317.9167,1998-11-13T22:00:02.88,3.0063603400107,7.093333333333334,7.093333333333334,3.7793103448275795,NaN,-1.3894396551724142,0.05,-5.8,NaN,2.46,3.79,-21.49,-20.12,NaN,NaN,2.5,10.0,76.07074,-145.86297,1012.0,179.4,216.8,0.0,0.0,-5.8
318.5,1998-11-14T12:00:00.0,0.11296121310638955,1.1259259259259264,1.1259259259259264,0.0981818181818161,NaN,-24.005431534090913,0.135,-4.4,0.0,5.26,5.83,-14.31,-14.3,NaN,NaN,2.5,10.0,76.07221,-145.92746,1017.6,241.6,252.0,0.0,0.0,-4.4
319.3333,1998-11-15T07:59:57.12,0.12362252136329145,2.3555555555555547,2.3555555555555547,0.11636363636361323,NaN,-32.329309090909085,0.12,-3.3,NaN,2.96,4.02,-20.58,-20.57,NaN,NaN,2.5,10.0,76.10308,-146.16304,1025.4,206.2,228.2,0.0,0.0,-3.3
320.2083,1998-11-16T04:59:57.12,1.8370895156091995,6.171428571428572,6.171428571428572,2.876631578947374,NaN,-2.9526884210526325,0.07,-9.5,NaN,3.05,4.67,-27.26,-26.04,NaN,NaN,2.5,10.0,76.11265,-146.31591,1035.6,154.8,197.6,0.0,0.0,-9.5
322.7083,1998-11-18T16:59:57.12,1.613490924825215,1.5111111111111124,1.5111111111111124,5.833846153846149,NaN,-3.737215384615384,0.06,-5.2,NaN,2.53,2.87,-29.99,-28.41,NaN,NaN,2.5,10.0,76.08339,-146.67803,1026.1,156.6,190.6,0.0,0.0,-5.2
323.125,1998-11-19T03:00:00.0,2.4554859509865934,4.693333333333335,4.693333333333335,4.765217391304352,NaN,-2.3478260869565224,0.05,-4.6,0.0,3.36,4.24,-28.8,-27.43,NaN,NaN,2.5,10.0,NaN,NaN,1023.8,164.8,194.9,0.0,0.0,-4.6
323.2083,1998-11-19T04:59:57.12,3.2957145469692963,4.053333333333335,4.053333333333335,2.50322580645161,NaN,-1.6675403225806453,0.05,-6.2,-0.4,3.36,4.12,-27.57,-26.6,NaN,NaN,2.5,10.0,NaN,NaN,1022.9,168.8,199.5,0.0,0.0,-6.2
323.5,1998-11-19T12:00:00.0,0.9672150593559811,2.9037037037037035,2.9037037037037035,1.6573584905660361,NaN,-5.706832075471698,0.09,-10.6,NaN,3.52,4.5,-27.66,-27.05,NaN,NaN,2.5,10.0,NaN,NaN,1020.2,165.6,199.7,0.0,0.0,-10.6
323.5417,1998-11-19T13:00:02.88,0.3764975310897719,1.7555555555555558,1.7555555555555558,1.2146938775510152,NaN,-14.29302857142857,0.12,-9.8,NaN,3.83,4.62,-27.02,-26.71,NaN,NaN,2.5,10.0,NaN,NaN,1019.7,175.1,203.7,0.0,0.0,-9.8
323.5833,1998-11-19T13:59:57.12,0.4925701257989659,2.159999999999999,2.159999999999999,1.2972972972973005,NaN,-11.217567567567569,0.1,-7.4,NaN,3.54,4.35,-27.67,-27.37,NaN,NaN,2.5,10.0,NaN,NaN,1019.3,172.3,202.6,0.0,0.0,-7.4
323.7083,1998-11-19T16:59:57.12,0.43981192324071466,1.2121212121212113,1.2121212121212113,1.4800000000000038,NaN,-12.5008125,0.11,-8.8,NaN,3.64,4.14,-27.55,-27.18,NaN,NaN,2.5,10.0,NaN,NaN,1017.6,169.7,202.0,0.0,0.0,-8.8
323.75,1998-11-19T18:00:00.0,0.308657164398816,0.5538461538461548,0.5538461538461548,1.223529411764709,NaN,-17.685850000000002,0.13,-10.2,NaN,3.84,4.11,-27.37,-27.07,NaN,NaN,2.5,10.0,NaN,NaN,1017.4,172.3,203.1,0.0,0.0,-10.2
323.9167,1998-11-19T22:00:02.88,0.19993448629906135,1.7623188405797094,1.7623188405797094,0.1599999999999966,NaN,-25.610212500000003,0.115,-4.6,NaN,5.08,5.84,-25.82,-25.8,NaN,NaN,2.5,10.0,NaN,NaN,1015.7,188.6,210.4,0.0,0.0,-4.6
326.875,1998-11-22T21:00:00.0,0.255917559968005,1.394871794871796,1.394871794871796,0.09454545454546932,NaN,-12.927347727272727,0.13,-8.8,NaN,5.02,5.7,-17.26,-17.24,NaN,NaN,2.5,10.0,76.20152,-147.35944,1001.1,223.7,239.1,0.0,0.0,-8.8
326.9583,1998-11-22T22:59:57.12,0.09370532452686361,1.1607843137254905,1.1607843137254905,0.2266666666666753,NaN,-35.74207500000001,0.17,-7.2,1.1,5.66,6.4,-17.46,-17.43,NaN,NaN,2.5,10.0,76.20653,-147.37777,1000.6,222.5,238.3,0.0,0.0,-7.2
327.9167,1998-11-23T22:00:02.88,0.02937251680970275,0.829629629629629,0.829629629629629,-0.6400000000000242,NaN,-99.98639999999997,0.18,-2.7,NaN,5.21,5.77,-15.43,-15.46,NaN,NaN,2.5,10.0,76.23742,-147.7462,991.0,243.7,248.0,0.0,0.0,-2.7
327.9583,1998-11-23T22:59:57.12,0.02138518030499739,0.9866666666666669,0.9866666666666669,-0.711111111111138,NaN,-134.22222222222226,0.2,-2.7,NaN,5.52,6.26,-15.1,-15.13,NaN,NaN,2.5,10.0,76.2394,-147.75796,990.6,248.1,249.6,0.0,0.0,-2.7
328.0,1998-11-24T00:00:00.0,0.03657099565049753,0.990476190476191,0.990476190476191,-0.3612903225806695,NaN,-75.41159274193545,0.175,-3.1,-0.1,4.83,5.48,-14.54,-14.56,NaN,NaN,2.5,10.0,76.24165,-147.76876,990.7,249.6,251.6,0.0,0.0,-3.1
328.0417,1998-11-24T01:00:02.88,0.06440297032863783,1.2043010752688175,1.2043010752688175,0.0,NaN,-41.42320953947368,0.155,-3.8,NaN,4.51,5.21,-14.09,-14.09,NaN,NaN,2.5,10.0,76.24343,-147.77974,990.5,248.7,252.5,0.0,0.0,-3.8
328.0833,1998-11-24T01:59:57.12,0.10618875600359448,1.271794871794872,1.271794871794872,0.33729729729729013,NaN,-24.68952972972973,0.13,-3.7,0.3,4.1,4.72,-13.86,-13.83,NaN,NaN,2.5,10.0,76.24535,-147.79078,990.6,248.4,252.7,0.0,0.0,-3.7
328.125,1998-11-24T03:00:00.0,0.1797565795595157,1.3575757575757568,1.3575757575757568,0.37052631578948225,NaN,-14.175149999999999,0.11,-3.8,0.2,3.46,4.02,-13.49,-13.45,NaN,NaN,2.5,10.0,76.24682,-147.80054,990.9,249.5,254.3,0.0,0.0,-3.8
328.1667,1998-11-24T04:00:02.88,0.20137017935493803,1.4666666666666675,1.4666666666666675,0.5999999999999872,NaN,-12.525,0.1,-3.2,0.1,3.09,3.64,-13.36,-13.3,NaN,NaN,2.5,10.0,76.24829,-147.81026,991.2,249.7,254.2,0.0,0.0,-3.2
328.2083,1998-11-24T04:59:57.12,0.7572793949460553,2.3111111111111113,2.3111111111111113,0.8123076923076882,NaN,-3.319753846153846,0.06,-2.6,0.2,2.58,3.1,-13.32,-13.21,NaN,NaN,2.5,10.0,76.24949,-147.81694,991.3,248.4,253.8,0.0,0.0,-2.6
328.4167,1998-11-24T10:00:02.88,0.3288302008641754,2.2888888888888888,2.2888888888888888,1.6331034482758664,NaN,-13.704827586206898,0.12,-8.7,NaN,3.72,4.75,-23.0,-22.63,NaN,NaN,2.5,10.0,76.25277,-147.83382,993.9,183.0,217.4,0.0,0.0,-8.7
328.4583,1998-11-24T10:59:57.12,0.5113561251263162,2.9777777777777774,2.9777777777777774,2.2065671641791034,NaN,-9.899892537313432,0.12,-13.4,NaN,3.41,4.75,-25.59,-24.82,NaN,NaN,2.5,10.0,76.2532,-147.83165,994.5,163.8,206.3,0.0,0.0,-13.4
328.5,1998-11-24T12:00:00.0,0.5053340346476234,2.7777777777777777,2.7777777777777777,2.530909090909094,NaN,-10.379781818181817,0.12,-13.2,NaN,3.21,4.46,-26.43,-25.56,NaN,NaN,2.5,10.0,76.2535,-147.82728,995.0,164.8,203.1,0.0,0.0,-13.2
328.5417,1998-11-24T13:00:02.88,1.2634284212044113,2.729411764705881,2.729411764705881,2.627008547008553,NaN,-4.278404166666668,0.085,-11.7,-0.3,3.73,4.6,-27.17,-26.04,NaN,NaN,2.5,10.0,76.25388,-147.82114,995.8,160.3,199.5,0.0,0.0,-11.7
328.5833,1998-11-24T13:59:57.12,0.3632982629410174,1.5238095238095235,1.5238095238095235,1.5829333333333262,NaN,-15.037120000000003,0.14,-15.0,NaN,4.37,5.17,-27.4,-26.87,NaN,NaN,2.5,10.0,76.25393,-147.81481,996.5,160.6,200.3,0.0,0.0,-15.0
328.625,1998-11-24T15:00:00.0,0.4905399202409051,1.8346666666666673,1.8346666666666673,1.6111111111111063,NaN,-11.271158854166666,0.125,-14.4,NaN,4.12,4.98,-27.7,-27.12,NaN,NaN,2.5,10.0,76.25403,-147.80832,997.1,158.0,198.8,0.0,0.0,-14.4
328.6667,1998-11-24T16:00:02.88,0.3581881693917581,1.1692307692307697,1.1692307692307697,1.37491525423729,NaN,-15.740201694915251,0.13,-11.8,NaN,3.63,4.2,-28.18,-27.79,NaN,NaN,2.5,10.0,76.25409,-147.80211,997.9,160.7,198.2,0.0,0.0,-11.8
328.7083,1998-11-24T16:59:57.12,0.6404777762613519,1.3754385964912288,1.3754385964912288,2.001951219512192,NaN,-9.18123155487805,0.095,-8.2,NaN,3.21,3.7,-29.27,-28.73,NaN,NaN,2.5,10.0,76.25418,-147.79637,998.6,163.0,195.3,0.0,0.0,-8.2
328.75,1998-11-24T18:00:00.0,0.5235329132371354,1.2266666666666666,1.2266666666666666,1.7641025641025634,NaN,-11.450000000000003,0.1,-7.8,NaN,3.02,3.48,-29.77,-29.34,NaN,NaN,2.5,10.0,76.25424,-147.79098,NaN,163.0,194.6,0.0,0.0,-7.8
328.8333,1998-11-24T19:59:57.12,1.2577472585490965,2.0952380952380962,2.0952380952380962,2.415000000000004,NaN,-4.9745718750000005,0.07,-6.4,-0.3,3.05,3.6,-30.94,-30.25,NaN,NaN,2.5,10.0,76.25423,-147.78328,1000.5,164.7,190.9,0.0,0.0,-6.4
328.875,1998-11-24T21:00:00.0,1.153983559657474,2.543589743589742,2.543589743589742,2.3897872340425654,NaN,-5.423551595744682,0.065,-4.7,NaN,2.95,3.57,-30.94,-30.4,NaN,NaN,2.5,10.0,76.25438,-147.78092,1001.3,168.1,192.1,0.0,0.0,-4.7
328.9583,1998-11-24T22:59:57.12,1.8688290775727343,4.5538461538461545,4.5538461538461545,2.9284210526315793,NaN,-3.422333388157895,0.065,-7.6,-0.4,2.59,3.7,-31.57,-30.5,NaN,NaN,2.5,10.0,76.25533,-147.7737,1002.3,158.1,188.0,0.0,0.0,-7.6
330.0833,1998-11-26T01:59:57.12,3.896226225218878,7.786666666666666,7.786666666666666,6.681081081081081,NaN,-1.33125,0.05,-7.4,NaN,2.14,3.6,-26.27,-23.18,NaN,NaN,2.5,10.0,76.265,-147.6774,1008.5,190.1,204.7,0.0,0.0,-7.4
330.125,1998-11-26T03:00:00.0,0.7750724656374759,4.237037037037037,4.237037037037037,3.449302325581387,NaN,-6.309240697674418,0.09,-8.6,NaN,2.42,3.85,-24.81,-23.78,NaN,NaN,2.5,10.0,76.26455,-147.67899,1008.2,199.5,211.7,0.0,0.0,-8.6
330.1667,1998-11-26T04:00:02.88,0.2799462680864864,2.3333333333333344,2.3333333333333344,1.9718918918918866,NaN,-16.273556756756754,0.12,-7.4,NaN,2.63,3.68,-23.23,-22.85,NaN,NaN,2.5,10.0,76.26387,-147.68065,1008.0,204.1,217.1,0.0,0.0,-7.4
330.2083,1998-11-26T04:59:57.12,0.33239077400754063,2.511111111111111,2.511111111111111,1.8327272727272645,NaN,-13.466618181818179,0.12,-8.8,NaN,2.62,3.75,-22.86,-22.44,NaN,NaN,2.5,10.0,76.26284,-147.68261,1007.5,202.7,217.0,0.0,0.0,-8.8
330.25,1998-11-26T06:00:00.0,0.12336394884887877,1.493333333333334,1.493333333333334,0.9749999999999923,NaN,-34.630664062499996,0.15,-6.4,NaN,3.15,3.99,-21.89,-21.76,NaN,NaN,2.5,10.0,76.26122,-147.68369,1007.1,215.4,223.5,0.0,0.0,-6.4
330.2917,1998-11-26T07:00:02.88,0.05185126456830255,1.093333333333333,1.093333333333333,0.3999999999999914,NaN,-78.41250000000001,0.2,-6.4,NaN,3.78,4.6,-20.91,-20.87,NaN,NaN,2.5,10.0,76.25887,-147.68708,1006.7,220.7,227.7,0.0,0.0,-6.4
330.3333,1998-11-26T07:59:57.12,0.028509315929565533,0.921212121212121,0.921212121212121,0.0,NaN,-135.99988085106384,0.22,-4.7,NaN,4.74,5.5,-20.01,-20.01,NaN,NaN,2.5,10.0,76.25606,-147.6912,1006.4,223.9,231.0,0.0,0.0,-4.7
330.375,1998-11-26T09:00:00.0,0.023595674479919677,0.7999999999999995,0.7999999999999995,0.0,NaN,-161.4006,0.27,-7.2,NaN,5.46,6.27,-19.68,-19.68,NaN,NaN,2.5,10.0,76.25253,-147.69642,1006.1,223.4,232.0,0.0,0.0,-7.2
330.4167,1998-11-26T10:00:02.88,0.01480022653495712,0.8000000000000002,0.8000000000000002,-0.1657142857143116,NaN,-254.64729107142855,0.29,-5.6,NaN,5.87,6.74,-19.49,-19.5,NaN,NaN,2.5,10.0,76.24893,-147.70364,1005.7,224.4,232.3,0.0,0.0,-5.6
330.4583,1998-11-26T10:59:57.12,0.018499046573094046,0.8285714285714286,0.8285714285714286,0.0,NaN,-203.84000000000006,0.28,-6.3,NaN,6.17,7.04,-19.5,-19.5,NaN,NaN,2.5,10.0,76.2448,-147.70871,1005.0,222.2,231.6,0.0,0.0,-6.3
330.5,1998-11-26T12:00:00.0,0.01276484595748722,0.7741935483870972,0.7741935483870972,-0.3362711864406708,NaN,-294.93089999999995,0.31,-5.9,NaN,6.81,7.71,-19.47,-19.49,NaN,NaN,2.5,10.0,76.2402,-147.71397,1004.3,223.7,232.5,0.0,0.0,-5.9
330.5417,1998-11-26T13:00:02.88,0.00766877486700094,0.7695238095238093,0.7695238095238093,-0.6588235294117117,NaN,-492.55808823529406,0.35,-5.1,NaN,7.43,8.44,-19.53,-19.56,NaN,NaN,2.5,10.0,76.23523,-147.71835,1003.8,224.6,233.0,0.0,0.0,-5.1
330.5833,1998-11-26T13:59:57.12,0.00770819260995969,0.8235294117647064,0.8235294117647064,-0.6944680851064094,NaN,-488.9584851063831,0.34,-4.7,NaN,7.1,8.15,-19.49,-19.52,NaN,NaN,2.5,10.0,76.23062,-147.72168,1003.3,225.2,233.5,0.0,0.0,-4.7
330.625,1998-11-26T15:00:00.0,0.0030388125348589064,0.7925925925925921,0.7925925925925921,-2.6181818181816694,NaN,-1235.535709090909,0.36,-2.2,NaN,7.29,8.36,-19.42,-19.47,NaN,NaN,2.5,10.0,76.22597,-147.72395,1002.8,227.9,234.1,0.0,0.0,-2.2
330.6667,1998-11-26T16:00:02.88,0.00609785629499961,0.856565656565657,0.856565656565657,-0.31058823529416624,NaN,-617.3765205882353,0.33,-3.4,NaN,6.99,8.05,-19.47,-19.48,NaN,NaN,2.5,10.0,76.22166,-147.72448,1002.2,219.6,233.2,0.0,0.0,-3.4
330.7083,1998-11-26T16:59:57.12,0.02720915692461856,0.9481481481481481,0.9481481481481481,0.41638554216870277,NaN,-140.72159277108437,0.27,-8.3,NaN,6.36,7.32,-19.78,-19.74,NaN,NaN,2.5,10.0,76.21777,-147.72339,1002.2,204.0,229.4,0.0,0.0,-8.3
330.75,1998-11-26T18:00:00.0,0.06622068054891032,1.1393939393939398,1.1393939393939398,0.968807339449555,NaN,-60.01955229357798,0.22,-10.9,NaN,5.31,6.25,-20.48,-20.33,NaN,NaN,2.5,10.0,76.21442,-147.72261,1002.4,189.5,224.3,0.0,0.0,-10.9
330.7917,1998-11-26T19:00:02.88,0.22992081273115883,1.7411764705882358,1.7411764705882358,1.1255172413793086,NaN,-18.19504137931035,0.17,-17.4,NaN,4.56,5.67,-21.48,-21.12,NaN,NaN,2.5,10.0,76.21154,-147.72156,1002.4,184.2,218.8,0.0,0.0,-17.4
330.8333,1998-11-26T19:59:57.12,0.11923151741608924,1.2825396825396822,1.2825396825396822,0.7905882352941289,NaN,-35.18635235294117,0.21,-17.0,NaN,4.9,5.91,-21.53,-21.33,NaN,NaN,2.5,10.0,76.20907,-147.71915,1002.5,185.8,219.9,0.0,0.0,-17.0
330.875,1998-11-26T21:00:00.0,0.1722655580031952,1.568627450980392,1.568627450980392,0.836923076923074,NaN,-25.0676376923077,0.17,-13.0,NaN,4.56,5.56,-22.11,-21.91,NaN,NaN,2.5,10.0,76.2067,-147.71594,1002.7,190.8,218.4,0.0,0.0,-13.0
330.9167,1998-11-26T22:00:02.88,0.11307653646961088,1.3052631578947365,1.3052631578947365,0.7152941176470616,NaN,-38.66401008403361,0.19,-11.9,NaN,4.66,5.59,-22.36,-22.22,NaN,NaN,2.5,10.0,76.20458,-147.71291,1003.1,191.9,218.6,0.0,0.0,-11.9
330.9583,1998-11-26T22:59:57.12,0.18020273503099823,1.5719298245614037,1.5719298245614037,1.0294179894179905,NaN,-25.3674126984127,0.19,-18.9,NaN,4.86,5.98,-23.3,-22.98,NaN,NaN,2.5,10.0,76.20278,-147.71138,1003.1,169.0,211.6,0.0,0.0,-18.9
331.0417,1998-11-27T01:00:02.88,0.20503521338710654,1.9833333333333325,1.9833333333333325,1.4800000000000038,NaN,-23.174400000000002,0.16,-12.8,NaN,4.44,5.63,-24.14,-23.77,NaN,NaN,2.5,10.0,76.20019,-147.70864,1003.3,168.4,208.8,0.0,0.0,-12.8
331.0833,1998-11-27T01:59:57.12,1.339366732537506,5.399999999999999,5.399999999999999,2.5599999999999983,NaN,-3.7971692307692315,0.08,-10.4,NaN,3.48,5.1,-25.71,-24.67,NaN,NaN,2.5,10.0,76.19872,-147.7084,1003.6,155.3,199.4,0.0,0.0,-10.4
331.125,1998-11-27T03:00:00.0,0.7623318161631333,2.192592592592591,2.192592592592591,3.222857142857135,NaN,-6.896860714285713,0.09,-8.4,NaN,4.53,5.27,-26.49,-25.55,NaN,NaN,2.5,10.0,76.19722,-147.70822,1003.8,154.8,197.3,0.0,0.0,-8.4
331.1667,1998-11-27T04:00:02.88,0.3340985762842514,2.6864197530864202,2.6864197530864202,1.8812903225806548,NaN,-15.940848991935486,0.135,-12.4,NaN,4.21,5.57,-26.78,-26.24,NaN,NaN,2.5,10.0,76.19576,-147.7074,1003.6,170.2,200.9,0.0,0.0,-12.4
331.2083,1998-11-27T04:59:57.12,0.3003669420906701,2.24367816091954,2.24367816091954,1.4794202898550646,NaN,-17.87422092391304,0.145,-13.8,-0.6,4.34,5.56,-26.97,-26.53,NaN,NaN,2.5,10.0,76.19383,-147.70642,1003.6,157.9,199.0,0.0,0.0,-13.8
331.25,1998-11-27T06:00:00.0,0.33936116247076514,2.533333333333333,2.533333333333333,1.53599999999999,NaN,-16.21704,0.14,-14.0,NaN,4.13,5.46,-27.58,-27.1,NaN,NaN,2.5,10.0,76.19206,-147.70494,1003.4,163.8,198.3,0.0,0.0,-14.0
331.2917,1998-11-27T07:00:02.88,0.21458243028464102,2.1155555555555563,2.1155555555555563,1.1449541284403582,NaN,-25.266055045871557,0.15,-10.9,-0.9,4.25,5.44,-27.2,-26.94,NaN,NaN,2.5,10.0,76.18973,-147.7039,1002.8,176.0,202.1,0.0,0.0,-10.9
331.3333,1998-11-27T07:59:57.12,0.14236781023741224,1.6380952380952385,1.6380952380952385,0.45559322033897337,NaN,-36.62542372881357,0.14,-5.9,NaN,3.84,4.7,-26.25,-26.19,NaN,NaN,2.5,10.0,76.18741,-147.70542,1003.2,198.0,208.7,0.0,0.0,-5.9
331.625,1998-11-27T15:00:00.0,0.026604842028549878,1.2799999999999998,1.2799999999999998,-1.0181818181817963,NaN,-152.44985795454542,0.175,-2.2,NaN,4.41,5.25,-20.86,-20.9,NaN,NaN,2.5,10.0,76.17233,-147.71071,1001.8,221.9,228.4,0.0,0.0,-2.2
331.6667,1998-11-27T16:00:02.88,0.026451243762268907,1.1368421052631588,1.1368421052631588,-0.43428571428570506,NaN,-152.9312035714286,0.19,-2.8,0.7,4.63,5.44,-20.81,-20.83,NaN,NaN,2.5,10.0,76.17025,-147.70958,1001.7,216.2,227.6,0.0,0.0,-2.8
331.7083,1998-11-27T16:59:57.12,0.11869047994414623,1.7204301075268817,1.7204301075268817,0.6564705882352933,NaN,-35.5684825367647,0.155,-6.8,1.0,4.18,5.18,-21.65,-21.56,NaN,NaN,2.5,10.0,76.16835,-147.70646,1001.6,197.0,221.4,0.0,0.0,-6.8
331.75,1998-11-27T18:00:00.0,0.2281599780075465,2.1677419354838725,2.1677419354838725,1.488000000000002,NaN,-19.919866730769233,0.155,-13.0,NaN,4.06,5.32,-23.18,-22.79,NaN,NaN,2.5,10.0,76.1667,-147.70313,1001.5,170.6,211.6,0.0,0.0,-13.0
331.7917,1998-11-27T19:00:02.88,0.307806419038172,2.488888888888888,2.488888888888888,1.458227848101267,NaN,-15.841139240506326,0.15,-15.8,NaN,4.45,5.85,-24.72,-24.24,NaN,NaN,2.5,10.0,76.16517,-147.69919,1001.5,166.3,206.3,0.0,0.0,-15.8
331.8333,1998-11-27T19:59:57.12,0.23560393321673223,2.164705882352941,2.164705882352941,1.2981818181818234,NaN,-20.735093181818186,0.17,-17.6,NaN,4.67,6.05,-24.76,-24.34,NaN,NaN,2.5,10.0,76.16332,-147.69486,1001.5,167.2,206.9,0.0,0.0,-17.6
331.875,1998-11-27T21:00:00.0,0.19168745982220584,1.852631578947369,1.852631578947369,1.1551999999999971,NaN,-25.3405755,0.19,-20.0,-5.7,5.01,6.33,-24.63,-24.25,NaN,NaN,2.5,10.0,76.16131,-147.6891,1001.5,161.1,206.1,0.0,0.0,-20.0
331.9167,1998-11-27T22:00:02.88,0.21736984927956915,1.866666666666667,1.866666666666667,1.2088888888888871,NaN,-23.02741296296297,0.17,-16.2,NaN,4.76,5.95,-25.31,-24.95,NaN,NaN,2.5,10.0,76.15918,-147.68393,1001.5,176.0,206.4,0.0,0.0,-16.2
332.0,1998-11-28T00:00:00.0,0.14446211388612154,1.2666666666666664,1.2666666666666664,1.0355056179775264,NaN,-37.720017977528094,0.16,-8.9,NaN,5.24,6.0,-27.32,-27.14,NaN,NaN,2.5,10.0,76.15496,-147.67054,1001.3,155.7,199.6,0.0,0.0,-8.9
332.0833,1998-11-28T01:59:57.12,0.17205535273172173,1.1764705882352942,1.1764705882352942,1.2088888888888787,NaN,-34.60155714285715,0.17,-12.6,-0.6,5.06,5.81,-29.58,-29.3,NaN,NaN,2.5,10.0,76.15056,-147.65668,1001.5,147.8,191.3,0.0,0.0,-12.6
332.125,1998-11-28T03:00:00.0,0.7400320948031107,2.0,2.0,1.1636363636363596,NaN,-8.26909090909091,0.1,-11.0,-0.3,4.61,5.36,-30.32,-29.92,NaN,NaN,2.5,10.0,76.14836,-147.64992,1001.6,146.6,188.9,0.0,0.0,-11.0
332.1667,1998-11-28T04:00:02.88,0.3049627062228697,1.4285714285714286,1.4285714285714286,1.3367741935483781,NaN,-20.619832258064516,0.14,-12.4,-0.4,4.88,5.63,-31.06,-30.69,NaN,NaN,2.5,10.0,76.14622,-147.64249,1001.3,145.5,186.9,0.0,0.0,-12.4
332.2083,1998-11-28T04:59:57.12,1.0190116640715443,2.0148148148148164,2.0148148148148164,1.0210909090909013,NaN,-6.211079999999998,0.09,-11.0,-0.3,4.26,4.94,-31.24,-30.85,NaN,NaN,2.5,10.0,76.1439,-147.6351,1001.4,144.8,185.8,0.0,0.0,-11.0
332.3333,1998-11-28T07:59:57.12,0.357920350285622,1.4358974358974361,1.4358974358974361,1.3627586206896516,NaN,-18.267297413793106,0.13,-11.6,-0.2,4.62,5.32,-32.15,-31.77,NaN,NaN,2.5,10.0,76.13762,-147.61062,1001.6,143.8,182.9,0.0,0.0,-11.6
332.375,1998-11-28T09:00:00.0,2.731517967010937,3.466666666666668,3.466666666666668,0.9268965517241418,NaN,-2.4035586206896555,0.06,-8.7,-0.2,4.59,5.37,-32.27,-31.85,NaN,NaN,2.5,10.0,76.13561,-147.60132,1001.7,145.4,183.7,0.0,0.0,-8.7
332.4167,1998-11-28T10:00:02.88,3.476267596860596,3.4133333333333313,3.4133333333333313,1.3499999999999976,NaN,-1.9107421875,0.05,-6.4,-0.1,4.0,4.64,-32.61,-32.07,NaN,NaN,2.5,10.0,76.13364,-147.5932,1002.0,148.8,183.0,0.0,0.0,-6.4
332.4583,1998-11-28T10:59:57.12,0.3257481224925281,1.4222222222222216,1.4222222222222216,1.6192771084337412,NaN,-20.136404819277107,0.12,-8.3,-0.2,4.17,4.81,-32.24,-31.89,NaN,NaN,2.5,10.0,76.13176,-147.58532,1001.8,151.8,183.9,0.0,0.0,-8.3
332.5833,1998-11-28T13:59:57.12,0.38853994156829563,1.5272727272727273,1.5272727272727273,1.7600000000000118,NaN,-17.36955,0.11,-7.6,-0.1,4.01,4.64,-33.06,-32.68,NaN,NaN,2.5,10.0,76.1275,-147.56712,1002.1,143.4,180.6,0.0,0.0,-7.6
332.625,1998-11-28T15:00:00.0,0.41467128842425705,1.3575757575757579,1.3575757575757579,1.7382716049382654,NaN,-16.46496296296296,0.11,-8.1,-0.1,3.56,4.12,-33.4,-33.0,NaN,NaN,2.5,10.0,76.12654,-147.56231,1002.3,143.9,179.3,0.0,0.0,-8.1
332.6667,1998-11-28T16:00:02.88,0.523963654570952,1.8370370370370372,1.8370370370370372,2.21142857142857,NaN,-13.145432142857143,0.09,-5.6,-0.1,3.92,4.54,-33.66,-33.23,NaN,NaN,2.5,10.0,76.12536,-147.55826,1002.4,144.5,179.2,0.0,0.0,-5.6
332.7083,1998-11-28T16:59:57.12,0.8553995721602935,2.0952380952380962,2.0952380952380962,2.187906976744195,NaN,-8.074060465116283,0.07,-4.3,0.0,3.3,3.85,-33.74,-33.32,NaN,NaN,2.5,10.0,76.12476,-147.55399,1002.7,149.6,179.6,0.0,0.0,-4.3
333.7083,1998-11-29T16:59:57.12,0.013054243347756596,0.6779661016949146,0.6779661016949146,-1.0892307692307461,NaN,-287.77744975961537,0.295,-5.2,NaN,7.69,8.44,-19.43,-19.49,NaN,NaN,2.5,10.0,76.13164,-147.74647,995.9,235.9,234.3,0.0,0.0,-5.2
333.75,1998-11-29T18:00:00.0,0.018630744692444544,0.7849056603773586,0.7849056603773586,-0.942222222222258,NaN,-190.95542986111113,0.265,-5.4,NaN,7.16,7.94,-18.47,-18.53,NaN,NaN,2.5,10.0,76.13266,-147.7619,995.0,236.2,237.3,0.0,0.0,-5.4
333.7917,1998-11-29T19:00:02.88,0.014663988295931015,0.8098765432098767,0.8098765432098767,-1.1519999999999757,NaN,-238.95162000000002,0.27,-4.5,NaN,7.14,7.96,-18.21,-18.27,NaN,NaN,2.5,10.0,76.13378,-147.77714,994.5,235.0,238.5,0.0,0.0,-4.5
333.8333,1998-11-29T19:59:57.12,0.010429361566332713,0.7209876543209871,0.7209876543209871,-1.6199999999999657,NaN,-336.7638281249999,0.27,-3.2,-2.0,7.15,7.88,-18.25,-18.31,NaN,NaN,2.5,10.0,76.13508,-147.78958,993.9,236.2,238.2,0.0,0.0,-3.2
333.875,1998-11-29T21:00:00.0,0.011493488153146084,0.7680000000000007,0.7680000000000007,-2.285714285714237,NaN,-304.52008928571433,0.25,-2.8,-0.9,6.64,7.36,-18.19,-18.27,NaN,NaN,2.5,10.0,76.13612,-147.80319,993.2,235.5,238.3,0.0,0.0,-2.8
333.9167,1998-11-29T22:00:02.88,0.009274825081904367,0.7,0.7,-3.0719999999999343,NaN,-374.69951999999995,0.24,-2.0,-0.8,6.43,7.06,-18.07,-18.15,NaN,NaN,2.5,10.0,76.13684,-147.81551,992.4,237.1,239.0,0.0,0.0,-2.0
333.9583,1998-11-29T22:59:57.12,0.020607696408802965,0.7813953488372093,0.7813953488372093,-1.2899999999999725,NaN,-164.54222109374996,0.215,-3.2,-0.8,6.13,6.76,-17.66,-17.72,NaN,NaN,2.5,10.0,76.13757,-147.82747,991.4,238.3,240.2,0.0,0.0,-3.2
334.0417,1998-11-30T01:00:02.88,0.028930243211777226,0.9523809523809524,0.9523809523809524,-0.8000000000000114,NaN,-111.26429999999998,0.21,-4.2,-0.2,5.82,6.57,-16.82,-16.87,NaN,NaN,2.5,10.0,76.13876,-147.84891,989.5,238.1,242.6,0.0,0.0,-4.2
334.0833,1998-11-30T01:59:57.12,0.11340212889088298,1.2622222222222221,1.2622222222222221,0.4000000000000057,NaN,-28.45124999999999,0.15,-6.0,0.5,4.99,5.7,-16.86,-16.81,NaN,NaN,2.5,10.0,76.13935,-147.85558,988.8,228.2,240.3,0.0,0.0,-6.0
334.125,1998-11-30T03:00:00.0,0.2870155454563186,1.8933333333333333,1.8933333333333333,0.639999999999999,NaN,-11.233333333333336,0.1,-4.5,NaN,3.34,4.05,-16.85,-16.76,NaN,NaN,2.5,10.0,76.14034,-147.85852,988.3,234.6,240.7,0.0,0.0,-4.5
334.4167,1998-11-30T10:00:02.88,0.11371890320962308,1.2698412698412698,1.2698412698412698,1.2256603773584869,NaN,-46.217632075471684,0.21,-15.9,NaN,5.24,6.24,-26.45,-26.16,NaN,NaN,2.5,10.0,76.15254,-147.78238,990.9,153.6,200.4,0.0,0.0,-15.9
334.4583,1998-11-30T10:59:57.12,0.203754063113882,1.3473684210526318,1.3473684210526318,0.9797156398104261,NaN,-25.813895260663504,0.19,-21.1,NaN,6.21,7.17,-26.47,-26.13,NaN,NaN,2.5,10.0,76.15372,-147.7637,991.8,153.1,200.9,0.0,0.0,-21.1
334.5,1998-11-30T12:00:00.0,0.1953797281951902,1.3614035087719296,1.3614035087719296,0.9631683168316841,NaN,-27.361298019801982,0.19,-20.2,-1.6,6.19,7.16,-26.86,-26.54,NaN,NaN,2.5,10.0,76.15456,-147.74335,992.8,150.9,200.1,0.0,0.0,-20.2
334.5417,1998-11-30T13:00:02.88,0.13570306012475555,1.0793650793650789,1.0793650793650789,0.7466666666666698,NaN,-40.2339,0.21,-18.9,NaN,6.7,7.55,-27.37,-27.16,NaN,NaN,2.5,10.0,76.1549,-147.72107,994.0,148.6,198.9,0.0,0.0,-18.9
334.5833,1998-11-30T13:59:57.12,0.06674678511685157,0.9391304347826082,0.9391304347826082,0.48262295081968337,NaN,-82.4862762295082,0.23,-12.2,NaN,6.94,7.75,-27.57,-27.49,NaN,NaN,2.5,10.0,76.15514,-147.69668,995.4,146.7,199.4,0.0,0.0,-12.2
334.625,1998-11-30T15:00:00.0,0.0704473420816187,0.8307692307692313,0.8307692307692313,0.2683870967741878,NaN,-78.15650322580645,0.26,-18.6,-1.2,6.39,7.2,-27.57,-27.51,NaN,NaN,2.5,10.0,76.15513,-147.67282,996.4,146.5,199.2,0.0,0.0,-18.6
334.6667,1998-11-30T16:00:02.88,0.06862172905145178,0.8052287581699351,0.8052287581699351,0.4294736842105256,NaN,-79.93968157894736,0.255,-17.1,-1.2,6.39,7.16,-27.48,-27.39,NaN,NaN,2.5,10.0,76.15465,-147.64853,997.5,146.3,198.0,0.0,0.0,-17.1
334.7083,1998-11-30T16:59:57.12,0.13025843752016616,0.9543859649122804,0.9543859649122804,0.5444776119402869,NaN,-42.98136044776119,0.19,-13.4,-0.4,5.84,6.52,-27.99,-27.87,NaN,NaN,2.5,10.0,76.15387,-147.62606,998.8,145.0,196.0,0.0,0.0,-13.4
334.75,1998-11-30T18:00:00.0,0.12101127680774479,0.8634920634920632,0.8634920634920632,0.5600000000000023,NaN,-46.50344999999999,0.21,-16.8,-0.9,5.7,6.38,-28.12,-27.98,NaN,NaN,2.5,10.0,76.1528,-147.60379,1000.0,143.8,194.7,0.0,0.0,-16.8
334.7917,1998-11-30T19:00:02.88,0.09635124714553447,0.9391304347826082,0.9391304347826082,0.6272727272727362,NaN,-57.57203181818181,0.23,-17.6,-0.7,6.66,7.47,-27.76,-27.61,NaN,NaN,2.5,10.0,76.15164,-147.58055,1001.1,141.6,196.0,0.0,0.0,-17.6
334.8333,1998-11-30T19:59:57.12,0.2531560470156506,1.1166666666666665,1.1166666666666665,0.726709677419351,NaN,-22.879463225806454,0.16,-15.5,NaN,5.38,6.05,-28.86,-28.64,NaN,NaN,2.5,10.0,76.15037,-147.56047,1002.6,139.8,192.0,0.0,0.0,-15.5
334.875,1998-11-30T21:00:00.0,0.29815635428633963,1.1555555555555548,1.1555555555555548,0.7680000000000062,NaN,-19.946250000000003,0.15,-15.0,NaN,5.2,5.85,-29.55,-29.31,NaN,NaN,2.5,10.0,76.14948,-147.54034,1004.2,137.6,189.5,0.0,0.0,-15.0
334.9583,1998-11-30T22:59:57.12,0.13590586744761968,0.7746031746031751,0.7746031746031751,0.7905882352941135,NaN,-45.076803208556136,0.21,-18.7,-0.6,4.52,5.13,-30.34,-30.12,NaN,NaN,2.5,10.0,76.14777,-147.50568,1006.5,137.5,188.2,0.0,0.0,-18.7
335.2083,1998-12-01T04:59:57.12,0.4502174515341072,0.7809523809523812,0.7809523809523812,1.1323076923076945,NaN,-14.704523076923081,0.14,-18.2,NaN,3.04,3.45,-32.51,-32.05,NaN,NaN,2.5,10.0,NaN,NaN,1012.3,129.2,177.3,0.0,0.0,-18.2
335.25,1998-12-01T06:00:00.0,3.2171085542771385,3.626666666666665,3.626666666666665,1.7898305084745862,NaN,-2.1355932203389836,0.05,-5.9,0.0,2.83,3.51,-33.6,-32.94,NaN,NaN,2.5,10.0,76.14152,-147.42073,1013.3,128.2,172.8,0.0,0.0,-5.9
335.375,1998-12-01T09:00:00.0,0.6164344245259464,3.5151515151515147,3.5151515151515147,2.9920000000000093,NaN,-11.4898575,0.11,-12.0,-0.1,3.56,5.01,-34.53,-33.51,NaN,NaN,2.5,10.0,76.14059,-147.40093,1015.0,129.1,172.1,0.0,0.0,-12.0
335.8333,1998-12-01T19:59:57.12,1.496179456761477,7.854545454545453,7.854545454545453,7.577777777777763,NaN,-5.195059374999999,0.055,-3.6,-0.1,2.4,4.02,-37.47,-35.92,NaN,NaN,2.5,10.0,76.14362,-147.40867,1016.6,151.6,169.1,0.0,0.0,-3.6
335.875,1998-12-01T21:00:00.0,0.18254394573240795,1.6919540229885057,1.6919540229885057,2.1195061728394915,NaN,-39.92569629629629,0.145,-8.1,-0.1,3.12,4.04,-35.36,-34.99,NaN,NaN,2.5,10.0,76.14367,-147.41355,1016.5,158.7,176.5,0.0,0.0,-8.1
336.0833,1998-12-02T01:59:57.12,0.004987690927893548,0.7022222222222223,0.7022222222222223,-3.8400000000000882,NaN,-1226.745,0.3,-2.0,0.5,6.24,7.03,-30.29,-30.37,NaN,NaN,2.5,10.0,76.13684,-147.47234,1014.7,191.2,196.9,0.0,0.0,-2.0
336.125,1998-12-02T03:00:00.0,0.0037129857189197577,0.5333333333333334,0.5333333333333334,-3.80571428571428,NaN,-1611.308110714286,0.37,-2.8,0.5,6.54,7.28,-29.69,-29.78,NaN,NaN,2.5,10.0,76.13451,-147.48879,1014.0,194.1,199.7,0.0,0.0,-2.8
336.2083,1998-12-02T04:59:57.12,0.005854818907305094,0.4733333333333327,0.4733333333333327,-1.8285714285713897,NaN,-986.0571428571432,0.4,-5.6,1.7,7.57,8.28,-28.76,-28.84,NaN,NaN,2.5,10.0,76.12957,-147.52274,1012.4,196.1,202.0,0.0,0.0,-5.6
336.25,1998-12-02T06:00:00.0,0.0017003818124539918,0.48644688644688644,0.48644688644688644,-7.279999999999846,NaN,-3308.647671875001,0.455,-2.4,2.3,8.61,9.44,-28.1,-28.22,NaN,NaN,2.5,10.0,76.12675,-147.53964,1011.4,211.6,205.4,0.0,0.0,-2.4
336.3333,1998-12-02T07:59:57.12,0.011828149861545042,0.8533333333333328,0.8533333333333328,-1.0315789473684251,NaN,-475.404769736842,0.35,-7.6,2.8,8.57,9.69,-28.09,-28.16,NaN,NaN,2.5,10.0,76.12087,-147.57498,1010.4,190.4,203.8,0.0,0.0,-7.6
337.4583,1998-12-03T10:59:57.12,0.002202863821840757,0.8049382716049377,0.8049382716049377,-1.6615384615384854,NaN,-2545.466123076923,0.54,-5.2,2.2,11.57,13.2,-28.02,-28.07,NaN,NaN,2.5,10.0,75.92709,-147.79876,1006.6,167.2,203.0,0.0,0.0,-5.2
337.5,1998-12-03T12:00:00.0,0.006453933976684968,0.9006289308176095,0.9006289308176095,-0.5888888888888973,NaN,-871.2406104166668,0.53,-14.4,1.4,11.57,13.36,-28.09,-28.14,NaN,NaN,2.5,10.0,75.91781,-147.78004,1008.0,154.3,202.1,0.0,0.0,-14.4
337.5417,1998-12-03T13:00:02.88,0.002515663813292021,0.8452830188679242,0.8452830188679242,-1.8171428571429264,NaN,-2284.996098214286,0.53,-5.6,NaN,11.86,13.54,-28.65,-28.71,NaN,NaN,2.5,10.0,75.90856,-147.76151,1009.4,159.6,202.6,0.0,0.0,-5.6
337.5833,1998-12-03T13:59:57.12,0.012763647310624439,0.8340425531914887,0.8340425531914887,-0.07595959595958085,NaN,-453.83235606060595,0.47,-19.8,0.9,10.82,12.29,-28.85,-28.86,NaN,NaN,2.5,10.0,75.89991,-147.74349,1011.0,144.4,200.3,0.0,0.0,-19.8
337.625,1998-12-03T15:00:00.0,0.028216478932901638,0.7967078189300416,0.7967078189300416,0.23142857142857473,NaN,-205.98083758928578,0.405,-28.0,0.3,10.0,11.21,-28.94,-28.89,NaN,NaN,2.5,10.0,75.89213,-147.72862,1012.4,133.6,197.3,0.0,0.0,-28.0
337.6667,1998-12-03T16:00:02.88,0.09645433043328086,1.0271604938271595,1.0271604938271595,0.24424028268550715,NaN,-61.490248409893994,0.27,-28.3,-0.1,8.74,9.78,-29.47,-29.39,NaN,NaN,2.5,10.0,75.88573,-147.71636,1014.1,131.6,194.4,0.0,0.0,-28.3
337.7083,1998-12-03T16:59:57.12,0.117014738832816,1.3120000000000005,1.3120000000000005,0.20588235294117732,NaN,-51.61420036764706,0.25,-27.2,0.0,9.15,10.38,-29.95,-29.88,NaN,NaN,2.5,10.0,75.88079,-147.70379,1015.6,131.7,193.3,0.0,0.0,-27.2
337.75,1998-12-03T18:00:00.0,0.05913506795127673,1.0166666666666673,1.0166666666666673,0.24888888888888988,NaN,-103.01440000000001,0.32,-28.8,0.0,9.04,10.26,-30.18,-30.11,NaN,NaN,2.5,10.0,75.87678,-147.69063,1017.2,131.1,192.5,0.0,0.0,-28.8
337.7917,1998-12-03T19:00:02.88,0.0698820378513827,0.9379310344827592,0.9379310344827592,0.3301185770750983,NaN,-88.17635691699603,0.29,-25.3,-0.2,7.8,8.82,-30.49,-30.4,NaN,NaN,2.5,10.0,75.87382,-147.67653,1018.8,130.2,190.5,0.0,0.0,-25.3
337.8333,1998-12-03T19:59:57.12,0.11139209782522605,1.1826086956521744,1.1826086956521744,0.5858706467661697,NaN,-55.84108208955224,0.23,-20.1,-0.2,6.76,7.78,-30.75,-30.59,NaN,NaN,2.5,10.0,75.8715,-147.66283,1020.3,128.9,188.8,0.0,0.0,-20.1
337.875,1998-12-03T21:00:00.0,0.1558541086448898,1.0385964912280705,1.0385964912280705,0.8081012658227882,NaN,-41.154,0.19,-15.8,-0.2,5.29,6.03,-31.6,-31.39,NaN,NaN,2.5,10.0,75.86978,-147.64777,1021.6,128.6,185.0,0.0,0.0,-15.8
337.9167,1998-12-03T22:00:02.88,0.24311896797507818,1.299999999999999,1.299999999999999,0.9404081632653047,NaN,-26.690873469387764,0.16,-14.7,-0.2,4.65,5.43,-31.93,-31.66,NaN,NaN,2.5,10.0,75.86841,-147.63423,1022.9,128.5,182.9,0.0,0.0,-14.7
337.9583,1998-12-03T22:59:57.12,0.281338667988184,1.4333333333333325,1.4333333333333325,1.0239999999999891,NaN,-23.21709176470588,0.16,-17.0,-0.2,4.44,5.3,-32.12,-31.78,NaN,NaN,2.5,10.0,75.86715,-147.61972,1023.8,129.3,182.3,0.0,0.0,-17.0
338.0,1998-12-04T00:00:00.0,0.5574636174636174,1.3866666666666667,1.3866666666666667,1.4048780487804857,NaN,-12.0109756097561,0.1,-8.2,-0.1,3.41,3.93,-32.83,-32.47,NaN,NaN,2.5,10.0,75.86593,-147.60659,1024.6,129.1,180.1,0.0,0.0,-8.2
338.0417,1998-12-04T01:00:02.88,0.38613181662548707,1.3111111111111118,1.3111111111111118,1.3322448979591692,NaN,-17.551542857142856,0.12,-9.8,-0.1,3.64,4.23,-33.18,-32.84,NaN,NaN,2.5,10.0,75.86479,-147.59378,1025.5,129.3,179.6,0.0,0.0,-9.8
338.0833,1998-12-04T01:59:57.12,0.6066410972610164,1.520000000000001,1.520000000000001,1.3662921348314445,NaN,-11.282022471910112,0.1,-8.9,-0.1,3.36,3.93,-33.47,-33.09,NaN,NaN,2.5,10.0,75.86377,-147.58194,1026.0,130.5,178.5,0.0,0.0,-8.9
338.125,1998-12-04T03:00:00.0,0.6448428886570672,1.5999999999999999,1.5999999999999999,1.8014814814814963,NaN,-10.748942129629631,0.095,-8.1,-0.1,3.14,3.71,-33.85,-33.37,NaN,NaN,2.5,10.0,75.86304,-147.57162,1026.8,130.6,177.0,0.0,0.0,-8.1
338.1667,1998-12-04T04:00:02.88,1.0395961153196018,2.1666666666666665,2.1666666666666665,2.067692307692293,NaN,-6.669784615384616,0.08,-7.8,0.0,2.91,3.56,-33.87,-33.24,NaN,NaN,2.5,10.0,75.86262,-147.56288,1027.0,131.4,176.2,0.0,0.0,-7.8
338.2083,1998-12-04T04:59:57.12,0.5063959280974836,1.5333333333333332,1.5333333333333332,3.9073684210526682,NaN,-13.666357894736846,0.08,-3.8,0.0,2.54,3.0,-33.81,-33.23,NaN,NaN,2.5,10.0,75.86275,-147.55516,1027.2,131.5,175.5,0.0,0.0,-3.8
338.3333,1998-12-04T07:59:57.12,0.4952893589489517,1.6761904761904758,1.6761904761904758,7.078399999999993,NaN,-13.558104000000002,0.07,-2.5,0.0,2.27,2.71,-32.94,-32.15,NaN,NaN,2.5,10.0,75.86556,-147.53161,1028.2,132.0,177.5,0.0,0.0,-2.5
339.1667,1998-12-05T04:00:02.88,2.2148606408523652,7.955555555555554,7.955555555555554,4.827428571428566,NaN,-3.2214857142857136,0.06,-7.0,0.0,2.43,4.22,-34.8,-33.04,NaN,NaN,2.5,10.0,75.89058,-147.49507,1027.0,139.4,172.7,0.0,0.0,-7.0
339.2083,1998-12-05T04:59:57.12,1.5140489080686828,6.019047619047617,6.019047619047617,3.4484210526315846,NaN,-4.665702631578949,0.07,-7.6,-0.1,2.64,4.22,-34.46,-33.29,NaN,NaN,2.5,10.0,75.89133,-147.50334,1026.8,143.4,175.1,0.0,0.0,-7.6
339.25,1998-12-05T06:00:00.0,1.7068458039433707,5.790476190476189,5.790476190476189,2.7348837209302252,NaN,-4.008313953488373,0.07,-8.6,-0.1,2.75,4.27,-33.5,-32.45,NaN,NaN,2.5,10.0,75.89219,-147.51284,1026.7,144.4,177.4,0.0,0.0,-8.6
339.2917,1998-12-05T07:00:02.88,3.703916546942344,8.106666666666666,8.106666666666666,2.847058823529414,NaN,-1.854044117647059,0.05,-6.8,0.0,2.43,3.95,-33.62,-32.41,NaN,NaN,2.5,10.0,75.8931,-147.52286,1026.8,140.2,176.4,0.0,0.0,-6.8
339.375,1998-12-05T09:00:00.0,0.6726033882177825,3.4909090909090925,3.4909090909090925,2.418320610687019,NaN,-10.470194656488548,0.11,-13.1,-0.1,3.05,4.49,-34.35,-33.45,NaN,NaN,2.5,10.0,75.89574,-147.54164,1027.0,137.8,176.3,0.0,0.0,-13.1
339.4167,1998-12-05T10:00:02.88,0.3010525016237927,2.179047619047619,2.179047619047619,1.5358649789029668,NaN,-22.597567246835435,0.175,-23.7,-0.1,3.78,5.21,-33.31,-32.66,NaN,NaN,2.5,10.0,75.8969,-147.55036,1026.8,137.8,178.9,0.0,0.0,-23.7
339.4583,1998-12-05T10:59:57.12,0.5106882831506099,2.789743589743589,2.789743589743589,1.4370909090909099,NaN,-13.178005454545454,0.13,-16.5,-0.2,3.47,4.83,-32.99,-32.42,NaN,NaN,2.5,10.0,75.89774,-147.55884,1026.6,137.3,178.8,0.0,0.0,-16.5
339.5,1998-12-05T12:00:00.0,0.393779439763622,2.78974358974359,2.78974358974359,1.801574803149597,NaN,-17.339000787401574,0.13,-12.7,-0.2,3.37,4.73,-33.41,-32.86,NaN,NaN,2.5,10.0,75.89829,-147.56724,1026.4,137.1,179.6,0.0,0.0,-12.7
339.5417,1998-12-05T13:00:02.88,0.4342444942578801,2.4000000000000004,2.4000000000000004,1.3568000000000031,NaN,-15.659616000000003,0.14,-17.5,-0.1,3.57,4.83,-33.29,-32.76,NaN,NaN,2.5,10.0,75.89894,-147.576,1026.4,137.1,179.7,0.0,0.0,-17.5
339.5833,1998-12-05T13:59:57.12,0.47725771458834343,2.3384615384615386,2.3384615384615386,1.3236363636363497,NaN,-14.234848051948052,0.13,-15.4,-0.1,3.47,4.61,-33.26,-32.77,NaN,NaN,2.5,10.0,75.89939,-147.58607,1026.5,136.6,179.5,0.0,0.0,-15.4
339.625,1998-12-05T15:00:00.0,0.47103994682017386,2.5846153846153848,2.5846153846153848,1.286315789473681,NaN,-14.413476315789477,0.13,-15.2,-0.2,3.57,4.83,-33.24,-32.77,NaN,NaN,2.5,10.0,75.89962,-147.59705,1026.3,137.0,179.7,0.0,0.0,-15.2
339.6667,1998-12-05T16:00:02.88,0.37483145224023146,2.1904761904761902,2.1904761904761902,1.2164238410596138,NaN,-18.164916556291395,0.14,-15.1,-0.2,3.68,4.83,-33.32,-32.91,NaN,NaN,2.5,10.0,75.89973,-147.61007,1026.3,137.3,180.2,0.0,0.0,-15.1
339.7083,1998-12-05T16:59:57.12,0.19575334193978255,1.4400000000000002,1.4400000000000002,0.8347826086956641,NaN,-34.61217391304349,0.2,-23.0,-0.3,4.51,5.59,-33.17,-32.87,NaN,NaN,2.5,10.0,75.89991,-147.62472,1026.1,139.0,181.9,0.0,0.0,-23.0
339.75,1998-12-05T18:00:00.0,0.14256907188700596,1.3714285714285717,1.3714285714285717,0.8659793814432989,NaN,-47.3170268041237,0.21,-19.4,-0.2,4.71,5.79,-33.04,-32.79,NaN,NaN,2.5,10.0,75.90004,-147.64118,1025.9,139.3,183.3,0.0,0.0,-19.4
339.7917,1998-12-05T19:00:02.88,0.11734038046816109,1.3217391304347832,1.3217391304347832,0.736000000000003,NaN,-56.941559999999996,0.23,-21.0,-0.3,5.02,6.16,-32.76,-32.55,NaN,NaN,2.5,10.0,75.8998,-147.65752,1025.7,139.2,183.0,0.0,0.0,-21.0
339.8333,1998-12-05T19:59:57.12,0.1251488383113563,1.224242424242424,1.224242424242424,0.5746938775510081,NaN,-53.375816326530604,0.22,-19.6,-0.2,4.92,5.93,-32.75,-32.59,NaN,NaN,2.5,10.0,75.90004,-147.67587,1025.7,141.0,183.6,0.0,0.0,-19.6
339.875,1998-12-05T21:00:00.0,0.0894607885580238,1.2555555555555555,1.2555555555555555,0.6329670329670269,NaN,-74.30779780219778,0.24,-18.2,-0.4,4.71,5.84,-32.61,-32.46,NaN,NaN,2.5,10.0,75.90048,-147.69358,1025.9,148.0,183.6,0.0,0.0,-18.2
339.9167,1998-12-05T22:00:02.88,0.06397014247082168,0.9580246913580244,0.9580246913580244,0.5109677419354812,NaN,-100.57378064516129,0.27,-18.6,-1.2,5.75,6.72,-31.68,-31.57,NaN,NaN,2.5,10.0,75.9009,-147.71142,1025.3,154.9,188.5,0.0,0.0,-18.6
339.9583,1998-12-05T22:59:57.12,0.0687151537640239,0.8923076923076924,0.8923076923076924,0.4183240223463681,NaN,-90.93370726256984,0.26,-17.9,-1.2,5.86,6.73,-30.87,-30.78,NaN,NaN,2.5,10.0,75.90124,-147.7293,1024.9,163.8,190.5,0.0,0.0,-17.9
340.0,1998-12-06T00:00:00.0,0.018143800507123446,0.7111111111111117,0.7111111111111117,-0.2630136986301314,NaN,-327.32876712328766,0.3,-7.3,NaN,6.89,7.69,-29.5,-29.52,NaN,NaN,2.5,10.0,75.90124,-147.74933,1024.5,190.2,197.5,0.0,0.0,-7.3
340.0833,1998-12-06T01:59:57.12,0.02636825302987633,0.586666666666667,0.586666666666667,0.13254437869822205,NaN,-218.8147189349112,0.35,-16.9,0.2,7.62,8.39,-28.75,-28.73,NaN,NaN,2.5,10.0,75.90061,-147.795,1023.6,157.7,197.0,0.0,0.0,-16.9
340.125,1998-12-06T03:00:00.0,0.01806747108825754,0.5407407407407411,0.5407407407407411,0.0,NaN,-319.4825142857143,0.36,-12.6,NaN,8.03,8.76,-28.76,-28.76,NaN,NaN,2.5,10.0,75.89976,-147.8198,1023.4,174.0,198.9,0.0,0.0,-12.6
340.1667,1998-12-06T04:00:02.88,0.014371172063151786,0.6558558558558559,0.6558558558558559,-0.2172477064220137,NaN,-394.8145761467889,0.37,-10.9,1.2,8.34,9.25,-28.32,-28.34,NaN,NaN,2.5,10.0,75.89846,-147.84655,1023.1,177.9,200.9,0.0,0.0,-10.9
340.2083,1998-12-06T04:59:57.12,0.011050227495307272,0.6800000000000008,0.6800000000000008,-0.2415094339623019,NaN,-508.61886792452833,0.4,-10.6,1.5,8.86,9.88,-28.08,-28.1,NaN,NaN,2.5,10.0,75.89694,-147.87545,1022.3,172.4,201.5,0.0,0.0,-10.6
340.25,1998-12-06T06:00:00.0,0.010567261860513951,0.6945736434108523,0.6945736434108523,-0.21841269841269378,NaN,-528.9108523809524,0.43,-12.6,1.7,9.48,10.6,-27.94,-27.96,NaN,NaN,2.5,10.0,75.8959,-147.90707,1021.5,177.9,202.1,0.0,0.0,-12.6
340.2917,1998-12-06T07:00:02.88,0.005675288020166527,0.6260869565217392,0.6260869565217392,-0.7093975903614936,NaN,-966.440934939759,0.46,-8.3,1.7,9.59,10.67,-27.47,-27.51,NaN,NaN,2.5,10.0,75.89449,-147.93999,1021.0,185.1,204.2,0.0,0.0,-8.3
340.3333,1998-12-06T07:59:57.12,0.010176901923233525,0.6581560283687944,0.6581560283687944,0.0,NaN,-531.0644396226413,0.47,-15.9,1.4,10.31,11.47,-27.11,-27.11,NaN,NaN,2.5,10.0,75.8928,-147.97465,1020.4,175.3,204.9,0.0,0.0,-15.9
340.375,1998-12-06T09:00:00.0,0.010443652986690487,0.6388888888888891,0.6388888888888891,-0.0882758620689793,NaN,-511.5833379310344,0.48,-17.4,1.1,10.52,11.67,-26.83,-26.84,NaN,NaN,2.5,10.0,75.89178,-148.00947,1019.8,173.2,205.3,0.0,0.0,-17.4
340.4167,1998-12-06T10:00:02.88,0.003924981245311329,0.6560000000000002,0.6560000000000002,-0.6486486486485965,NaN,-1344.4256756756754,0.5,-7.4,3.4,10.62,11.85,-26.53,-26.56,NaN,NaN,2.5,10.0,75.89082,-148.04572,1019.2,195.4,208.4,0.0,0.0,-7.4
342.375,1998-12-08T09:00:00.0,0.014334374637057515,0.8380952380952378,0.8380952380952378,-0.48695652173916326,NaN,-396.7801630434782,0.35,-9.2,NaN,8.24,9.34,-28.38,-28.42,NaN,NaN,2.5,10.0,75.82817,-149.51296,1016.2,160.6,202.2,0.0,0.0,-9.2
342.4167,1998-12-08T10:00:02.88,0.008457330864827261,0.7609756097560976,0.7609756097560976,-0.45241379310341195,NaN,-691.5865862068964,0.41,-8.7,NaN,8.31,9.48,-29.1,-29.13,NaN,NaN,2.5,10.0,75.8262,-149.53512,1016.2,155.7,199.0,0.0,0.0,-8.7
342.4583,1998-12-08T10:59:57.12,0.016072285752090434,0.8410256410256413,0.8410256410256413,-0.17577464788732022,NaN,-371.2032633802817,0.39,-14.2,NaN,8.04,9.27,-29.62,-29.64,NaN,NaN,2.5,10.0,75.8242,-149.55711,1016.5,150.9,197.8,0.0,0.0,-14.2
342.5,1998-12-08T12:00:00.0,0.017891987353125197,0.858874458874459,0.858874458874459,-0.16210526315792007,NaN,-334.96607121710525,0.385,-15.2,NaN,8.03,9.27,-29.74,-29.76,NaN,NaN,2.5,10.0,75.82225,-149.57831,1016.6,153.6,196.8,0.0,0.0,-15.2
342.5417,1998-12-08T13:00:02.88,0.01912049144558459,0.9009009009009008,0.9009009009009008,-0.08222222222220586,NaN,-317.1088854166666,0.37,-14.4,0.0,7.92,9.17,-30.05,-30.06,NaN,NaN,2.5,10.0,75.82034,-149.5979,1016.7,149.3,193.9,0.0,0.0,-14.4
342.5833,1998-12-08T13:59:57.12,0.029426204049666085,0.9373737373737367,0.9373737373737367,0.13452229299365162,NaN,-208.892396178344,0.33,-15.7,-0.1,7.71,8.87,-30.42,-30.4,NaN,NaN,2.5,10.0,75.81831,-149.61652,1016.9,143.1,193.2,0.0,0.0,-15.7
342.625,1998-12-08T15:00:00.0,0.02274909880562053,0.9657657657657656,0.9657657657657656,0.13847953216373973,NaN,-271.30457719298244,0.37,-17.1,0.0,8.14,9.48,-30.53,-30.51,NaN,NaN,2.5,10.0,75.81626,-149.63418,1016.9,143.7,192.2,0.0,0.0,-17.1
342.6667,1998-12-08T16:00:02.88,0.021831393717660522,0.9333333333333338,0.9333333333333338,0.22887417218543915,NaN,-285.31225430463576,0.36,-15.1,-0.1,7.71,8.97,-30.78,-30.75,NaN,NaN,2.5,10.0,75.81415,-149.65095,1017.1,142.1,191.2,0.0,0.0,-15.1
342.7083,1998-12-08T16:59:57.12,0.025927896056984995,0.980392156862745,0.980392156862745,0.2161589403973336,NaN,-241.29011920529808,0.34,-15.1,-0.1,7.82,9.07,-30.9,-30.87,NaN,NaN,2.5,10.0,75.81195,-149.66749,1017.4,140.5,190.9,0.0,0.0,-15.1
342.75,1998-12-08T18:00:00.0,0.0364922785628945,1.006451612903226,1.006451612903226,0.30807453416149505,NaN,-172.30670310559003,0.31,-16.1,-0.1,7.4,8.57,-31.04,-30.99,NaN,NaN,2.5,10.0,75.80945,-149.6836,1017.8,138.9,189.8,0.0,0.0,-16.1
342.7917,1998-12-08T19:00:02.88,0.04006321902451576,0.9688888888888888,0.9688888888888888,0.3599999999999923,NaN,-158.65874999999997,0.3,-16.0,-0.1,7.0,8.09,-31.34,-31.28,NaN,NaN,2.5,10.0,75.80674,-149.70037,1018.1,138.6,188.9,0.0,0.0,-16.0
342.8333,1998-12-08T19:59:57.12,0.03223411474109026,0.8888888888888885,0.8888888888888885,0.18526315789472195,NaN,-200.5536789473684,0.33,-17.1,0.0,7.41,8.51,-31.81,-31.78,NaN,NaN,2.5,10.0,75.81006,-149.61792,1018.3,137.4,187.5,0.0,0.0,-17.1
342.875,1998-12-08T21:00:00.0,0.02312637084895855,0.7851851851851855,0.7851851851851855,0.07245283018866483,NaN,-283.63326792452824,0.36,-15.9,-0.1,8.03,9.09,-32.22,-32.21,NaN,NaN,2.5,10.0,75.80084,-149.73703,1018.5,137.9,186.9,0.0,0.0,-15.9
342.9167,1998-12-08T22:00:02.88,0.028202267821519852,0.8749999999999999,0.8749999999999999,0.07529411764704384,NaN,-235.20677647058827,0.32,-13.6,-0.1,7.72,8.77,-32.54,-32.53,NaN,NaN,2.5,10.0,75.79807,-149.7582,1018.9,138.0,185.1,0.0,0.0,-13.6
342.9583,1998-12-08T22:59:57.12,0.027454165171365705,0.913131313131313,0.913131313131313,0.14565517241376413,NaN,-244.396384137931,0.33,-14.5,0.0,7.62,8.75,-32.87,-32.85,NaN,NaN,2.5,10.0,75.79516,-149.78117,1019.0,135.8,184.8,0.0,0.0,-14.5
343.0,1998-12-09T00:00:00.0,0.03497729451279216,0.9290322580645154,0.9290322580645154,0.12967320261439935,NaN,-193.29101764705882,0.31,-15.3,-0.1,7.2,8.28,-33.09,-33.07,NaN,NaN,2.5,10.0,75.7927,-149.80301,1019.2,135.1,183.7,0.0,0.0,-15.3
343.0417,1998-12-09T01:00:02.88,0.03412193713981713,0.9379310344827592,0.9379310344827592,0.15213114754095333,NaN,-200.72946639344258,0.29,-12.2,0.1,6.68,7.7,-33.47,-33.45,NaN,NaN,2.5,10.0,75.79058,-149.82527,1019.9,136.1,182.2,0.0,0.0,-12.2
343.0833,1998-12-09T01:59:57.12,0.028136977575775376,0.9000000000000001,0.9000000000000001,0.15170370370367353,NaN,-245.83281777777776,0.32,-13.5,-0.1,7.1,8.18,-33.76,-33.74,NaN,NaN,2.5,10.0,75.78844,-149.84674,1020.3,135.7,182.2,0.0,0.0,-13.5
343.125,1998-12-09T03:00:00.0,0.02668972920453834,0.8666666666666666,0.8666666666666666,0.07999999999998407,NaN,-260.0448,0.32,-12.8,0.0,7.61,8.65,-33.86,-33.85,NaN,NaN,2.5,10.0,75.78633,-149.86795,1020.5,136.0,181.7,0.0,0.0,-12.8
343.1667,1998-12-09T04:00:02.88,0.018852051864243095,0.7757575757575758,0.7757575757575758,-0.21333333333336665,NaN,-372.6558,0.33,-9.9,0.0,7.61,8.57,-34.22,-34.24,NaN,NaN,2.5,10.0,75.78396,-149.8877,1020.6,135.9,181.2,0.0,0.0,-9.9
343.2083,1998-12-09T04:59:57.12,0.013914402853477672,0.8323232323232325,0.8323232323232325,-0.2893150684930932,NaN,-508.77930821917823,0.33,-7.3,0.0,7.72,8.75,-34.45,-34.47,NaN,NaN,2.5,10.0,75.7815,-149.90763,1020.9,137.7,179.5,0.0,0.0,-7.3
343.25,1998-12-09T06:00:00.0,0.019999012316344884,0.9204301075268828,0.9204301075268828,0.0,NaN,-353.3828965517242,0.31,-8.7,0.1,7.31,8.38,-34.4,-34.4,NaN,NaN,2.5,10.0,75.77889,-149.92702,1021.4,137.2,181.1,0.0,0.0,-8.7
343.2917,1998-12-09T07:00:02.88,0.023616306714211294,0.8999999999999992,0.8999999999999992,0.09061946902653065,NaN,-299.3487292035398,0.32,-11.3,0.0,7.2,8.28,-34.41,-34.4,NaN,NaN,2.5,10.0,75.77617,-149.94572,1021.8,136.0,182.1,0.0,0.0,-11.3
343.3333,1998-12-09T07:59:57.12,0.02477492175906617,0.872727272727272,0.872727272727272,0.16246153846156386,NaN,-285.53328692307696,0.33,-13.0,0.0,7.2,8.28,-34.43,-34.41,NaN,NaN,2.5,10.0,75.77363,-149.9652,1022.4,136.4,180.5,0.0,0.0,-13.0
343.375,1998-12-09T09:00:00.0,0.02716862109289465,0.8800000000000002,0.8800000000000002,0.17943925233647665,NaN,-262.45514018691586,0.3,-10.7,0.0,7.0,7.99,-34.67,-34.65,NaN,NaN,2.5,10.0,75.77101,-149.9855,1022.9,134.4,179.2,0.0,0.0,-10.7
343.4167,1998-12-09T10:00:02.88,0.030652240725579923,0.9195402298850576,0.9195402298850576,0.17027522935782474,NaN,-233.39601743119263,0.29,-10.9,0.0,6.79,7.79,-34.77,-34.75,NaN,NaN,2.5,10.0,75.76866,-150.00618,1023.2,135.0,178.4,0.0,0.0,-10.9
343.4583,1998-12-09T10:59:57.12,0.022580795513471894,0.8916666666666668,0.8916666666666668,0.09481481481479594,NaN,-314.11768888888895,0.32,-10.8,0.0,7.41,8.48,-34.51,-34.5,NaN,NaN,2.5,10.0,75.76652,-150.02784,1023.4,136.9,179.9,0.0,0.0,-10.8
343.5,1998-12-09T12:00:00.0,0.023435979040882484,0.9454545454545461,0.9454545454545461,0.17170731707319756,NaN,-301.34489268292685,0.33,-12.3,0.0,7.31,8.48,-34.38,-34.36,NaN,NaN,2.5,10.0,75.76463,-150.04903,1023.6,137.4,180.9,0.0,0.0,-12.3
343.5417,1998-12-09T13:00:02.88,0.024035995918872614,0.980392156862745,0.980392156862745,0.23652173913044378,NaN,-293.3274608695653,0.34,-13.8,0.0,7.42,8.67,-34.33,-34.3,NaN,NaN,2.5,10.0,75.76294,-150.07021,1023.8,136.4,181.7,0.0,0.0,-13.8
343.5833,1998-12-09T13:59:57.12,0.028179003772903378,0.8941176470588239,0.8941176470588239,0.1343209876542943,NaN,-247.54241481481483,0.34,-16.2,0.0,7.93,9.07,-34.01,-33.99,NaN,NaN,2.5,10.0,75.76134,-150.09068,1024.2,137.4,181.4,0.0,0.0,-16.2
343.625,1998-12-09T15:00:00.0,0.030666864490239885,0.7833333333333329,0.7833333333333329,0.06965986394556438,NaN,-227.23604897959189,0.32,-14.7,0.0,7.93,8.87,-33.98,-33.97,NaN,NaN,2.5,10.0,75.75989,-150.1099,1024.7,136.3,181.2,0.0,0.0,-14.7
343.6667,1998-12-09T16:00:02.88,0.05290263421201306,0.9428571428571423,0.9428571428571423,0.21082352941176025,NaN,-131.05344000000002,0.28,-17.0,-0.1,7.2,8.19,-33.83,-33.79,NaN,NaN,2.5,10.0,75.7585,-150.12791,1025.2,134.7,181.7,0.0,0.0,-17.0
343.7083,1998-12-09T16:59:57.12,0.06097198603672242,1.0758620689655163,1.0758620689655163,0.34055045871558903,NaN,-112.43552752293576,0.29,-21.8,-0.1,7.11,8.28,-33.5,-33.42,NaN,NaN,2.5,10.0,75.75718,-150.14546,1025.7,134.8,181.5,0.0,0.0,-21.8
343.75,1998-12-09T18:00:00.0,0.08327553182676761,1.22051282051282,1.22051282051282,0.46437209302324595,NaN,-81.02944744186048,0.26,-21.5,-0.1,6.9,8.09,-33.04,-32.92,NaN,NaN,2.5,10.0,75.75599,-150.1618,1026.2,135.6,182.0,0.0,0.0,-21.5
343.7917,1998-12-09T19:00:02.88,0.06546176537626208,1.177011494252873,1.177011494252873,0.5528510638297893,NaN,-101.37521361702126,0.29,-23.5,-0.1,7.0,8.28,-32.56,-32.42,NaN,NaN,2.5,10.0,75.75449,-150.1784,1026.7,135.3,184.1,0.0,0.0,-23.5
343.8333,1998-12-09T19:59:57.12,0.07580170169889093,1.1851851851851842,1.1851851851851842,0.5890909090909175,NaN,-86.26522090909091,0.27,-22.0,-0.1,6.69,7.89,-32.14,-31.99,NaN,NaN,2.5,10.0,75.7529,-150.19401,1027.0,135.9,184.4,0.0,0.0,-22.0
343.875,1998-12-09T21:00:00.0,0.07407125472015001,1.106172839506172,1.106172839506172,0.5626046511627929,NaN,-88.18899488372094,0.27,-21.5,-0.1,6.48,7.6,-32.11,-31.97,NaN,NaN,2.5,10.0,75.75144,-150.20943,1027.4,136.1,183.3,0.0,0.0,-21.5
343.9167,1998-12-09T22:00:02.88,0.06799772063020218,1.076190476190476,1.076190476190476,0.44799999999999773,NaN,-96.47904,0.28,-22.0,0.0,6.69,7.82,-32.23,-32.12,NaN,NaN,2.5,10.0,75.74999,-150.22569,1027.6,135.1,183.7,0.0,0.0,-22.0
343.9583,1998-12-09T22:59:57.12,0.06162594628542625,1.0476190476190472,1.0476190476190472,0.360201005025118,NaN,-108.14945125628142,0.28,-19.9,-0.1,6.79,7.89,-32.68,-32.6,NaN,NaN,2.5,10.0,75.74867,-150.24227,1027.8,135.4,183.4,0.0,0.0,-19.9
344.0,1998-12-10T00:00:00.0,0.07366251509976257,0.9813333333333333,0.9813333333333333,0.2840236686390641,NaN,-91.83616863905326,0.25,-16.9,-0.1,6.58,7.5,-33.11,-33.05,NaN,NaN,2.5,10.0,75.74755,-150.25841,1028.1,133.6,183.4,0.0,0.0,-16.9
344.0417,1998-12-10T01:00:02.88,0.08727875087726615,1.188888888888889,1.188888888888889,0.47728813559321787,NaN,-78.14074576271187,0.24,-17.7,-0.1,6.06,7.13,-33.35,-33.24,NaN,NaN,2.5,10.0,75.7462,-150.27323,1028.2,133.8,181.4,0.0,0.0,-17.7
344.0833,1998-12-10T01:59:57.12,0.12586826922317224,1.5111111111111104,1.5111111111111104,0.6287719298245759,NaN,-54.23371578947367,0.21,-17.1,-0.1,5.44,6.63,-33.38,-33.22,NaN,NaN,2.5,10.0,75.74542,-150.2862,1028.6,133.4,181.8,0.0,0.0,-17.1
344.125,1998-12-10T03:00:00.0,0.18192105989230128,1.8509803921568622,1.8509803921568622,0.9135877862595373,NaN,-37.82634961832062,0.17,-13.1,0.0,4.61,5.79,-33.62,-33.4,NaN,NaN,2.5,10.0,75.74437,-150.29685,1028.7,133.1,180.3,0.0,0.0,-13.1
344.1667,1998-12-10T04:00:02.88,0.12975919467011965,1.4266666666666659,1.4266666666666659,0.7157894736842177,NaN,-53.415789473684214,0.2,-15.2,-0.1,4.7,5.77,-33.83,-33.66,NaN,NaN,2.5,10.0,75.74347,-150.30701,1028.9,133.9,180.2,0.0,0.0,-15.2
344.2083,1998-12-10T04:59:57.12,0.1365857733595088,1.3866666666666667,1.3866666666666667,0.7199999999999989,NaN,-50.745000000000005,0.2,-16.0,0.0,5.12,6.16,-33.83,-33.65,NaN,NaN,2.5,10.0,75.74223,-150.31435,1029.0,133.1,179.7,0.0,0.0,-16.0
344.25,1998-12-10T06:00:00.0,0.16873718023143314,1.6888888888888884,1.6888888888888884,0.8000000000000114,NaN,-41.309999999999995,0.18,-14.4,0.0,5.12,6.26,-34.0,-33.8,NaN,NaN,2.5,10.0,75.74123,-150.32378,1029.1,131.5,179.4,0.0,0.0,-14.4
344.2917,1998-12-10T07:00:02.88,0.22528601583050392,1.8509803921568622,1.8509803921568622,0.9066666666666534,NaN,-30.91550740740741,0.17,-16.2,0.0,4.71,5.89,-33.98,-33.71,NaN,NaN,2.5,10.0,75.74004,-150.33265,1029.4,132.5,179.1,0.0,0.0,-16.2
344.3333,1998-12-10T07:59:57.12,0.17608618378680782,1.7543859649122808,1.7543859649122808,0.9618079096045237,NaN,-39.154427118644065,0.19,-17.7,0.0,4.91,6.16,-33.68,-33.4,NaN,NaN,2.5,10.0,75.73912,-150.34205,1029.8,133.3,180.5,0.0,0.0,-17.7
344.375,1998-12-10T09:00:00.0,0.2681172215602119,2.300000000000001,2.300000000000001,1.1766459627329113,NaN,-25.675050931677013,0.16,-16.1,0.0,4.6,5.98,-33.64,-33.27,NaN,NaN,2.5,10.0,75.73823,-150.35213,1030.0,133.8,180.0,0.0,0.0,-16.1
344.4167,1998-12-10T10:00:02.88,0.191636238142481,2.014814814814814,2.014814814814814,1.1239024390243912,NaN,-35.62142926829268,0.18,-16.4,0.0,4.82,6.18,-33.39,-33.07,NaN,NaN,2.5,10.0,75.73773,-150.36341,1030.2,134.5,180.0,0.0,0.0,-16.4
344.4583,1998-12-10T10:59:57.12,0.14302674331417145,1.7466666666666673,1.7466666666666673,0.990476190476183,NaN,-47.457142857142856,0.2,-16.8,0.0,5.14,6.45,-33.22,-32.96,NaN,NaN,2.5,10.0,75.73711,-150.37509,1030.5,135.7,181.0,0.0,0.0,-16.8
344.5,1998-12-10T12:00:00.0,0.15397164504238176,1.8807017543859648,1.8807017543859648,1.0590967741935604,NaN,-44.23391225806452,0.19,-15.5,0.0,4.72,6.06,-33.32,-33.05,NaN,NaN,2.5,10.0,75.73694,-150.38639,1030.6,136.5,180.3,0.0,0.0,-15.5
344.5417,1998-12-10T13:00:02.88,0.16594277107917055,2.000000000000001,2.000000000000001,1.0546478873239646,NaN,-41.12792112676057,0.18,-14.2,0.0,4.93,6.28,-33.38,-33.12,NaN,NaN,2.5,10.0,75.73703,-150.39708,1030.6,137.0,181.6,0.0,0.0,-14.2
344.5833,1998-12-10T13:59:57.12,0.19000356786315303,1.8196078431372535,1.8196078431372535,0.9927007299270075,NaN,-35.846969343065695,0.17,-13.7,-0.1,4.61,5.77,-33.32,-33.07,NaN,NaN,2.5,10.0,75.7372,-150.40581,1030.8,137.3,181.1,0.0,0.0,-13.7
344.625,1998-12-10T15:00:00.0,0.1774845987607974,1.8196078431372549,1.8196078431372549,0.8925000000000037,NaN,-38.286855468750005,0.17,-12.8,-0.1,4.71,5.87,-33.25,-33.04,NaN,NaN,2.5,10.0,75.73746,-150.41438,1031.0,137.6,181.6,0.0,0.0,-12.8
344.6667,1998-12-10T16:00:02.88,0.2743984691882487,1.9200000000000004,1.9200000000000004,0.8823529411764706,NaN,-24.694577205882354,0.15,-13.6,-0.1,4.3,5.38,-33.17,-32.92,NaN,NaN,2.5,10.0,75.7376,-150.42243,1031.1,138.8,181.7,0.0,0.0,-13.6
344.7083,1998-12-10T16:59:57.12,0.3026989327005898,2.2095238095238097,2.2095238095238097,1.1016393442622847,NaN,-22.368098360655743,0.14,-12.2,-0.1,4.51,5.67,-33.15,-32.85,NaN,NaN,2.5,10.0,75.73777,-150.43029,1031.1,139.6,181.9,0.0,0.0,-12.2
344.75,1998-12-10T18:00:00.0,0.31480967693518236,2.285714285714286,2.285714285714286,1.022992125984249,NaN,-21.338381102362213,0.14,-12.7,-0.1,4.2,5.4,-32.92,-32.63,NaN,NaN,2.5,10.0,75.73786,-150.43824,1031.4,144.2,183.4,0.0,0.0,-12.7
344.7917,1998-12-10T19:00:02.88,0.48037263338767977,2.7636363636363632,2.7636363636363632,1.4604255319148958,NaN,-14.005235106382978,0.11,-9.4,0.0,3.99,5.13,-32.97,-32.58,NaN,NaN,2.5,10.0,75.73816,-150.44598,1031.5,146.7,182.9,0.0,0.0,-9.4
344.8333,1998-12-10T19:59:57.12,0.30626812207814696,2.2123456790123446,2.2123456790123446,1.284324324324318,NaN,-21.59145304054054,0.135,-11.1,0.0,3.89,5.01,-32.47,-32.14,NaN,NaN,2.5,10.0,75.73831,-150.4549,1031.5,147.6,184.1,0.0,0.0,-11.1
344.875,1998-12-10T21:00:00.0,0.26040279769247593,1.8390804597701151,1.8390804597701151,1.1500854700854666,NaN,-25.27231955128205,0.145,-11.7,-0.1,4.3,5.3,-32.33,-32.04,NaN,NaN,2.5,10.0,75.73853,-150.46307,1031.3,143.9,184.4,0.0,0.0,-11.7
344.9167,1998-12-10T22:00:02.88,0.27694191757293857,1.8666666666666656,1.8666666666666656,1.1200000000000048,NaN,-23.75520000000001,0.14,-11.2,-0.1,4.2,5.18,-32.32,-32.04,NaN,NaN,2.5,10.0,75.73896,-150.4731,1031.2,144.8,184.3,0.0,0.0,-11.2
344.9583,1998-12-10T22:59:57.12,0.22960656509378305,1.668817204301075,1.668817204301075,1.0234920634920839,NaN,-28.673837500000005,0.155,-12.6,-0.1,4.82,5.79,-32.34,-32.08,NaN,NaN,2.5,10.0,75.73941,-150.48322,1030.6,142.7,184.7,0.0,0.0,-12.6
345.0,1998-12-11T00:00:00.0,0.23195994131869507,1.6333333333333324,1.6333333333333324,0.8777142857142929,NaN,-28.394057142857147,0.16,-14.0,-0.2,4.4,5.38,-32.35,-32.11,NaN,NaN,2.5,10.0,75.74016,-150.49385,1030.2,143.7,184.9,0.0,0.0,-14.0
345.0417,1998-12-11T01:00:02.88,0.18240020490485065,1.4901960784313726,1.4901960784313726,0.9478787878787751,NaN,-36.21104318181819,0.17,-13.2,NaN,4.72,5.67,-32.43,-32.2,NaN,NaN,2.5,10.0,75.7406,-150.50485,1029.9,142.1,184.6,0.0,0.0,-13.2
345.0833,1998-12-11T01:59:57.12,0.22545885073821043,1.5666666666666673,1.5666666666666673,0.8658823529411647,NaN,-29.346635294117647,0.16,-13.6,NaN,4.71,5.65,-32.48,-32.25,NaN,NaN,2.5,10.0,75.74144,-150.51537,1029.5,142.7,184.8,0.0,0.0,-13.6
345.125,1998-12-11T03:00:00.0,0.40125734519651873,1.9999999999999998,1.9999999999999998,1.0541176470588278,NaN,-16.654870588235298,0.12,-10.2,-0.1,3.89,4.79,-32.77,-32.49,NaN,NaN,2.5,10.0,75.74207,-150.52497,1029.5,141.6,184.6,0.0,0.0,-10.2
345.1667,1998-12-11T04:00:02.88,0.2481500452073226,1.7142857142857149,1.7142857142857149,1.12,NaN,-27.297312000000005,0.14,-10.0,NaN,4.09,4.99,-33.16,-32.91,NaN,NaN,2.5,10.0,75.74262,-150.53318,1029.1,140.6,182.9,0.0,0.0,-10.0
345.2083,1998-12-11T04:59:57.12,0.2457912189781781,1.6,1.6,1.00324324324324,NaN,-27.349102702702705,0.16,-14.8,NaN,4.71,5.67,-32.94,-32.65,NaN,NaN,2.5,10.0,75.74329,-150.54098,1028.6,140.3,184.2,0.0,0.0,-14.8
345.25,1998-12-11T06:00:00.0,0.3253826622357386,1.8461538461538458,1.8461538461538458,1.188571428571417,NaN,-20.808728571428574,0.13,-10.5,-0.1,3.89,4.79,-33.15,-32.85,NaN,NaN,2.5,10.0,75.74346,-150.54919,1028.1,137.7,182.9,0.0,0.0,-10.5
345.2917,1998-12-11T07:00:02.88,0.3486182802312988,1.0074074074074069,1.0074074074074069,0.8914285714285648,NaN,-19.390098214285718,0.135,-12.6,0.0,4.2,4.71,-33.1,-32.84,NaN,NaN,2.5,10.0,75.74376,-150.55809,1027.7,137.8,182.3,0.0,0.0,-12.6
345.3333,1998-12-11T07:59:57.12,0.3534713081342749,1.1487179487179495,1.1487179487179495,0.9852631578947483,NaN,-19.23531315789474,0.13,-11.4,-0.1,4.09,4.65,-33.27,-33.0,NaN,NaN,2.5,10.0,75.74398,-150.56703,1027.7,142.0,182.7,0.0,0.0,-11.4
345.375,1998-12-11T09:00:00.0,0.2500670681504917,1.0133333333333323,1.0133333333333323,0.696774193548386,NaN,-26.96189516129032,0.15,-12.4,-0.1,4.2,4.77,-33.02,-32.84,NaN,NaN,2.5,10.0,75.74422,-150.57651,1027.4,147.9,183.9,0.0,0.0,-12.4
345.4167,1998-12-11T10:00:02.88,0.1467806719963185,0.9882352941176469,0.9882352941176469,0.5132075471697822,NaN,-45.70480471698114,0.17,-10.6,-0.1,4.61,5.24,-32.87,-32.77,NaN,NaN,2.5,10.0,75.74424,-150.58805,1027.0,150.8,185.1,0.0,0.0,-10.6
345.4583,1998-12-11T10:59:57.12,0.13523474844240466,0.9629629629629622,0.9629629629629622,0.4468965517241195,NaN,-49.35078620689655,0.18,-11.6,-0.1,4.82,5.47,-32.72,-32.63,NaN,NaN,2.5,10.0,75.7444,-150.60081,1026.4,143.6,184.8,0.0,0.0,-11.6
345.5,1998-12-11T12:00:00.0,0.11310229684184248,0.8933333333333332,0.8933333333333332,0.28872180451128915,NaN,-59.27819548872183,0.2,-13.3,0.0,4.92,5.59,-32.85,-32.79,NaN,NaN,2.5,10.0,75.74534,-150.61569,1025.8,144.1,184.3,0.0,0.0,-13.3
345.5417,1998-12-11T13:00:02.88,0.18118765966747466,1.019607843137254,1.019607843137254,0.3322137404580082,NaN,-36.65623053435115,0.17,-13.1,0.0,4.82,5.47,-32.58,-32.5,NaN,NaN,2.5,10.0,75.74592,-150.6283,1025.5,146.2,185.4,0.0,0.0,-13.1
345.5833,1998-12-11T13:59:57.12,0.1198381261306219,0.8533333333333328,0.8533333333333328,0.4085106382978556,NaN,-55.71063829787234,0.2,-14.1,-0.1,4.71,5.35,-32.73,-32.64,NaN,NaN,2.5,10.0,75.74684,-150.63938,1025.3,140.8,185.0,0.0,0.0,-14.1
345.625,1998-12-11T15:00:00.0,0.16352708801436128,0.8842105263157894,0.8842105263157894,0.5895757575757712,NaN,-40.79234363636364,0.19,-16.5,-0.1,4.61,5.24,-32.71,-32.55,NaN,NaN,2.5,10.0,75.74797,-150.64902,1025.3,136.8,184.2,0.0,0.0,-16.5
345.6667,1998-12-11T16:00:02.88,1.0628282343699256,1.3473684210526318,1.3473684210526318,0.725970149253732,NaN,-6.311303731343284,0.095,-13.4,0.0,3.53,4.01,-32.88,-32.56,NaN,NaN,2.5,10.0,75.74882,-150.65649,1025.1,135.2,182.6,0.0,0.0,-13.4
345.7083,1998-12-11T16:59:57.12,0.4651422757847804,0.9641025641025643,0.9641025641025643,1.0538666666666736,NaN,-14.653990000000002,0.13,-15.0,0.0,3.57,4.04,-33.35,-32.97,NaN,NaN,2.5,10.0,75.74886,-150.66221,1024.7,134.8,181.3,0.0,0.0,-15.0
345.75,1998-12-11T18:00:00.0,0.12496218095510897,0.7348148148148149,0.7348148148148149,1.0334928229664972,NaN,-54.331646232057416,0.225,-20.9,-0.1,4.57,5.19,-33.23,-32.93,NaN,NaN,2.5,10.0,75.74836,-150.66795,1024.4,135.7,182.0,0.0,0.0,-20.9
345.7917,1998-12-11T19:00:02.88,0.15036318480339178,0.7600000000000005,0.7600000000000005,1.0124293785310776,NaN,-44.352542372881366,0.2,-17.7,NaN,4.26,4.83,-32.71,-32.43,NaN,NaN,2.5,10.0,75.74732,-150.67369,1024.2,140.6,183.7,0.0,0.0,-17.7
345.8333,1998-12-11T19:59:57.12,0.6205453647708968,1.0666666666666667,1.0666666666666667,1.0854676258992715,NaN,-10.684420413669063,0.115,-13.9,NaN,3.45,3.91,-32.55,-32.14,NaN,NaN,2.5,10.0,75.746,-150.67987,1023.9,140.5,184.1,0.0,0.0,-13.9
345.875,1998-12-11T21:00:00.0,0.2882511938173103,2.383333333333333,2.383333333333333,1.7949425287356306,NaN,-22.951724137931038,0.16,-17.4,-0.1,3.96,5.39,-32.5,-31.89,NaN,NaN,2.5,10.0,75.74414,-150.68598,1023.7,138.1,183.5,0.0,0.0,-17.4
345.9167,1998-12-11T22:00:02.88,0.27450341165181324,2.149019607843137,2.149019607843137,1.2301507537688328,NaN,-23.78978291457287,0.17,-19.9,NaN,4.36,5.73,-32.12,-31.67,NaN,NaN,2.5,10.0,75.74228,-150.69346,1023.0,138.4,184.3,0.0,0.0,-19.9
345.9583,1998-12-11T22:59:57.12,0.2516896501998025,1.6,1.6,0.9024884792626725,NaN,-25.486108755760366,0.18,-21.7,-0.2,4.46,5.54,-31.61,-31.27,NaN,NaN,2.5,10.0,75.74048,-150.70088,1022.2,138.3,186.2,0.0,0.0,-21.7
347.0,1998-12-13T00:00:00.0,1.124356955475643,2.886274509803921,2.886274509803921,1.6372815533980611,NaN,-5.289226092233012,0.085,-10.3,NaN,2.7,3.62,-29.57,-28.95,NaN,NaN,2.5,10.0,75.66904,-150.71579,1011.1,151.0,192.7,0.0,0.0,-10.3
347.0417,1998-12-13T01:00:02.88,3.2162425524358405,3.9619047619047616,3.9619047619047616,0.8009696969696968,NaN,-1.8023090909090913,0.07,-16.5,NaN,2.83,3.87,-28.9,-28.31,NaN,NaN,2.5,10.0,75.66691,-150.7118,1010.4,150.4,193.6,0.0,0.0,-16.5
347.125,1998-12-13T03:00:00.0,2.5820701458688275,5.284848484848484,5.284848484848484,3.135000000000001,NaN,-2.3505667968749995,0.055,-6.4,NaN,3.16,4.25,-30.14,-29.0,NaN,NaN,2.5,10.0,75.66192,-150.69882,1009.1,148.7,190.1,0.0,0.0,-6.4
347.1667,1998-12-13T04:00:02.88,0.6999571953221986,2.448484848484848,2.448484848484848,1.6713669064748204,NaN,-8.485843165467625,0.11,-13.9,0.0,3.38,4.39,-29.54,-28.88,NaN,NaN,2.5,10.0,75.6589,-150.68969,1008.4,149.1,191.7,0.0,0.0,-13.9
347.2083,1998-12-13T04:59:57.12,2.4757848757848757,4.017777777777777,4.017777777777777,1.0769230769230758,NaN,-2.3771033653846154,0.075,-15.6,-0.1,2.81,3.94,-29.3,-28.6,NaN,NaN,2.5,10.0,75.65562,-150.67968,1007.4,150.8,191.8,0.0,0.0,-15.6
347.25,1998-12-13T06:00:00.0,1.6767560012356546,3.657142857142857,3.657142857142857,2.057674418604649,NaN,-3.4770627906976754,0.07,-8.6,0.0,2.56,3.52,-29.06,-28.27,NaN,NaN,2.5,10.0,75.65228,-150.669,1006.7,151.8,191.6,0.0,0.0,-8.6
347.2917,1998-12-13T07:00:02.88,1.7530201815759676,3.8564102564102574,3.8564102564102574,2.802222222222219,NaN,-3.330972395833333,0.065,-7.2,-0.1,2.55,3.49,-29.11,-28.14,NaN,NaN,2.5,10.0,75.64891,-150.65983,1006.1,151.6,191.4,0.0,0.0,-7.2
347.3333,1998-12-13T07:59:57.12,1.1927991918932788,3.2666666666666684,3.2666666666666684,2.4474725274725304,NaN,-5.056984615384616,0.08,-9.1,NaN,3.17,4.15,-29.96,-29.09,NaN,NaN,2.5,10.0,75.64561,-150.64959,1005.3,151.0,191.6,0.0,0.0,-9.1
347.375,1998-12-13T09:00:00.0,2.5393796211518884,4.121212121212122,4.121212121212122,2.877460317460321,NaN,-2.3656940476190473,0.055,-6.3,NaN,2.85,3.7,-29.86,-28.83,NaN,NaN,2.5,10.0,75.64263,-150.63984,1004.8,150.7,189.7,0.0,0.0,-6.3
347.4167,1998-12-13T10:00:02.88,1.0563899116139417,3.466666666666667,3.466666666666667,3.940740740740737,NaN,-5.709044444444446,0.07,-5.4,NaN,2.75,3.66,-29.96,-29.01,NaN,NaN,2.5,10.0,75.6401,-150.63094,1003.8,150.6,191.7,0.0,0.0,-5.4
347.4583,1998-12-13T10:59:57.12,1.5521728455683774,4.906666666666666,4.906666666666666,5.848275862068978,NaN,-3.788793103448277,0.05,-2.9,-0.1,2.35,3.27,-29.3,-28.24,NaN,NaN,2.5,10.0,75.6378,-150.62198,1003.0,151.9,189.0,0.0,0.0,-2.9
347.5,1998-12-13T12:00:00.0,1.7923826952731354,3.580952380952382,3.580952380952382,2.4347826086956523,NaN,-3.2413500000000015,0.07,-9.2,NaN,2.76,3.7,-28.98,-27.98,NaN,NaN,2.5,10.0,75.6359,-150.6124,1002.3,150.6,190.6,0.0,0.0,-9.2
347.5417,1998-12-13T13:00:02.88,1.1720350277329374,3.5911111111111103,3.5911111111111103,2.8216216216216248,NaN,-4.941068412162162,0.075,-7.4,-0.1,2.87,3.88,-28.89,-28.02,NaN,NaN,2.5,10.0,75.63427,-150.60226,1001.5,151.2,190.3,0.0,0.0,-7.4
347.5833,1998-12-13T13:59:57.12,0.9682366608208055,2.823529411764705,2.823529411764705,2.4449438202247107,NaN,-5.968052949438203,0.085,-8.9,-0.1,2.96,3.86,-28.83,-28.03,NaN,NaN,2.5,10.0,75.63244,-150.5914,1001.0,150.9,192.2,0.0,0.0,-8.9
347.625,1998-12-13T15:00:00.0,1.7965681034513643,3.657142857142857,3.657142857142857,2.5808695652173888,NaN,-3.308458695652175,0.07,-9.2,NaN,2.96,3.92,-29.58,-28.52,NaN,NaN,2.5,10.0,75.63057,-150.57948,1000.7,150.4,191.2,0.0,0.0,-9.2
347.6667,1998-12-13T16:00:02.88,1.1751807536105194,3.1288888888888886,3.1288888888888886,3.17837837837838,NaN,-5.0625,0.075,-7.4,NaN,3.17,4.05,-29.6,-28.62,NaN,NaN,2.5,10.0,75.62864,-150.56679,1000.1,150.7,190.8,0.0,0.0,-7.4
347.7083,1998-12-13T16:59:57.12,1.6220129526767368,3.7714285714285705,3.7714285714285705,2.482891566265065,NaN,-3.680844578313254,0.07,-8.3,NaN,3.06,4.05,-29.69,-28.77,NaN,NaN,2.5,10.0,75.62665,-150.55431,999.5,155.0,191.7,0.0,0.0,-8.3
347.75,1998-12-13T18:00:00.0,0.6678103173630682,1.7600000000000005,1.7600000000000005,1.3440000000000056,NaN,-8.559000000000003,0.1,-10.0,NaN,3.27,3.93,-28.53,-28.11,NaN,NaN,2.5,10.0,75.62451,-150.54128,998.9,174.0,196.4,0.0,0.0,-10.0
347.7917,1998-12-13T19:00:02.88,0.8311812432641275,1.8133333333333326,1.8133333333333326,1.5103999999999997,NaN,-6.614400000000001,0.1,-12.5,-0.2,3.37,4.05,-27.56,-26.97,NaN,NaN,2.5,10.0,75.62236,-150.52784,998.4,160.7,196.9,0.0,0.0,-12.5
347.8333,1998-12-13T19:59:57.12,1.4560339203361543,1.5238095238095235,1.5238095238095235,2.53866666666666,NaN,-3.847088000000001,0.07,-7.5,NaN,2.96,3.36,-28.04,-27.19,NaN,NaN,2.5,10.0,75.62026,-150.51578,998.3,175.4,198.1,0.0,0.0,-7.5
347.875,1998-12-13T21:00:00.0,0.8796955073021532,1.3666666666666671,1.3666666666666671,1.2423529411764642,NaN,-5.979105882352941,0.08,-6.8,0.0,3.06,3.47,-26.47,-26.14,NaN,NaN,2.5,10.0,75.61822,-150.50564,998.0,197.2,204.9,0.0,0.0,-6.8
347.9167,1998-12-13T22:00:02.88,0.1826442505876979,0.9244444444444444,0.9244444444444444,0.4595744680851057,NaN,-25.711037234042553,0.15,-9.4,NaN,3.39,3.91,-23.87,-23.78,NaN,NaN,2.5,10.0,75.61653,-150.4954,997.5,221.9,215.0,0.0,0.0,-9.4
347.9583,1998-12-13T22:59:57.12,0.11786734384105903,0.8533333333333342,0.8533333333333342,-0.07868852459017624,NaN,-37.23012295081967,0.15,-6.1,-0.3,3.71,4.19,-22.43,-22.44,NaN,NaN,2.5,10.0,75.61501,-150.48546,997.1,229.6,221.5,0.0,0.0,-6.1
348.0,1998-12-14T00:00:00.0,0.036083302109874545,0.6035087719298254,0.6035087719298254,-0.8000000000000114,NaN,-119.61735,0.19,-3.8,0.2,4.43,4.86,-22.09,-22.14,NaN,NaN,2.5,10.0,75.61371,-150.47577,996.6,229.2,223.8,0.0,0.0,-3.8
348.0417,1998-12-14T01:00:02.88,0.16019796764433117,1.0488888888888894,1.0488888888888894,0.4048192771084353,NaN,-27.069126506024094,0.15,-8.3,-0.4,3.9,4.49,-22.19,-22.12,NaN,NaN,2.5,10.0,75.61247,-150.46645,996.2,201.0,220.9,0.0,0.0,-8.3
348.0833,1998-12-14T01:59:57.12,0.15705977574898106,1.1487179487179486,1.1487179487179486,0.3139622641509367,NaN,-27.408611320754716,0.13,-5.3,-0.2,3.29,3.85,-22.04,-22.0,NaN,NaN,2.5,10.0,75.61125,-150.45629,996.2,223.8,223.6,0.0,0.0,-5.3
348.125,1998-12-14T03:00:00.0,0.13898124438974793,0.7555555555555562,0.7555555555555562,-0.31135135135136316,NaN,-29.758962162162153,0.12,-3.7,0.0,2.88,3.22,-21.24,-21.27,NaN,NaN,2.5,10.0,75.61027,-150.44625,995.8,229.9,227.0,0.0,0.0,-3.7
348.1667,1998-12-14T04:00:02.88,0.06609227694563938,0.6666666666666667,0.6666666666666667,-0.6399999999999865,NaN,-60.85800000000002,0.14,-2.8,0.0,3.1,3.45,-20.7,-20.74,NaN,NaN,2.5,10.0,75.60897,-150.4369,995.5,232.2,229.3,0.0,0.0,-2.8
348.2083,1998-12-14T04:59:57.12,0.10100573292478011,0.8222222222222216,0.8222222222222216,-0.4266666666666323,NaN,-38.803200000000004,0.12,-2.7,0.1,2.68,3.05,-20.21,-20.24,NaN,NaN,2.5,10.0,75.60757,-150.4267,995.3,232.2,230.9,0.0,0.0,-2.7
348.25,1998-12-14T06:00:00.0,2.3775240052159474,2.719999999999999,2.719999999999999,0.13913043478261808,NaN,-1.63858695652174,0.05,-4.6,-0.3,2.93,3.44,-20.1,-20.06,NaN,NaN,2.5,10.0,75.60617,-150.41874,995.1,217.1,229.7,0.0,0.0,-4.6
348.3333,1998-12-14T07:59:57.12,1.7761582175557682,3.6888888888888896,3.6888888888888896,1.3016949152542323,NaN,-2.406386440677966,0.06,-5.9,NaN,2.38,3.21,-21.91,-21.51,NaN,NaN,2.5,10.0,75.60257,-150.40385,995.2,201.5,221.6,0.0,0.0,-5.9
348.375,1998-12-14T09:00:00.0,0.32191534709267133,2.0121212121212126,2.0121212121212126,0.6400000000000053,NaN,-12.922799999999999,0.11,-6.6,-0.1,2.84,3.67,-21.36,-21.24,NaN,NaN,2.5,10.0,75.60065,-150.39801,995.2,219.5,225.6,0.0,0.0,-6.6
348.4167,1998-12-14T10:00:02.88,0.4979352897850419,2.37037037037037,2.37037037037037,0.5657142857142827,NaN,-8.189533928571429,0.09,-5.6,NaN,2.52,3.32,-20.97,-20.86,NaN,NaN,2.5,10.0,75.59864,-150.3929,995.2,213.0,225.6,0.0,0.0,-5.6
348.4583,1998-12-14T10:59:57.12,0.20734752110331708,1.8399999999999999,1.8399999999999999,0.1999999999999957,NaN,-19.528125,0.1,-3.2,-0.1,2.43,3.12,-20.83,-20.81,NaN,NaN,2.5,10.0,75.59705,-150.38996,995.3,225.9,228.1,0.0,0.0,-3.2
348.5,1998-12-14T12:00:00.0,0.0226190240913852,0.8399999999999992,0.8399999999999992,-1.1428571428571592,NaN,-172.54285714285717,0.2,-2.8,NaN,3.64,4.27,-20.13,-20.18,NaN,NaN,2.5,10.0,75.59556,-150.38908,995.3,230.1,231.4,0.0,0.0,-2.8
348.5417,1998-12-14T13:00:02.88,0.0663263608731273,0.9904761904761896,0.9904761904761896,0.14147368421052328,NaN,-59.3386389473684,0.21,-9.5,NaN,4.19,4.97,-20.29,-20.27,NaN,NaN,2.5,10.0,75.59434,-150.38841,995.4,209.7,228.1,0.0,0.0,-9.5
348.5833,1998-12-14T13:59:57.12,0.022609193812844465,0.866666666666666,0.866666666666666,-1.1428571428571592,NaN,-171.60000000000005,0.2,-2.8,0.3,4.41,5.06,-20.02,-20.07,NaN,NaN,2.5,10.0,75.59301,-150.38834,995.5,229.0,231.6,0.0,0.0,-2.8
348.625,1998-12-14T15:00:00.0,0.04764362479750287,0.8399999999999999,0.8399999999999999,-0.21694915254236824,NaN,-81.55932203389831,0.2,-5.9,NaN,4.22,4.85,-20.05,-20.07,NaN,NaN,2.5,10.0,75.59159,-150.38991,995.9,217.9,230.4,0.0,0.0,-5.9
348.7083,1998-12-14T16:59:57.12,0.08881067835696445,0.7636363636363637,0.7636363636363637,0.5866666666666541,NaN,-53.77239999999999,0.22,-14.4,NaN,4.8,5.43,-24.24,-24.12,NaN,NaN,2.5,10.0,75.5883,-150.39939,997.1,149.6,211.3,0.0,0.0,-14.4
348.75,1998-12-14T18:00:00.0,0.07332578205725634,0.6666666666666673,0.6666666666666673,0.4517647058823522,NaN,-71.58663529411764,0.24,-15.3,NaN,5.22,5.82,-26.41,-26.32,NaN,NaN,2.5,10.0,75.58693,-150.4086,997.7,141.9,204.0,0.0,0.0,-15.3
348.7917,1998-12-14T19:00:02.88,0.05811552833078101,0.6826666666666673,0.6826666666666673,0.17647058823527995,NaN,-97.50689338235293,0.25,-13.6,NaN,5.64,6.28,-28.29,-28.26,NaN,NaN,2.5,10.0,75.5857,-150.41762,998.6,138.7,199.4,0.0,0.0,-13.6
348.8333,1998-12-14T19:59:57.12,0.0504839083314119,0.7878787878787884,0.7878787878787884,0.0879999999999825,NaN,-119.11118999999997,0.22,-8.0,NaN,5.33,5.98,-29.83,-29.82,NaN,NaN,2.5,10.0,75.58449,-150.42911,999.6,135.7,194.9,0.0,0.0,-8.0
348.875,1998-12-14T21:00:00.0,0.024220720441440885,0.6400000000000006,0.6400000000000006,-0.14285714285711446,NaN,-261.24441964285717,0.25,-5.6,NaN,5.85,6.45,-31.21,-31.22,NaN,NaN,2.5,10.0,75.58344,-150.43952,1000.3,133.4,191.0,0.0,0.0,-5.6
348.9167,1998-12-14T22:00:02.88,0.016570712974123727,0.7393939393939399,0.7393939393939399,-0.8123076923077233,NaN,-395.7370153846154,0.22,-2.6,0.2,6.06,6.67,-32.21,-32.24,NaN,NaN,2.5,10.0,75.58244,-150.45034,1001.2,130.0,187.7,0.0,0.0,-2.6
348.9583,1998-12-14T22:59:57.12,0.027191574492757806,0.7999999999999999,0.7999999999999999,-0.3632432432433,NaN,-247.1185216216215,0.21,-3.7,0.1,5.65,6.28,-32.91,-32.93,NaN,NaN,2.5,10.0,75.58191,-150.46085,1001.9,128.8,185.9,0.0,0.0,-3.7
349.0,1998-12-15T00:00:00.0,0.05890131358622352,0.812121212121212,0.812121212121212,0.07652173913041957,NaN,-115.69283478260871,0.22,-9.2,NaN,5.12,5.79,-33.32,-33.31,NaN,NaN,2.5,10.0,75.58156,-150.47009,1002.5,128.7,184.3,0.0,0.0,-9.2
349.0417,1998-12-15T01:00:02.88,0.03884891218476498,0.6736842105263164,0.6736842105263164,0.0,NaN,-178.5978076923077,0.19,-3.9,0.1,4.92,5.4,-33.85,-33.85,NaN,NaN,2.5,10.0,75.58115,-150.47829,1003.3,127.5,181.6,0.0,0.0,-3.9
349.0833,1998-12-15T01:59:57.12,0.07291219587831642,0.7017543859649124,0.7017543859649124,0.16657534246577949,NaN,-97.24746575342466,0.19,-7.3,0.1,4.6,5.1,-34.5,-34.48,NaN,NaN,2.5,10.0,75.58079,-150.48502,1004.2,124.6,179.4,0.0,0.0,-7.3
349.125,1998-12-15T03:00:00.0,0.07300549461231776,0.8842105263157894,0.8842105263157894,0.24986301369863967,NaN,-98.12128356164385,0.19,-7.3,0.0,4.7,5.33,-34.81,-34.78,NaN,NaN,2.5,10.0,75.58059,-150.49108,1004.9,124.8,178.3,0.0,0.0,-7.3
349.1667,1998-12-15T04:00:02.88,0.11901697792487496,0.8444444444444442,0.8444444444444442,0.45623762376236654,NaN,-61.114740594059406,0.18,-10.1,0.0,3.97,4.54,-35.28,-35.2,NaN,NaN,2.5,10.0,75.58034,-150.49531,1005.5,124.5,176.4,0.0,0.0,-10.1
349.2083,1998-12-15T04:59:57.12,0.18510871445793836,1.3977011494252878,1.3977011494252878,0.9619512195121646,NaN,-39.77340274390243,0.145,-8.2,0.0,3.03,3.79,-35.66,-35.49,NaN,NaN,2.5,10.0,75.57996,-150.49834,1006.2,124.1,175.1,0.0,0.0,-8.2
349.25,1998-12-15T06:00:00.0,0.2890510358767055,1.5146666666666657,1.5146666666666657,0.9756097560975749,NaN,-25.559737042682933,0.125,-8.2,0.0,3.43,4.14,-35.77,-35.57,NaN,NaN,2.5,10.0,75.57961,-150.50076,1006.7,124.8,175.1,0.0,0.0,-8.2
349.2917,1998-12-15T07:00:02.88,0.17158830954864404,0.9999999999999993,0.9999999999999993,0.6525490196078562,NaN,-43.285082352941174,0.16,-10.2,0.0,3.74,4.34,-35.93,-35.8,NaN,NaN,2.5,10.0,75.57886,-150.50271,1007.3,125.7,174.8,0.0,0.0,-10.2
349.3333,1998-12-15T07:59:57.12,0.23121086615445507,1.4095238095238098,1.4095238095238098,0.8765217391304335,NaN,-32.34639130434783,0.14,-9.2,0.0,3.13,3.87,-36.15,-35.97,NaN,NaN,2.5,10.0,75.57806,-150.50464,1007.9,125.3,174.1,0.0,0.0,-9.2
349.375,1998-12-15T09:00:00.0,0.6474119361378611,2.6666666666666674,2.6666666666666674,1.5999999999999848,NaN,-11.692800000000002,0.08,-4.8,0.0,2.61,3.41,-36.54,-36.24,NaN,NaN,2.5,10.0,75.57742,-150.5064,1008.6,124.4,172.4,0.0,0.0,-4.8
349.4167,1998-12-15T10:00:02.88,0.5110669933260116,2.1066666666666665,2.1066666666666665,1.3837837837837852,NaN,-14.82567567567568,0.1,-7.4,0.0,2.91,3.7,-36.57,-36.25,NaN,NaN,2.5,10.0,75.57683,-150.50957,1009.0,124.6,172.4,0.0,0.0,-7.4
349.4583,1998-12-15T10:59:57.12,1.3431490596196232,1.8222222222222229,1.8222222222222229,2.1485714285714232,NaN,-5.660742857142856,0.06,-4.2,0.0,2.58,2.99,-36.69,-36.22,NaN,NaN,2.5,10.0,75.57611,-150.51196,1009.5,125.2,171.3,0.0,0.0,-4.2
349.5417,1998-12-15T13:00:02.88,0.8241276071964968,2.7,2.7,1.6367213114753825,NaN,-9.31168524590164,0.08,-6.1,0.0,2.28,3.09,-36.98,-36.59,NaN,NaN,2.5,10.0,75.5758,-150.51847,1010.6,128.3,169.8,0.0,0.0,-6.1
349.7083,1998-12-15T16:59:57.12,1.7456165240258446,3.587878787878787,3.587878787878787,1.8857142857142974,NaN,-4.388734821428571,0.055,-4.2,0.0,2.06,2.8,-36.93,-36.48,NaN,NaN,2.5,10.0,75.57602,-150.52233,1012.5,132.3,172.0,0.0,0.0,-4.2
351.4167,1998-12-17T10:00:02.88,1.000740789413282,1.8285714285714285,1.8285714285714285,3.030588235294124,NaN,-6.167947058823532,0.07,-5.1,NaN,2.64,3.12,-30.57,-29.88,NaN,NaN,2.5,10.0,75.57495,-150.39128,1024.7,193.5,194.9,0.0,0.0,-5.1
351.4583,1998-12-17T10:59:57.12,0.3814074362070024,1.0666666666666675,1.0666666666666675,1.2912280701754413,NaN,-15.22105263157895,0.1,-5.7,NaN,2.57,2.97,-28.92,-28.69,NaN,NaN,2.5,10.0,75.57424,-150.38467,1024.9,192.6,199.8,0.0,0.0,-5.7
351.5,1998-12-17T12:00:00.0,0.701209514934208,1.2952380952380962,1.2952380952380962,0.8088888888888828,NaN,-8.143391666666668,0.07,-3.6,0.0,2.53,2.87,-28.49,-28.36,NaN,NaN,2.5,10.0,75.5738,-150.37906,1025.2,196.4,202.0,0.0,0.0,-3.6
351.5417,1998-12-17T13:00:02.88,0.2647824143599353,0.5629629629629628,0.5629629629629628,0.5958620689655045,NaN,-20.768958620689652,0.09,-2.9,0.1,2.64,2.83,-27.54,-27.48,NaN,NaN,2.5,10.0,75.57297,-150.37376,1025.2,208.5,206.4,0.0,0.0,-2.9
351.5833,1998-12-17T13:59:57.12,0.3018019614160893,0.6901960784313718,0.6901960784313718,0.3885714285714548,NaN,-17.219626339285725,0.085,-2.8,0.0,2.64,2.86,-26.17,-26.13,NaN,NaN,2.5,10.0,75.57211,-150.36812,1025.2,209.9,209.9,0.0,0.0,-2.8
351.625,1998-12-17T15:00:00.0,1.0549875990563182,0.4800000000000016,0.4800000000000016,0.2399999999999807,NaN,-4.7250000000000005,0.05,-2.0,NaN,2.84,2.93,-25.2,-25.17,NaN,NaN,2.5,10.0,75.57118,-150.36294,1025.4,216.9,213.4,0.0,0.0,-2.0
351.6667,1998-12-17T16:00:02.88,0.20360327789828875,0.5066666666666665,0.5066666666666665,0.0,NaN,-23.429032258064517,0.1,-3.1,-0.2,2.74,2.93,-24.21,-24.21,NaN,NaN,2.5,10.0,75.57038,-150.35792,1025.5,221.9,217.0,0.0,0.0,-3.1
351.7083,1998-12-17T16:59:57.12,0.40871730261579076,1.200000000000001,1.200000000000001,0.8000000000000113,NaN,-11.1264,0.08,-3.2,-0.2,2.26,2.62,-23.18,-23.08,NaN,NaN,2.5,10.0,75.56949,-150.35325,1025.8,219.2,219.2,0.0,0.0,-3.2
351.75,1998-12-17T18:00:00.0,0.4297320359565469,1.7185185185185186,1.7185185185185186,0.42000000000000165,NaN,-10.32901875,0.09,-4.8,NaN,2.53,3.11,-22.67,-22.6,NaN,NaN,2.5,10.0,75.56881,-150.3486,1026.0,213.3,220.1,0.0,0.0,-4.8
351.7917,1998-12-17T19:00:02.88,0.09819786447074551,1.3142857142857143,1.3142857142857143,0.6556097560975471,NaN,-48.99043902439026,0.14,-4.1,NaN,3.07,3.76,-24.4,-24.34,NaN,NaN,2.5,10.0,75.56815,-150.34491,1026.5,185.0,213.6,0.0,0.0,-4.1
352.0833,1998-12-18T01:59:57.12,2.314626058357457,2.577777777777778,2.577777777777778,0.9215999999999985,NaN,-2.424384,0.06,-7.5,0.0,2.32,2.9,-28.06,-27.7,NaN,NaN,2.5,10.0,75.56046,-150.31527,1027.9,181.3,200.4,0.0,0.0,-7.5
352.125,1998-12-18T03:00:00.0,0.644221582057124,2.4969696969696975,2.4969696969696975,1.5399999999999963,NaN,-9.158943749999997,0.11,-12.8,NaN,2.76,3.79,-29.36,-28.8,NaN,NaN,2.5,10.0,75.55919,-150.31187,1028.1,139.2,192.2,0.0,0.0,-12.8
352.25,1998-12-18T06:00:00.0,1.1513922339121985,1.447619047619049,1.447619047619049,2.317241379310351,NaN,-5.913201724137933,0.07,-5.8,0.0,2.03,2.41,-33.33,-32.73,NaN,NaN,2.5,10.0,75.55613,-150.30464,1028.5,139.1,182.9,0.0,0.0,-5.8
352.3333,1998-12-18T07:59:57.12,0.5056736254780264,0.9333333333333336,0.9333333333333336,2.3783783783783665,NaN,-13.848648648648648,0.1,-7.4,0.0,2.35,2.7,-34.16,-33.61,NaN,NaN,2.5,10.0,75.55458,-150.29924,1029.2,136.9,180.4,0.0,0.0,-7.4
352.375,1998-12-18T09:00:00.0,0.46257729268898407,0.921212121212121,0.921212121212121,1.9555555555555557,NaN,-15.262133333333333,0.11,-9.0,0.0,2.67,3.05,-34.4,-33.9,NaN,NaN,2.5,10.0,75.5537,-150.29634,1029.5,136.7,179.7,0.0,0.0,-9.0
352.4167,1998-12-18T10:00:02.88,0.5605021966330022,0.921212121212121,0.921212121212121,1.517798165137611,NaN,-12.638394495412841,0.11,-10.9,0.0,2.67,3.05,-34.5,-34.03,NaN,NaN,2.5,10.0,75.55284,-150.29317,1029.7,136.9,179.5,0.0,0.0,-10.9
352.4583,1998-12-18T10:59:57.12,0.20971714586300425,0.5019607843137252,0.5019607843137252,0.7565562913907316,NaN,-32.83575894039736,0.17,-15.1,-0.2,3.46,3.78,-33.64,-33.43,NaN,NaN,2.5,10.0,75.55167,-150.29039,1029.9,137.0,179.8,0.0,0.0,-15.1
352.5,1998-12-18T12:00:00.0,0.3642582324975881,0.6666666666666663,0.6666666666666663,1.4608695652173973,NaN,-19.355478260869567,0.12,-9.2,NaN,2.6,2.9,-34.35,-34.0,NaN,NaN,2.5,10.0,75.55043,-150.28759,1030.0,138.1,179.1,0.0,0.0,-9.2
352.5417,1998-12-18T13:00:02.88,0.49528085321088483,0.8969696969696963,0.8969696969696963,2.126666666666687,NaN,-14.69923125,0.11,-9.6,0.0,2.68,3.05,-35.34,-34.76,NaN,NaN,2.5,10.0,75.5492,-150.2851,1030.1,137.6,178.2,0.0,0.0,-9.6
352.5833,1998-12-18T13:59:57.12,0.33959846376138003,0.5904761904761905,0.5904761904761905,1.5152941176470618,NaN,-21.04002352941177,0.14,-13.6,NaN,2.71,3.02,-34.76,-34.3,NaN,NaN,2.5,10.0,75.54796,-150.28326,1030.2,138.2,178.9,0.0,0.0,-13.6
352.625,1998-12-18T15:00:00.0,1.8766166157753696,1.1555555555555557,1.1555555555555557,2.0827118644067815,NaN,-3.897884745762712,0.06,-5.9,0.0,1.93,2.19,-35.49,-34.85,NaN,NaN,2.5,10.0,75.54679,-150.28134,1030.2,139.8,177.4,0.0,0.0,-5.9
352.6667,1998-12-18T16:00:02.88,1.3354756953925215,1.644444444444445,1.644444444444445,1.7828571428571454,NaN,-5.444742857142856,0.06,-4.2,0.0,1.81,2.18,-35.29,-34.9,NaN,NaN,2.5,10.0,75.54539,-150.28,1030.3,159.8,181.1,0.0,0.0,-4.2
352.7083,1998-12-18T16:59:57.12,0.3011363818287216,0.8156862745098038,0.8156862745098038,1.3096296296295837,NaN,-23.548281944444447,0.085,-2.7,0.0,1.93,2.19,-34.51,-34.38,NaN,NaN,2.5,10.0,75.54444,-150.27907,1030.1,158.6,182.9,0.0,0.0,-2.7
352.75,1998-12-18T18:00:00.0,0.32059829327978917,0.8666666666666675,0.8666666666666675,1.3866666666666179,NaN,-21.862400000000004,0.08,-2.4,0.0,1.92,2.18,-34.16,-34.03,NaN,NaN,2.5,10.0,75.54333,-150.27753,1030.0,163.2,184.3,0.0,0.0,-2.4
352.7917,1998-12-18T19:00:02.88,0.3976942973799851,0.8380952380952388,0.8380952380952388,0.44800000000007,NaN,-17.210025000000005,0.07,-2.0,0.0,2.02,2.24,-33.45,-33.41,NaN,NaN,2.5,10.0,75.54233,-150.27675,1030.2,169.6,186.7,0.0,0.0,-2.0
352.9167,1998-12-18T22:00:02.88,0.2769285724992652,0.41481481481481514,0.41481481481481514,0.28799999999997683,NaN,-22.015799999999995,0.09,-3.0,0.0,2.44,2.58,-30.2,-30.17,NaN,NaN,2.5,10.0,75.53968,-150.27088,1030.1,185.1,196.3,0.0,0.0,-3.0
352.9583,1998-12-18T22:59:57.12,0.09177604239458158,-0.14358974358974325,-0.14358974358974325,-0.4159999999999665,NaN,-65.62438999999999,0.13,-3.0,0.0,2.75,2.68,-29.87,-29.9,NaN,NaN,2.5,10.0,75.53847,-150.2687,1029.9,189.6,198.4,0.0,0.0,-3.0
353.0,1998-12-19T00:00:00.0,0.1742348147988335,-0.06153846153846113,-0.06153846153846113,0.2919298245613973,NaN,-34.35414210526316,0.13,-5.7,-0.1,3.17,3.14,-29.71,-29.67,NaN,NaN,2.5,10.0,75.53735,-150.2674,1029.6,172.9,196.8,0.0,0.0,-5.7
353.0417,1998-12-19T01:00:02.88,0.15919487361872,-0.1555555555555552,-0.1555555555555552,0.09365853658534723,NaN,-37.26158048780488,0.12,-4.1,NaN,2.65,2.58,-29.47,-29.46,NaN,NaN,2.5,10.0,75.53641,-150.26776,1029.3,184.4,198.7,0.0,0.0,-4.1
353.0833,1998-12-19T01:59:57.12,0.20328230933222383,0.8140350877192983,0.8140350877192983,1.0523076923076908,NaN,-28.975977403846155,0.095,-2.6,0.0,2.3,2.59,-29.29,-29.2,NaN,NaN,2.5,10.0,75.5352,-150.26859,1029.0,177.9,198.3,0.0,0.0,-2.6
353.125,1998-12-19T03:00:00.0,1.2736635225503141,1.2000000000000002,1.2000000000000002,1.5453658536585286,NaN,-4.686146341463414,0.06,-4.1,0.1,2.14,2.41,-29.65,-29.32,NaN,NaN,2.5,10.0,75.5343,-150.27078,1028.6,162.1,193.9,0.0,0.0,-4.1
353.1667,1998-12-19T04:00:02.88,0.15778860456063432,0.2773333333333331,0.2773333333333331,0.7826086956521727,NaN,-37.13060461956522,0.125,-4.6,-0.1,2.75,2.88,-29.15,-29.06,NaN,NaN,2.5,10.0,75.5335,-150.27251,1028.3,185.0,199.1,0.0,0.0,-4.6
353.2083,1998-12-19T04:59:57.12,0.9387820893344223,0.9142857142857133,0.9142857142857133,1.3533333333333293,NaN,-6.339068750000002,0.07,-4.8,0.0,2.04,2.28,-29.57,-29.28,NaN,NaN,2.5,10.0,75.53278,-150.27411,1028.2,158.7,193.4,0.0,0.0,-4.8
353.25,1998-12-19T06:00:00.0,1.489521832445096,1.7523809523809522,1.7523809523809522,1.974736842105258,NaN,-4.098398684210527,0.07,-7.6,0.0,2.34,2.8,-30.27,-29.6,NaN,NaN,2.5,10.0,75.53204,-150.27567,1028.0,140.5,187.6,0.0,0.0,-7.6
353.7083,1998-12-19T16:59:57.12,0.6180608879959608,0.6333333333333332,0.6333333333333332,9.01565217391303,NaN,-12.117704347826091,0.08,-4.6,NaN,2.15,2.34,-36.29,-34.67,NaN,NaN,2.5,10.0,75.52033,-150.27403,1024.6,130.3,171.4,0.0,0.0,-4.6
353.75,1998-12-19T18:00:00.0,1.0434068029829016,0.7619047619047618,0.7619047619047618,9.132307692307684,NaN,-7.252471153846155,0.07,-5.2,NaN,1.55,1.75,-36.65,-34.53,NaN,NaN,2.5,10.0,75.51921,-150.27369,1024.3,129.2,170.3,0.0,0.0,-5.2
353.7917,1998-12-19T19:00:02.88,1.4233933348872927,0.8761904761904761,0.8761904761904761,8.455211267605634,NaN,-5.321814084507044,0.07,-7.1,NaN,1.76,1.99,-36.72,-34.04,NaN,NaN,2.5,10.0,75.51803,-150.27343,1023.9,128.6,169.9,0.0,0.0,-7.1
353.8333,1998-12-19T19:59:57.12,1.5612686118652912,0.9333333333333332,0.9333333333333332,7.640816326530623,NaN,-4.834873469387754,0.06,-4.9,NaN,1.56,1.77,-36.56,-34.61,NaN,NaN,2.5,10.0,75.51677,-150.27275,1023.8,127.8,169.3,0.0,0.0,-4.9
353.875,1998-12-19T21:00:00.0,1.4356310454555037,0.8888888888888887,0.8888888888888887,7.296000000000004,NaN,-5.290559999999999,0.06,-4.5,NaN,1.46,1.66,-36.74,-35.03,NaN,NaN,2.5,10.0,75.51562,-150.27135,1023.6,127.6,168.5,0.0,0.0,-4.5
354.0833,1998-12-20T01:59:57.12,2.119078421807951,7.4222222222222225,7.4222222222222225,3.6363636363636362,NaN,-3.7328727272727273,0.06,-6.6,0.0,2.14,3.81,-38.02,-36.77,NaN,NaN,2.5,10.0,75.50835,-150.26259,1021.8,126.6,166.3,0.0,0.0,-6.6
354.125,1998-12-20T03:00:00.0,2.1666918591529245,7.95151515151515,7.95151515151515,4.061538461538447,NaN,-3.637853365384615,0.055,-5.2,0.0,2.14,3.78,-37.9,-36.7,NaN,NaN,2.5,10.0,75.50688,-150.2615,1021.3,134.1,168.1,0.0,0.0,-5.2
354.2083,1998-12-20T04:59:57.12,1.3298248147388287,5.4303030303030315,5.4303030303030315,3.5749999999999917,NaN,-5.7711328124999985,0.055,-3.2,0.0,2.02,3.14,-37.0,-36.35,NaN,NaN,2.5,10.0,75.50441,-150.26029,1020.5,150.8,173.4,0.0,0.0,-3.2
354.25,1998-12-20T06:00:00.0,1.6617539794195968,6.351515151515152,6.351515151515152,3.167999999999995,NaN,-4.611915,0.055,-4.0,0.0,2.13,3.44,-36.96,-36.24,NaN,NaN,2.5,10.0,75.50328,-150.25956,1020.2,134.6,171.4,0.0,0.0,-4.0
354.3333,1998-12-20T07:59:57.12,1.0078417290896393,4.553846153846154,4.553846153846154,2.912000000000012,NaN,-7.649679375,0.065,-4.0,0.0,1.83,2.94,-37.14,-36.58,NaN,NaN,2.5,10.0,75.5012,-150.25864,1019.8,145.5,172.6,0.0,0.0,-4.0
354.375,1998-12-20T09:00:00.0,1.1298039341016803,5.028571428571429,5.028571428571429,2.9600000000000084,NaN,-6.844687500000003,0.07,-5.6,0.0,2.26,3.58,-37.25,-36.51,NaN,NaN,2.5,10.0,75.49993,-150.25856,1019.6,129.7,169.7,0.0,0.0,-5.6
355.2083,1998-12-21T04:59:57.12,2.208713272543059,5.120000000000001,5.120000000000001,2.960000000000008,NaN,-3.435,0.05,-4.0,-0.1,1.89,2.85,-36.64,-35.9,NaN,NaN,2.5,10.0,75.47102,-150.26398,1019.2,150.4,173.0,0.0,0.0,-4.0
355.2917,1998-12-21T07:00:02.88,0.9247589387464432,3.0769230769230766,3.0769230769230766,3.429189189189186,NaN,-7.849079391891892,0.065,-3.7,0.0,2.55,3.3,-35.25,-34.64,NaN,NaN,2.5,10.0,75.46668,-150.25901,1018.9,150.8,176.1,0.0,0.0,-3.7
355.3333,1998-12-21T07:59:57.12,1.8698985585120371,3.200000000000001,3.200000000000001,1.5294915254237247,NaN,-3.794644067796609,0.06,-5.9,0.0,2.67,3.39,-34.55,-34.08,NaN,NaN,2.5,10.0,75.46436,-150.25529,1018.7,157.7,179.4,0.0,0.0,-5.9
355.375,1998-12-21T09:00:00.0,0.3142338934434653,1.7855072463768116,1.7855072463768116,1.4720000000000057,NaN,-22.037478750000002,0.115,-7.0,0.0,3.2,3.97,-33.81,-33.53,NaN,NaN,2.5,10.0,75.46178,-150.25067,1018.6,157.9,181.3,0.0,0.0,-7.0
355.4167,1998-12-21T10:00:02.88,0.48416157487539885,1.573333333333333,1.573333333333333,1.3971830985915599,NaN,-14.171830985915499,0.1,-7.1,0.0,2.98,3.57,-33.54,-33.23,NaN,NaN,2.5,10.0,75.45913,-150.24519,1018.3,155.4,182.1,0.0,0.0,-7.1
355.4583,1998-12-21T10:59:57.12,0.5318736315295588,1.6000000000000003,1.6000000000000003,1.5179487179487368,NaN,-12.907692307692312,0.1,-7.8,0.0,3.1,3.7,-33.56,-33.19,NaN,NaN,2.5,10.0,75.4563,-150.23892,1018.1,152.5,181.6,0.0,0.0,-7.8
355.5,1998-12-21T12:00:00.0,0.47664659442749857,1.803174603174603,1.803174603174603,1.700740740740756,NaN,-14.294524999999997,0.105,-8.1,0.0,3.3,4.01,-33.34,-32.93,NaN,NaN,2.5,10.0,75.45357,-150.23262,1017.9,145.6,181.1,0.0,0.0,-8.1
355.5417,1998-12-21T13:00:02.88,1.9547404010930485,3.7688888888888905,3.7688888888888905,1.0710743801653015,NaN,-3.506095041322314,0.075,-12.1,0.0,3.01,4.07,-33.52,-32.98,NaN,NaN,2.5,10.0,75.45057,-150.22566,1017.4,141.8,180.1,0.0,0.0,-12.1
355.5833,1998-12-21T13:59:57.12,1.0514760472022506,2.766666666666667,2.766666666666667,1.782278481012649,NaN,-6.513417721518988,0.08,-7.9,0.0,3.0,3.83,-33.5,-32.95,NaN,NaN,2.5,10.0,75.44723,-150.2188,1017.1,145.9,180.2,0.0,0.0,-7.9
355.625,1998-12-21T15:00:00.0,0.3411346237811091,1.6213333333333328,1.6213333333333328,1.5102040816326714,NaN,-19.640864158163264,0.125,-9.8,0.0,3.24,4.0,-32.85,-32.48,NaN,NaN,2.5,10.0,75.44354,-150.21244,1016.8,160.9,185.0,0.0,0.0,-9.8
355.6667,1998-12-21T16:00:02.88,0.4419990793836246,1.6820512820512816,1.6820512820512816,0.6981818181818239,NaN,-14.979545454545454,0.13,-14.3,-0.1,3.57,4.39,-32.5,-32.26,NaN,NaN,2.5,10.0,75.43992,-150.2063,1016.4,143.9,183.4,0.0,0.0,-14.3
355.7083,1998-12-21T16:59:57.12,0.2904985604064001,1.5500000000000003,1.5500000000000003,0.7314285714285714,NaN,-23.038244571428574,0.16,-17.5,0.0,3.98,4.91,-32.81,-32.56,NaN,NaN,2.5,10.0,75.43612,-150.20075,1016.1,140.5,182.7,0.0,0.0,-17.5
355.75,1998-12-21T18:00:00.0,0.4151292509252348,1.8051282051282047,1.8051282051282047,0.8071641791044936,NaN,-16.261079104477613,0.13,-13.4,0.0,3.67,4.55,-33.06,-32.8,NaN,NaN,2.5,10.0,75.43221,-150.19453,1015.8,141.6,182.6,0.0,0.0,-13.4
355.7917,1998-12-21T19:00:02.88,0.14453022913976182,1.24952380952381,1.24952380952381,0.6877192982456168,NaN,-45.96369243421052,0.175,-11.4,0.0,4.29,5.11,-32.59,-32.45,NaN,NaN,2.5,10.0,75.42808,-150.18999,1015.5,159.5,186.3,0.0,0.0,-11.4
355.8333,1998-12-21T19:59:57.12,0.07841068738672846,1.011965811965811,1.011965811965811,0.362790697674398,NaN,-81.03768619186046,0.195,-8.6,0.0,4.4,5.14,-31.33,-31.28,NaN,NaN,2.5,10.0,75.42395,-150.18412,1015.3,177.9,192.1,0.0,0.0,-8.6
355.875,1998-12-21T21:00:00.0,0.09002408080422887,1.092682926829268,1.092682926829268,0.3993043478260886,NaN,-69.10828532608693,0.205,-11.5,-0.1,4.51,5.35,-30.75,-30.68,NaN,NaN,2.5,10.0,75.41975,-150.17815,1015.1,169.6,192.1,0.0,0.0,-11.5
355.9167,1998-12-21T22:00:02.88,0.08349152130555856,0.9391304347826082,0.9391304347826082,0.43867549668874106,NaN,-72.90530860927153,0.23,-15.1,-0.2,4.73,5.54,-30.16,-30.07,NaN,NaN,2.5,10.0,75.41541,-150.171,1014.8,160.6,192.7,0.0,0.0,-15.1
355.9583,1998-12-21T22:59:57.12,0.1608389987639061,1.1866666666666674,1.1866666666666674,0.6701570680628248,NaN,-38.38743455497383,0.2,-19.1,-0.2,4.51,5.4,-30.55,-30.35,NaN,NaN,2.5,10.0,75.41076,-150.16381,1014.4,149.2,190.0,0.0,0.0,-19.1
356.0,1998-12-22T00:00:00.0,0.1815707422437561,1.2491228070175446,1.2491228070175446,0.7558918918918933,NaN,-33.80189351351351,0.19,-18.5,-0.2,4.51,5.4,-30.39,-30.16,NaN,NaN,2.5,10.0,75.40634,-150.15611,1013.9,150.8,190.7,0.0,0.0,-18.5
356.0417,1998-12-22T01:00:02.88,0.05462100857723657,0.8691358024691356,0.8691358024691356,0.593999999999997,NaN,-110.27400750000001,0.27,-16.0,-0.1,5.44,6.32,-29.88,-29.77,NaN,NaN,2.5,10.0,75.40154,-150.14776,1013.3,162.6,193.8,0.0,0.0,-16.0
356.0833,1998-12-22T01:59:57.12,0.09925467219194385,1.009929078014184,1.009929078014184,0.5091666666666768,NaN,-59.840170507812495,0.235,-19.2,-0.1,5.23,6.12,-29.51,-29.38,NaN,NaN,2.5,10.0,75.39691,-150.13842,1012.8,156.4,194.7,0.0,0.0,-19.2
356.125,1998-12-22T03:00:00.0,0.08939915780583678,1.0974358974358975,1.0974358974358975,0.5664680851063836,NaN,-64.39547234042554,0.26,-23.5,-0.2,5.96,7.03,-28.7,-28.54,NaN,NaN,2.5,10.0,75.39248,-150.1291,1012.0,163.9,197.6,0.0,0.0,-23.5
356.1667,1998-12-22T04:00:02.88,0.06401046505976161,0.9000000000000006,0.9000000000000006,0.4042105263157911,NaN,-85.5632842105263,0.24,-13.3,0.0,5.43,6.24,-27.44,-27.37,NaN,NaN,2.5,10.0,75.38805,-150.12064,1011.4,190.1,203.6,0.0,0.0,-13.3
356.2083,1998-12-22T04:59:57.12,0.040789486729473835,0.9435897435897443,0.9435897435897443,0.07703703703704907,NaN,-131.08766666666665,0.26,-10.8,-0.1,6.06,6.98,-26.85,-26.84,NaN,NaN,2.5,10.0,75.38354,-150.11173,1010.9,185.2,205.3,0.0,0.0,-10.8
356.25,1998-12-22T06:00:00.0,0.0682424530318481,1.0370370370370368,1.0370370370370368,0.4277227722772339,NaN,-79.86231089108912,0.27,-20.2,-0.5,5.34,6.39,-27.32,-27.22,NaN,NaN,2.5,10.0,75.37918,-150.10314,1010.5,160.0,201.3,0.0,0.0,-20.2
356.2917,1998-12-22T07:00:02.88,0.0815107163827476,1.1897435897435897,1.1897435897435897,0.4643720930232596,NaN,-68.27662883720932,0.26,-21.5,-0.4,5.45,6.61,-27.84,-27.72,NaN,NaN,2.5,10.0,75.37495,-150.09493,1010.0,160.6,200.1,0.0,0.0,-21.5
356.3333,1998-12-22T07:59:57.12,0.08796147882151312,1.1626666666666665,1.1626666666666665,0.5436893203883517,NaN,-64.07766990291262,0.25,-20.6,-0.2,5.03,6.12,-28.16,-28.02,NaN,NaN,2.5,10.0,75.37067,-150.08613,1009.6,151.1,198.1,0.0,0.0,-20.6
356.375,1998-12-22T09:00:00.0,0.10351290698387396,1.248,1.248,0.5619834710743858,NaN,-55.39772727272727,0.25,-24.2,-0.3,5.14,6.31,-28.6,-28.43,NaN,NaN,2.5,10.0,75.36615,-150.07778,1009.1,154.7,197.0,0.0,0.0,-24.2
356.4167,1998-12-22T10:00:02.88,0.08624469061754085,1.1306666666666663,1.1306666666666663,0.4356435643564334,NaN,-65.25371287128714,0.25,-20.2,-0.2,5.33,6.39,-28.12,-28.01,NaN,NaN,2.5,10.0,75.36148,-150.06892,1008.6,168.6,200.4,0.0,0.0,-20.2
356.4583,1998-12-22T10:59:57.12,0.43085445153862034,2.0266666666666664,2.0266666666666664,0.7706422018348654,NaN,-13.102121559633028,0.15,-21.8,-0.3,3.96,5.1,-28.21,-27.86,NaN,NaN,2.5,10.0,75.35666,-150.05996,1008.0,150.8,197.1,0.0,0.0,-21.8
356.5,1998-12-22T12:00:00.0,0.13999711657314948,1.321212121212121,1.321212121212121,0.3457142857142839,NaN,-39.24548571428571,0.22,-22.4,-0.5,5.53,6.62,-27.52,-27.41,NaN,NaN,2.5,10.0,75.35191,-150.05028,1007.2,176.7,202.0,0.0,0.0,-22.4
356.5417,1998-12-22T13:00:02.88,0.05173486773999944,0.9538461538461543,0.9538461538461543,0.24291970802919197,NaN,-103.26220729927006,0.26,-13.7,-0.3,5.93,6.86,-26.83,-26.79,NaN,NaN,2.5,10.0,75.34687,-150.04025,1006.6,188.8,206.1,0.0,0.0,-13.7
356.5833,1998-12-22T13:59:57.12,0.1377473396707322,1.2637681159420286,1.2637681159420286,0.3781818181818153,NaN,-38.087999999999994,0.23,-25.3,-0.6,5.74,6.83,-26.4,-26.27,NaN,NaN,2.5,10.0,75.34196,-150.02954,1005.9,160.4,203.6,0.0,0.0,-25.3
356.625,1998-12-22T15:00:00.0,0.18700019155540035,1.3714285714285717,1.3714285714285717,0.5149425287356303,NaN,-28.570717241379306,0.21,-26.1,-0.8,5.31,6.39,-26.84,-26.64,NaN,NaN,2.5,10.0,75.33722,-150.01932,1005.4,161.5,202.4,0.0,0.0,-26.1
356.6667,1998-12-22T16:00:02.88,0.019808563210757874,0.8643678160919545,0.8643678160919545,-0.12712328767125272,NaN,-261.4968534246575,0.29,-7.3,0.3,7.28,8.22,-26.09,-26.1,NaN,NaN,2.5,10.0,75.33276,-150.01063,1004.8,203.6,210.2,0.0,0.0,-7.3
356.7083,1998-12-22T16:59:57.12,0.006899201479720683,0.8392156862745093,0.8392156862745093,-1.5921951219511858,NaN,-745.1463219512199,0.34,-4.1,0.4,7.2,8.27,-25.91,-25.97,NaN,NaN,2.5,10.0,75.32834,-150.00245,1004.5,200.0,209.9,0.0,0.0,-4.1
356.75,1998-12-22T18:00:00.0,0.007356445097832716,0.7929824561403508,0.7929824561403508,-1.3954098360655796,NaN,-702.7214163934426,0.38,-6.1,0.9,7.95,9.08,-26.04,-26.11,NaN,NaN,2.5,10.0,75.32415,-149.99498,1004.2,196.9,210.5,0.0,0.0,-6.1
356.7917,1998-12-22T19:00:02.88,0.02022018566087904,0.8392156862745099,0.8392156862745099,-0.09066666666668083,NaN,-258.12902,0.34,-12.0,0.2,6.8,7.87,-26.27,-26.28,NaN,NaN,2.5,10.0,75.32019,-149.98859,1004.2,174.7,208.2,0.0,0.0,-12.0
356.8333,1998-12-22T19:59:57.12,0.0737935528491675,1.1358024691358026,1.1358024691358026,0.3945205479452112,NaN,-71.93732054794522,0.27,-21.9,-0.5,5.96,7.11,-26.68,-26.58,NaN,NaN,2.5,10.0,75.31658,-149.98385,1004.1,152.1,203.3,0.0,0.0,-21.9
356.875,1998-12-22T21:00:00.0,0.08802455743626462,1.1897435897435897,1.1897435897435897,0.5356223175965613,NaN,-61.07848583690987,0.26,-23.3,-0.5,5.55,6.71,-26.99,-26.84,NaN,NaN,2.5,10.0,75.31364,-149.97985,1004.0,152.7,202.3,0.0,0.0,-23.3
356.9167,1998-12-22T22:00:02.88,0.13551095938200025,1.3913043478260871,1.3913043478260871,0.593548387096772,NaN,-40.20997258064516,0.23,-24.8,-0.3,5.34,6.54,-27.32,-27.12,NaN,NaN,2.5,10.0,75.31084,-149.97594,1004.0,147.0,200.2,0.0,0.0,-24.8
356.9583,1998-12-22T22:59:57.12,0.039692704778889296,0.9743589743589743,0.9743589743589743,0.31695238095237416,NaN,-136.03824,0.26,-10.5,0.0,5.46,6.41,-27.09,-27.05,NaN,NaN,2.5,10.0,75.3079,-149.97256,1004.1,195.3,205.8,0.0,0.0,-10.5
357.0417,1998-12-23T01:00:02.88,0.11873578045015032,1.3466666666666662,1.3466666666666662,0.5370629370629415,NaN,-45.43216783216784,0.2,-14.3,0.0,4.28,5.29,-27.07,-26.95,NaN,NaN,2.5,10.0,75.30158,-149.96778,1004.4,154.2,202.7,0.0,0.0,-14.3
357.0833,1998-12-23T01:59:57.12,0.9536409043974997,3.8222222222222224,3.8222222222222224,1.772307692307694,NaN,-6.073130769230769,0.09,-10.4,-0.1,2.69,3.98,-28.88,-28.24,NaN,NaN,2.5,10.0,75.29902,-149.96733,1004.6,148.6,195.4,0.0,0.0,-10.4
357.125,1998-12-23T03:00:00.0,0.41457754585366363,2.1333333333333324,2.1333333333333324,1.3176470588235296,NaN,-14.076720000000002,0.14,-17.0,NaN,3.1,4.22,-29.07,-28.57,NaN,NaN,2.5,10.0,75.29701,-149.96714,1004.8,141.9,193.9,0.0,0.0,-17.0
357.1667,1998-12-23T04:00:02.88,2.7417439016871823,9.333333333333334,9.333333333333334,4.2352941176470535,NaN,-2.244117647058824,0.05,-5.1,0.0,2.23,3.98,-30.52,-29.17,NaN,NaN,2.5,10.0,75.2957,-149.96692,1004.9,138.0,188.5,0.0,0.0,-5.1
357.25,1998-12-23T06:00:00.0,0.5576089818439913,3.4666666666666672,3.4666666666666672,2.0945454545454574,NaN,-11.198165034965035,0.12,-14.3,-0.1,3.15,4.71,-30.89,-30.11,NaN,NaN,2.5,10.0,75.29345,-149.96224,1005.4,138.3,187.1,0.0,0.0,-14.3
357.2917,1998-12-23T07:00:02.88,0.7911126734352059,3.6266666666666665,3.6266666666666665,1.6136752136752135,NaN,-8.112820512820516,0.1,-11.7,-0.1,2.93,4.29,-31.64,-31.05,NaN,NaN,2.5,10.0,75.29243,-149.96014,1005.7,138.3,185.7,0.0,0.0,-11.7
357.3333,1998-12-23T07:59:57.12,0.6812721053309053,2.9333333333333345,2.9333333333333345,1.3397014925373083,NaN,-9.472945522388057,0.11,-13.4,0.0,3.15,4.36,-31.79,-31.28,NaN,NaN,2.5,10.0,75.29132,-149.95809,1006.0,138.5,185.3,0.0,0.0,-13.4
357.375,1998-12-23T09:00:00.0,0.6661851778315683,2.7151515151515144,2.7151515151515144,1.3166412213740415,NaN,-9.705123664122137,0.11,-13.1,-0.1,3.14,4.26,-31.84,-31.35,NaN,NaN,2.5,10.0,75.29045,-149.95639,1006.2,145.8,186.0,0.0,0.0,-13.1
357.4167,1998-12-23T10:00:02.88,0.3110765020541344,2.2564102564102577,2.2564102564102577,1.359207920792087,NaN,-20.680078217821787,0.13,-10.1,-0.1,3.26,4.36,-31.69,-31.36,NaN,NaN,2.5,10.0,75.28936,-149.95574,1006.5,149.4,187.7,0.0,0.0,-10.1
357.4583,1998-12-23T10:59:57.12,0.6837180416105992,2.986666666666666,2.986666666666666,1.425742574257435,NaN,-9.460396039603964,0.1,-10.1,0.0,2.94,4.06,-31.85,-31.4,NaN,NaN,2.5,10.0,75.28841,-149.9549,1006.7,141.5,186.2,0.0,0.0,-10.1
357.5,1998-12-23T12:00:00.0,0.8737882177479493,3.0666666666666673,3.0666666666666673,1.289922480620154,NaN,-7.4488372093023285,0.1,-12.9,0.0,3.04,4.19,-32.03,-31.51,NaN,NaN,2.5,10.0,75.28779,-149.9533,1007.0,140.7,185.4,0.0,0.0,-12.9
357.5417,1998-12-23T13:00:02.88,0.4099322925056505,2.4820512820512817,2.4820512820512817,1.2511278195488678,NaN,-15.808488721804512,0.13,-13.3,-0.1,3.25,4.46,-31.9,-31.5,NaN,NaN,2.5,10.0,75.28696,-149.95212,1007.2,147.7,186.5,0.0,0.0,-13.3
357.5833,1998-12-23T13:59:57.12,0.33575713868962304,2.095238095238095,2.095238095238095,1.0541176470588247,NaN,-19.345200000000002,0.14,-13.6,-0.1,3.36,4.46,-31.96,-31.64,NaN,NaN,2.5,10.0,75.28609,-149.95055,1007.4,141.8,186.3,0.0,0.0,-13.6
357.625,1998-12-23T15:00:00.0,0.5418300585790264,2.3111111111111113,2.3111111111111113,1.029565217391307,NaN,-12.152347826086956,0.12,-13.8,-0.1,3.25,4.29,-32.35,-31.98,NaN,NaN,2.5,10.0,75.28542,-149.94913,NaN,140.8,185.1,0.0,0.0,-13.8
357.6667,1998-12-23T16:00:02.88,0.6375865234159365,2.690909090909092,2.690909090909092,1.126400000000016,NaN,-10.3881888,0.11,-12.5,0.0,3.25,4.36,-32.52,-32.12,NaN,NaN,2.5,10.0,75.28472,-149.94769,NaN,141.7,184.3,0.0,0.0,-12.5
357.7083,1998-12-23T16:59:57.12,1.3544124755707097,3.833333333333333,3.833333333333333,1.3050980392156943,NaN,-4.9573647058823544,0.08,-10.2,0.0,2.74,3.89,-32.92,-32.4,NaN,NaN,2.5,10.0,75.28423,-149.94718,NaN,139.9,183.3,0.0,0.0,-10.2
357.75,1998-12-23T18:00:00.0,0.8592739289537784,3.733333333333334,3.733333333333334,1.878260869565222,NaN,-7.920743478260869,0.09,-9.2,0.0,2.65,3.91,-33.32,-32.72,NaN,NaN,2.5,10.0,75.2837,-149.94659,NaN,139.8,182.2,0.0,0.0,-9.2
357.7917,1998-12-23T19:00:02.88,0.9587268576432323,4.166666666666666,4.166666666666666,2.559999999999996,NaN,-7.1872,0.08,-7.2,0.0,2.48,3.73,-33.69,-32.97,NaN,NaN,2.5,10.0,75.2838,-149.94683,NaN,140.3,181.4,0.0,0.0,-7.2
357.8333,1998-12-23T19:59:57.12,4.039817191510674,6.613333333333334,6.613333333333334,1.8378378378378257,NaN,-1.7219594594594594,0.05,-7.4,0.0,2.32,3.56,-33.98,-33.13,NaN,NaN,2.5,10.0,75.28364,-149.94654,NaN,140.0,180.4,0.0,0.0,-7.4
360.75,1998-12-26T18:00:00.0,0.5511059987445563,1.0666666666666675,1.0666666666666675,7.847272727272711,NaN,-13.444142045454544,0.065,-2.2,NaN,1.96,2.22,-35.9,-35.07,NaN,NaN,2.5,10.0,75.29646,-149.95816,1017.3,148.6,176.5,0.0,0.0,-2.2
360.8333,1998-12-26T19:59:57.12,0.3835295103254722,0.8266666666666668,0.8266666666666668,2.40000000000001,NaN,-18.55178571428572,0.1,-5.6,NaN,2.34,2.65,-34.63,-34.21,NaN,NaN,2.5,10.0,75.29623,-149.95876,1018.1,167.6,181.7,0.0,0.0,-5.6
360.875,1998-12-26T21:00:00.0,0.6408079013377926,0.9666666666666667,0.9666666666666667,1.4933333333333392,NaN,-10.908800000000003,0.08,-4.8,NaN,2.12,2.41,-34.09,-33.81,NaN,NaN,2.5,10.0,75.29606,-149.95827,1018.4,154.9,182.2,0.0,0.0,-4.8
360.9583,1998-12-26T22:59:57.12,1.6272885666512107,1.1555555555555568,1.1555555555555568,3.2376470588235273,NaN,-4.618588235294117,0.06,-5.1,NaN,1.96,2.22,-36.35,-35.49,NaN,NaN,2.5,10.0,75.29608,-149.95806,1019.4,132.0,173.9,0.0,0.0,-5.1
361.0,1998-12-27T00:00:00.0,0.6115221431326484,0.8982456140350886,0.8982456140350886,1.5999999999999943,NaN,-12.302203125000002,0.095,-7.6,NaN,2.34,2.66,-36.35,-35.95,NaN,NaN,2.5,10.0,75.29597,-149.95762,1019.7,129.6,173.3,0.0,0.0,-7.6
361.0417,1998-12-27T01:00:02.88,1.1339287601454175,0.9666666666666667,0.9666666666666667,1.4628571428571335,NaN,-6.734628571428572,0.08,-8.4,NaN,2.18,2.47,-36.83,-36.35,NaN,NaN,2.5,10.0,75.29601,-149.95698,1020.2,127.6,172.7,0.0,0.0,-8.4
361.0833,1998-12-27T01:59:57.12,0.759321476598139,0.948148148148149,0.948148148148149,1.404000000000002,NaN,-10.128543749999999,0.09,-8.0,NaN,2.4,2.72,-37.05,-36.66,NaN,NaN,2.5,10.0,75.29591,-149.9573,1020.5,127.3,170.0,0.0,0.0,-8.0
361.125,1998-12-27T03:00:00.0,1.8597749678172448,1.1555555555555568,1.1555555555555568,1.7544827586206935,NaN,-4.172896551724138,0.06,-5.8,NaN,1.94,2.2,-37.35,-36.82,NaN,NaN,2.5,10.0,75.29582,-149.95695,1020.8,126.8,167.8,0.0,0.0,-5.8
361.2083,1998-12-27T04:59:57.12,1.3791199996233685,1.2000000000000002,1.2000000000000002,3.3934883720930458,NaN,-5.654176744186047,0.06,-4.3,NaN,2.02,2.29,-37.52,-36.76,NaN,NaN,2.5,10.0,75.2956,-149.95735,1021.8,126.6,168.4,0.0,0.0,-4.3
361.4167,1998-12-27T10:00:02.88,2.6008526342580818,1.2444444444444438,1.2444444444444438,1.4696296296296234,NaN,-3.0176,0.06,-8.1,NaN,2.04,2.32,-37.72,-37.1,NaN,NaN,2.5,10.0,75.2953,-149.956,1023.8,129.1,167.3,0.0,0.0,-8.1
361.4583,1998-12-27T10:59:57.12,2.4707385426970006,1.2444444444444438,1.2444444444444438,1.3963636363636418,NaN,-3.1583688311688305,0.06,-7.7,NaN,2.04,2.32,-37.53,-36.97,NaN,NaN,2.5,10.0,75.29533,-149.95647,1024.0,129.6,168.1,0.0,0.0,-7.7
362.0833,1998-12-28T01:59:57.12,2.841116718839839,4.479999999999999,4.479999999999999,1.7882352941176485,NaN,-2.841176470588236,0.05,-5.1,NaN,2.06,2.9,-38.64,-38.07,NaN,NaN,2.5,10.0,75.29619,-149.9611,1025.2,128.2,164.4,0.0,0.0,-5.1
362.7083,1998-12-28T16:59:57.12,2.521047275418633,4.844444444444446,4.844444444444446,1.8461538461538463,NaN,-3.2674153846153846,0.06,-7.8,NaN,2.38,3.47,-39.33,-38.58,NaN,NaN,2.5,10.0,75.29502,-149.9742,1026.0,120.5,162.1,0.0,0.0,-7.8
362.75,1998-12-28T18:00:00.0,0.9285204605220959,3.2,3.2,2.4470588235294066,NaN,-8.947200000000002,0.08,-6.8,0.0,2.31,3.27,-39.61,-38.96,NaN,NaN,2.5,10.0,75.29483,-149.97456,1026.3,119.9,161.2,0.0,0.0,-6.8
362.7917,1998-12-28T19:00:02.88,1.2870160427807487,4.426666666666667,4.426666666666667,3.756521739130429,NaN,-6.467934782608698,0.05,-2.3,0.0,1.5,2.33,-39.67,-39.13,NaN,NaN,2.5,10.0,75.29452,-149.97585,1026.6,119.8,160.8,0.0,0.0,-2.3
362.8333,1998-12-28T19:59:57.12,1.9022606240776778,5.173333333333334,5.173333333333334,3.34117647058824,NaN,-4.380882352941177,0.05,-3.4,0.0,2.28,3.25,-39.72,-39.01,NaN,NaN,2.5,10.0,75.29429,-149.97753,1026.9,120.2,160.0,0.0,0.0,-3.4
362.875,1998-12-28T21:00:00.0,0.45219747519378,2.1333333333333333,2.1333333333333333,1.882790697674422,NaN,-18.460660465116277,0.11,-8.6,0.0,2.81,3.69,-39.76,-39.3,NaN,NaN,2.5,10.0,75.29392,-149.9791,1027.2,121.6,162.4,0.0,0.0,-8.6
362.9167,1998-12-28T22:00:02.88,0.819650763603696,2.1666666666666665,2.1666666666666665,2.048000000000017,NaN,-10.145280000000001,0.08,-6.0,0.0,2.4,3.05,-39.63,-39.15,NaN,NaN,2.5,10.0,75.294,-149.9809,1027.4,122.2,162.3,0.0,0.0,-6.0
362.9583,1998-12-28T22:59:57.12,0.327755147860671,2.233333333333334,2.233333333333334,5.01333333333332,NaN,-25.312000000000005,0.08,-2.4,0.0,1.57,2.24,-39.55,-39.08,NaN,NaN,2.5,10.0,75.29389,-149.98286,1027.7,123.0,161.8,0.0,0.0,-2.4
363.0417,1998-12-29T01:00:02.88,2.1883105300668775,3.5878787878787883,3.5878787878787883,1.4892307692307858,NaN,-3.8250252403846154,0.055,-5.2,0.0,1.97,2.71,-39.85,-39.41,NaN,NaN,2.5,10.0,75.2935,-149.9857,1028.2,122.9,161.0,0.0,0.0,-5.2
363.0833,1998-12-29T01:59:57.12,0.7299977057638521,2.258823529411765,2.258823529411765,1.7850000000000075,NaN,-11.500450195312503,0.085,-6.4,0.0,2.5,3.22,-39.95,-39.53,NaN,NaN,2.5,10.0,75.29303,-149.98739,1028.4,123.3,161.2,0.0,0.0,-6.4
363.125,1998-12-29T03:00:00.0,1.2310033141302952,2.6333333333333333,2.6333333333333333,1.137777777777794,NaN,-6.806186666666669,0.08,-9.0,NaN,2.5,3.29,-39.88,-39.48,NaN,NaN,2.5,10.0,75.29244,-149.98917,1028.9,123.2,161.1,0.0,0.0,-9.0
363.25,1998-12-29T06:00:00.0,0.7931773532182776,2.1666666666666665,2.1666666666666665,1.5889655172413768,NaN,-10.545434482758623,0.08,-5.8,0.0,2.65,3.3,-39.82,-39.46,NaN,NaN,2.5,10.0,75.29066,-149.99347,1029.9,125.1,164.1,0.0,0.0,-5.8
363.2917,1998-12-29T07:00:02.88,0.7105667602401868,2.2814814814814817,2.2814814814814817,1.1675675675675565,NaN,-11.741825675675674,0.09,-7.4,0.0,2.56,3.33,-39.73,-39.43,NaN,NaN,2.5,10.0,75.29023,-149.99488,1030.2,123.8,165.6,0.0,0.0,-7.4
363.3333,1998-12-29T07:59:57.12,0.6623431223477634,3.2410256410256393,3.2410256410256393,3.439999999999998,NaN,-12.567262500000002,0.065,-2.6,0.0,2.24,3.03,-39.66,-39.23,NaN,NaN,2.5,10.0,75.28981,-149.9955,1030.7,122.8,163.9,0.0,0.0,-2.6
363.375,1998-12-29T09:00:00.0,0.8050256499957275,2.3666666666666667,2.3666666666666667,1.9091525423728712,NaN,-10.23913220338983,0.08,-5.9,0.0,2.55,3.26,-39.33,-38.89,NaN,NaN,2.5,10.0,75.28973,-149.9959,1031.2,124.5,163.2,0.0,0.0,-5.9
363.4167,1998-12-29T10:00:02.88,2.0360566146489343,3.555555555555557,3.555555555555557,1.615238095238099,NaN,-4.032,0.06,-6.3,0.0,2.03,2.83,-39.2,-38.67,NaN,NaN,2.5,10.0,75.28954,-149.99511,1031.6,124.2,163.5,0.0,0.0,-6.3
363.5417,1998-12-29T13:00:02.88,2.236518691089405,10.346666666666668,10.346666666666668,4.440000000000026,NaN,-3.7284375000000014,0.05,-4.0,0.0,2.05,3.99,-39.77,-38.66,NaN,NaN,2.5,10.0,75.28798,-149.9898,1032.2,124.6,162.2,0.0,0.0,-4.0
363.5833,1998-12-29T13:59:57.12,1.6809135059087024,0.9777777777777777,0.9777777777777777,4.024615384615397,NaN,-4.926046153846153,0.06,-5.2,NaN,1.7,1.92,-39.53,-38.44,NaN,NaN,2.5,10.0,75.28736,-149.989,1032.5,125.6,162.3,0.0,0.0,-5.2
363.75,1998-12-29T18:00:00.0,4.2274293004465235,1.4933333333333345,1.4933333333333345,2.231578947368426,NaN,-1.9011513157894742,0.05,-7.6,0.0,2.13,2.41,-38.53,-37.47,NaN,NaN,2.5,10.0,75.2855,-149.98543,1033.5,126.0,164.4,0.0,0.0,-7.6
363.7917,1998-12-29T19:00:02.88,1.3305946927018006,1.0999999999999988,1.0999999999999988,2.3248979591836747,NaN,-6.018612244897959,0.08,-9.8,0.0,2.47,2.8,-38.4,-37.51,NaN,NaN,2.5,10.0,75.28516,-149.98424,1033.8,124.8,164.4,0.0,0.0,-9.8
363.8333,1998-12-29T19:59:57.12,1.93052928382677,1.2000000000000002,1.2000000000000002,3.2319999999999935,NaN,-4.147199999999998,0.06,-6.0,0.0,2.03,2.3,-38.4,-37.39,NaN,NaN,2.5,10.0,75.28467,-149.98235,1034.3,124.3,164.6,0.0,0.0,-6.0
363.9583,1998-12-29T22:59:57.12,0.9098379179323566,4.562962962962963,4.562962962962963,2.6677894736841963,NaN,-9.072596842105261,0.09,-9.5,0.0,2.67,4.21,-39.41,-38.53,NaN,NaN,2.5,10.0,75.28224,-149.97733,1035.4,119.8,161.8,0.0,0.0,-9.5
364.0417,1998-12-30T01:00:02.88,1.7372006340773745,8.266666666666666,8.266666666666666,6.193548387096789,NaN,-4.87983870967742,0.05,-3.1,0.0,1.95,3.5,-40.34,-39.14,NaN,NaN,2.5,10.0,75.27983,-149.97474,1036.0,115.7,161.1,0.0,0.0,-3.1
364.125,1998-12-30T03:00:00.0,2.5731169392769493,7.612121212121212,7.612121212121212,4.847213114754098,NaN,-3.3564110655737704,0.055,-6.1,0.0,2.18,3.75,-41.02,-39.34,NaN,NaN,2.5,10.0,75.27712,-149.97376,1036.9,115.5,159.4,0.0,0.0,-6.1
364.1667,1998-12-30T04:00:02.88,0.9320570683741835,3.2888888888888896,3.2888888888888896,2.5534020618556683,NaN,-9.056885567010308,0.09,-9.7,0.0,2.51,3.62,-40.17,-39.31,NaN,NaN,2.5,10.0,75.27542,-149.97443,1037.3,116.9,160.2,0.0,0.0,-9.7
364.2083,1998-12-30T04:59:57.12,0.4460464442498651,1.8666666666666667,1.8666666666666667,1.0102857142857244,NaN,-18.70902428571429,0.13,-14.0,0.0,3.17,4.08,-39.74,-39.4,NaN,NaN,2.5,10.0,75.27383,-149.9765,1037.8,120.2,161.7,0.0,0.0,-14.0
364.25,1998-12-30T06:00:00.0,0.38289105757056857,1.6615384615384616,1.6615384615384616,0.8666666666666666,NaN,-21.991969999999995,0.13,-12.0,0.0,3.17,3.98,-40.04,-39.79,NaN,NaN,2.5,10.0,75.27212,-149.97987,1038.4,118.2,161.1,0.0,0.0,-12.0
364.2917,1998-12-30T07:00:02.88,0.37370626488957576,1.6640000000000006,1.6640000000000006,0.9615384615384616,NaN,-22.710712139423077,0.125,-10.4,0.0,3.17,3.95,-40.31,-40.06,NaN,NaN,2.5,10.0,75.27057,-149.98396,1038.9,119.2,162.7,0.0,0.0,-10.4
364.3333,1998-12-30T07:59:57.12,0.3803281047056086,1.6820512820512823,1.6820512820512823,0.7690756302520968,NaN,-22.38170672268907,0.13,-11.9,0.0,3.17,3.99,-40.41,-40.19,NaN,NaN,2.5,10.0,75.26889,-149.98764,1039.6,119.1,162.4,0.0,0.0,-11.9
364.375,1998-12-30T09:00:00.0,0.39687073085994296,2.05128205128205,2.05128205128205,1.0735483870967752,NaN,-21.68120080645161,0.13,-12.4,0.0,3.02,4.02,-40.79,-40.47,NaN,NaN,2.5,10.0,75.26728,-149.98921,1040.2,116.7,161.1,0.0,0.0,-12.4
364.4167,1998-12-30T10:00:02.88,0.4722393715877807,2.73623188405797,2.73623188405797,1.5874509803921746,NaN,-18.41600698529412,0.115,-10.2,0.0,2.88,4.06,-41.17,-40.73,NaN,NaN,2.5,10.0,75.26553,-149.99094,1040.8,116.0,158.7,0.0,0.0,-10.2
364.4583,1998-12-30T10:59:57.12,1.763183435781301,5.555555555555555,5.555555555555555,2.1688888888888864,NaN,-4.9956,0.06,-5.4,0.0,2.34,3.59,-41.63,-41.02,NaN,NaN,2.5,10.0,75.26414,-149.99083,1041.0,116.9,159.8,0.0,0.0,-5.4
364.5,1998-12-30T12:00:00.0,1.192890191358854,3.5764705882352943,3.5764705882352943,1.255384615384626,NaN,-7.31281153846154,0.085,-10.4,0.0,2.85,3.99,-41.28,-40.8,NaN,NaN,2.5,10.0,75.26278,-149.99018,1041.1,117.0,158.3,0.0,0.0,-10.4
364.5417,1998-12-30T13:00:02.88,0.34932463176656026,2.291358024691358,2.291358024691358,1.2393442622950872,NaN,-24.95062254098361,0.135,-12.2,0.0,3.2,4.36,-41.24,-40.89,NaN,NaN,2.5,10.0,75.26141,-149.98944,1041.6,117.3,158.1,0.0,0.0,-12.2
364.5833,1998-12-30T13:59:57.12,0.9270155944859584,3.822222222222221,3.822222222222221,1.7399999999999947,NaN,-9.381318749999998,0.09,-9.6,0.0,2.77,4.06,-41.18,-40.6,NaN,NaN,2.5,10.0,75.25989,-149.98927,1041.9,114.8,159.8,0.0,0.0,-9.6
364.625,1998-12-30T15:00:00.0,1.2248539417544768,4.8,4.8,2.214831460674166,NaN,-7.162247191011236,0.08,-8.9,0.0,2.47,3.91,-41.5,-40.73,NaN,NaN,2.5,10.0,75.25837,-149.98958,1042.3,113.8,157.3,0.0,0.0,-8.9
364.6667,1998-12-30T16:00:02.88,1.399386701597211,5.37142857142857,5.37142857142857,2.7011764705882366,NaN,-6.344995588235295,0.07,-6.8,0.0,2.24,3.65,-41.93,-41.11,NaN,NaN,2.5,10.0,75.25676,-149.98978,1042.7,115.6,158.3,0.0,0.0,-6.8
364.7083,1998-12-30T16:59:57.12,1.796917597462688,5.415384615384615,5.415384615384615,2.5851428571428494,NaN,-4.903233214285714,0.065,-7.0,0.0,2.47,3.79,-41.66,-40.79,NaN,NaN,2.5,10.0,75.25508,-149.99008,1042.8,117.3,157.5,0.0,0.0,-7.0
364.75,1998-12-30T18:00:00.0,1.999090373124054,5.784615384615385,5.784615384615385,2.800000000000012,NaN,-4.3707625000000005,0.065,-7.8,0.0,2.27,3.68,-41.38,-40.33,NaN,NaN,2.5,10.0,75.25367,-149.99182,1043.0,117.8,158.3,0.0,0.0,-7.8
364.7917,1998-12-30T19:00:02.88,2.5772100315707265,6.9333333333333345,6.9333333333333345,3.4045901639344254,NaN,-3.3662299180327864,0.055,-6.1,0.0,2.25,3.68,-41.14,-39.96,NaN,NaN,2.5,10.0,75.25221,-149.99312,1043.3,119.7,158.9,0.0,0.0,-6.1
364.9167,1998-12-30T22:00:02.88,2.111602278444192,6.88888888888889,6.88888888888889,4.696615384615373,NaN,-4.081403076923077,0.06,-6.5,0.0,2.26,3.81,-40.94,-39.35,NaN,NaN,2.5,10.0,75.24855,-149.99818,1044.5,122.0,160.0,0.0,0.0,-6.5
365.2083,1998-12-31T04:59:57.12,1.7030543703741765,7.056410256410256,7.056410256410256,4.035820895522379,NaN,-4.867010820895523,0.065,-6.7,NaN,2.15,3.87,-39.58,-38.28,NaN,NaN,2.5,10.0,75.23976,-149.99642,1044.1,123.7,161.7,0.0,0.0,-6.7
365.2917,1998-12-31T07:00:02.88,1.8240167787231505,5.371428571428572,5.371428571428572,2.4391111111111035,NaN,-4.3949733333333345,0.07,-9.0,0.0,2.53,3.94,-38.44,-37.46,NaN,NaN,2.5,10.0,75.23727,-149.9933,1043.6,124.4,164.3,0.0,0.0,-9.0
365.3333,1998-12-31T07:59:57.12,1.994541131581868,6.177777777777779,6.177777777777779,3.4374193548387084,NaN,-4.014464516129031,0.06,-6.2,0.0,2.34,3.73,-38.41,-37.3,NaN,NaN,2.5,10.0,75.23604,-149.99152,1043.4,124.4,164.3,0.0,0.0,-6.2
365.375,1998-12-31T09:00:00.0,0.8689413265306123,4.866666666666666,4.866666666666666,4.23999999999998,NaN,-9.235199999999999,0.08,-6.4,0.0,2.46,3.92,-38.48,-37.42,NaN,NaN,2.5,10.0,75.23466,-149.98964,1043.4,124.3,164.5,0.0,0.0,-6.4
365.4167,1998-12-31T10:00:02.88,0.5786592256737024,3.5636363636363635,3.5636363636363635,2.885765765765755,NaN,-13.658937837837836,0.11,-11.1,0.0,2.87,4.34,-37.97,-37.06,NaN,NaN,2.5,10.0,75.23327,-149.98815,1043.3,124.4,166.2,0.0,0.0,-11.1
365.4583,1998-12-31T10:59:57.12,1.0732901434676938,4.392156862745098,4.392156862745098,2.9204210526315677,NaN,-7.3714393421052655,0.085,-9.5,0.0,2.55,3.95,-38.01,-36.99,NaN,NaN,2.5,10.0,75.23235,-149.98664,1042.9,124.2,166.0,0.0,0.0,-9.5
365.5,1998-12-31T12:00:00.0,0.9779124045679773,4.5666666666666655,4.5666666666666655,3.3066666666666658,NaN,-8.213333333333335,0.08,-7.2,0.0,2.45,3.82,-38.5,-37.57,NaN,NaN,2.5,10.0,75.23133,-149.98616,1042.5,123.8,165.5,0.0,0.0,-7.2
365.6667,1998-12-31T16:00:02.88,1.5177316562739231,2.755555555555554,2.755555555555554,5.351489361702107,NaN,-5.432170212765957,0.06,-4.7,0.0,2.24,2.86,-39.4,-38.09,NaN,NaN,2.5,10.0,75.22785,-149.98586,1041.0,120.3,161.7,0.0,0.0,-4.7
365.7083,1998-12-31T16:59:57.12,1.1813793535177743,2.7809523809523804,2.7809523809523804,4.055172413793093,NaN,-7.034456896551726,0.07,-5.8,0.0,2.35,3.08,-39.65,-38.6,NaN,NaN,2.5,10.0,75.22682,-149.98637,1040.6,122.4,161.9,0.0,0.0,-5.8
365.75,1998-12-31T18:00:00.0,1.713348518281254,2.3111111111111113,2.3111111111111113,3.18792452830187,NaN,-4.822098113207547,0.06,-5.3,0.0,2.13,2.65,-39.44,-38.56,NaN,NaN,2.5,10.0,75.22573,-149.98795,1040.2,123.0,162.0,0.0,0.0,-5.3
365.8333,1998-12-31T19:59:57.12,2.6249919938512773,1.28,1.28,4.3234042553191605,NaN,-3.1587765957446816,0.05,-4.7,0.0,1.75,1.99,-39.59,-38.32,NaN,NaN,2.5,10.0,75.22362,-149.99316,1039.7,123.6,161.3,0.0,0.0,-4.7
365.9167,1998-12-31T22:00:02.88,5.080478903899097,6.453333333333333,6.453333333333333,2.0923076923076884,NaN,-1.6260989010989013,0.05,-9.1,0.0,2.13,3.34,-39.46,-38.27,NaN,NaN,2.5,10.0,75.22165,-149.99791,1039.3,123.2,163.2,0.0,0.0,-9.1
365.9583,1998-12-31T22:59:57.12,1.8457591242436553,5.653333333333333,5.653333333333333,4.60606060606062,NaN,-4.519318181818183,0.05,-3.3,0.0,2.03,3.09,-39.77,-38.82,NaN,NaN,2.5,10.0,75.2205,-150.00115,1038.8,123.3,162.9,0.0,0.0,-3.3
367.2917,1999-01-02T07:00:02.88,0.09986897683013315,1.171014492753624,1.171014492753624,1.0750561797753022,NaN,-69.2493691011236,0.23,-17.8,-0.1,5.47,6.48,-33.77,-33.51,NaN,NaN,2.5,10.0,75.1254,-150.03372,1032.6,135.5,180.1,0.0,0.0,-17.8
367.3333,1999-01-02T07:59:57.12,0.06844344456942883,0.8,0.8,1.0191082802547555,NaN,-99.18391719745223,0.25,-15.7,-0.1,5.99,6.74,-33.22,-33.02,NaN,NaN,2.5,10.0,75.12097,-150.01894,1032.1,140.0,183.2,0.0,0.0,-15.7
367.375,1999-01-02T09:00:00.0,0.07224928402731606,1.0222222222222221,1.0222222222222221,1.1493877551020348,NaN,-92.02834285714285,0.24,-14.7,-0.1,6.1,7.02,-32.62,-32.4,NaN,NaN,2.5,10.0,NaN,NaN,1031.5,142.4,184.7,0.0,0.0,-14.7
367.4167,1999-01-02T10:00:02.88,0.08877461435094423,0.9157232704402516,0.9157232704402516,0.6950819672131123,NaN,-72.69194093237707,0.265,-24.4,-0.2,6.41,7.32,-31.77,-31.57,NaN,NaN,2.5,10.0,75.11189,-149.98636,1030.5,143.7,186.8,0.0,0.0,-24.4
367.4583,1999-01-02T10:59:57.12,0.06493336288099204,0.7901234567901232,0.7901234567901232,0.8228571428571416,NaN,-98.29002857142859,0.27,-18.9,-0.2,6.72,7.52,-31.46,-31.28,NaN,NaN,2.5,10.0,NaN,NaN,1029.7,144.3,187.7,0.0,0.0,-18.9
367.5,1999-01-02T12:00:00.0,0.07480809080386121,0.7666666666666672,0.7666666666666672,0.6525490196078381,NaN,-84.89562352941174,0.24,-15.3,-0.2,6.52,7.21,-31.32,-31.19,NaN,NaN,2.5,10.0,75.10356,-149.95467,1029.1,152.9,188.9,0.0,0.0,-15.3
367.5417,1999-01-02T13:00:02.88,0.04299754652198263,1.299999999999999,1.299999999999999,0.5236363636363834,NaN,-146.6600727272727,0.24,-8.8,-0.1,6.95,8.12,-31.12,-31.06,NaN,NaN,2.5,10.0,75.0989,-149.93872,1028.4,158.6,190.4,0.0,0.0,-8.8
367.5833,1999-01-02T13:59:57.12,0.023479882264546333,1.0666666666666669,1.0666666666666669,0.8000000000000114,NaN,-271.2096,0.24,-4.8,-0.2,7.06,8.02,-31.39,-31.34,NaN,NaN,2.5,10.0,75.09357,-149.92363,1027.4,149.0,190.1,0.0,0.0,-4.8
367.625,1999-01-02T15:00:00.0,0.07279005238854491,1.2533333333333327,1.2533333333333327,0.5209302325581416,NaN,-88.52093023255816,0.2,-8.6,-0.2,6.86,7.8,-31.72,-31.65,NaN,NaN,2.5,10.0,NaN,NaN,1027.0,143.6,188.2,0.0,0.0,-8.6
367.7083,1999-01-02T16:59:57.12,0.02458978135501805,1.1866666666666663,1.1866666666666663,0.8827586206896364,NaN,-265.98620689655183,0.2,-2.9,-0.2,6.54,7.43,-32.14,-32.1,NaN,NaN,2.5,10.0,75.07652,-149.88444,1025.8,152.1,187.9,0.0,0.0,-2.9
367.75,1999-01-02T18:00:00.0,0.042505510010147914,0.3032679738562091,0.3032679738562091,0.31384615384614717,NaN,-152.62836814903847,0.255,-10.4,-0.1,6.62,6.91,-31.91,-31.87,NaN,NaN,2.5,10.0,NaN,NaN,1024.9,157.8,189.1,0.0,0.0,-10.4
367.7917,1999-01-02T19:00:02.88,0.008258999261795113,0.42469135802469193,0.42469135802469193,-0.35999999999992843,NaN,-781.4151000000002,0.27,-2.4,0.0,7.35,7.78,-31.76,-31.77,NaN,NaN,2.5,10.0,75.06554,-149.85995,1024.5,172.5,190.7,0.0,0.0,-2.4
368.0833,1999-01-03T01:59:57.12,0.020625868995263814,0.9128205128205134,0.9128205128205134,-0.46222222222223974,NaN,-288.9299111111111,0.26,-5.4,0.0,6.43,7.32,-29.59,-29.62,NaN,NaN,2.5,10.0,75.02787,-149.77667,1021.8,177.7,198.7,0.0,0.0,-5.4
368.125,1999-01-03T03:00:00.0,0.00943690565273617,0.5935483870967746,0.5935483870967746,-0.47238095238094224,NaN,-614.5457714285714,0.31,-4.2,0.1,7.26,7.95,-28.88,-28.9,NaN,NaN,2.5,10.0,75.02296,-149.76545,1021.3,193.5,201.8,0.0,0.0,-4.2
368.1667,1999-01-03T04:00:02.88,0.018100085108151278,0.7416666666666665,0.7416666666666665,-0.115056179775258,NaN,-307.0619325842697,0.32,-8.9,0.0,7.36,8.25,-27.8,-27.81,NaN,NaN,2.5,10.0,75.01837,-149.75504,1021.0,193.4,204.3,0.0,0.0,-8.9
368.2083,1999-01-03T04:59:57.12,0.009523662229889367,0.680459770114942,0.680459770114942,-0.5302857142857029,NaN,-559.6230257142856,0.29,-3.5,0.0,6.53,7.27,-26.77,-26.79,NaN,NaN,2.5,10.0,75.01375,-149.74503,1020.7,205.6,208.3,0.0,0.0,-3.5
368.25,1999-01-03T06:00:00.0,0.018635834994145277,0.812121212121212,0.812121212121212,-0.7040000000000267,NaN,-276.31559999999996,0.22,-3.0,0.1,5.49,6.16,-25.95,-25.98,NaN,NaN,2.5,10.0,75.00961,-149.7359,1020.2,215.2,211.4,0.0,0.0,-3.0
368.5833,1999-01-03T13:59:57.12,0.015372554917572426,0.605128205128205,0.605128205128205,-1.014634146341478,NaN,-321.7694048780488,0.26,-4.1,0.1,5.8,6.39,-25.02,-25.07,NaN,NaN,2.5,10.0,74.98175,-149.65994,1018.1,201.4,214.4,0.0,0.0,-4.1
368.625,1999-01-03T15:00:00.0,0.02279280736668314,0.7420289855072459,0.7420289855072459,-0.700952380952366,NaN,-221.7001214285714,0.23,-4.2,0.0,5.69,6.33,-25.51,-25.55,NaN,NaN,2.5,10.0,74.9786,-149.6502,1017.5,193.5,212.4,0.0,0.0,-4.2
368.6667,1999-01-03T16:00:02.88,0.01915525740318789,0.6123456790123457,0.6123456790123457,-0.6063157894736714,NaN,-268.8283421052632,0.27,-5.7,0.0,6.3,6.92,-25.95,-25.99,NaN,NaN,2.5,10.0,74.97549,-149.63942,1017.2,188.4,209.9,0.0,0.0,-5.7
368.7083,1999-01-03T16:59:57.12,0.008470645376722727,0.7466666666666668,0.7466666666666668,-2.0000000000000284,NaN,-610.78125,0.25,-2.0,0.3,6.2,6.9,-26.06,-26.11,NaN,NaN,2.5,10.0,74.97242,-149.62774,1016.5,202.6,210.9,0.0,0.0,-2.0
368.9583,1999-01-03T22:59:57.12,0.015566420070762307,0.7786666666666672,0.7786666666666672,-0.8648648648648464,NaN,-309.2483108108108,0.25,-3.7,0.2,6.21,6.94,-24.41,-24.45,NaN,NaN,2.5,10.0,74.95355,-149.55558,1013.5,198.5,216.0,0.0,0.0,-3.7
369.0417,1999-01-04T01:00:02.88,0.009270991905279694,0.7679999999999997,0.7679999999999997,-2.1818181818182643,NaN,-528.622159090909,0.25,-2.2,0.4,5.82,6.54,-24.81,-24.87,NaN,NaN,2.5,10.0,74.94678,-149.53392,1013.0,202.8,215.2,0.0,0.0,-2.2
369.3333,1999-01-04T07:59:57.12,0.014870975866179779,0.9142857142857139,0.9142857142857139,-1.920000000000073,NaN,-315.00629999999995,0.21,-2.1,0.1,5.82,6.54,-23.81,-23.87,NaN,NaN,2.5,10.0,74.92133,-149.4681,1011.5,209.3,218.5,0.0,0.0,-2.1
369.375,1999-01-04T09:00:00.0,0.026558389192970263,0.7333333333333336,0.7333333333333336,-0.411428571428587,NaN,-175.8857142857143,0.24,-5.6,NaN,6.02,6.68,-23.75,-23.78,NaN,NaN,2.5,10.0,74.91766,-149.45795,1011.3,200.5,217.2,0.0,0.0,-5.6
369.4167,1999-01-04T10:00:02.88,0.05769459578024144,0.9043478260869567,0.9043478260869567,0.275140186915882,NaN,-81.70083644859812,0.23,-10.7,-0.5,5.6,6.38,-23.95,-23.91,NaN,NaN,2.5,10.0,74.91405,-149.45048,1011.1,188.2,215.1,0.0,0.0,-10.7
369.4583,1999-01-04T10:59:57.12,0.06463188172454871,0.8848484848484856,0.8848484848484856,0.20114285714286476,NaN,-72.13259428571428,0.22,-10.5,-0.4,5.5,6.23,-23.71,-23.68,NaN,NaN,2.5,10.0,74.91044,-149.44255,1011.1,197.0,216.9,0.0,0.0,-10.5
369.5,1999-01-04T12:00:00.0,0.06221585512039258,0.9333333333333329,0.9333333333333329,0.4182178217821694,NaN,-75.62188514851485,0.22,-10.1,-0.2,5.28,6.05,-23.91,-23.85,NaN,NaN,2.5,10.0,74.90744,-149.43412,1011.0,190.1,215.3,0.0,0.0,-10.1
369.5417,1999-01-04T13:00:02.88,0.05673787671279588,0.921212121212121,0.921212121212121,0.459130434782599,NaN,-84.02660869565216,0.22,-9.2,-0.4,5.37,6.13,-24.2,-24.14,NaN,NaN,2.5,10.0,74.9047,-149.4251,1011.0,189.0,214.3,0.0,0.0,-9.2
369.5833,1999-01-04T13:59:57.12,0.05362522020665403,0.9212121212121221,0.9212121212121221,0.40459770114940236,NaN,-88.34168275862068,0.22,-8.7,-0.5,5.47,6.23,-24.06,-24.01,NaN,NaN,2.5,10.0,74.90186,-149.41501,1010.9,201.3,216.0,0.0,0.0,-8.7
369.625,1999-01-04T15:00:00.0,0.03434255536217967,0.7866666666666665,0.7866666666666665,-0.1523809523809762,NaN,-132.57142857142858,0.2,-4.2,NaN,4.54,5.13,-23.2,-23.21,NaN,NaN,2.5,10.0,74.89895,-149.40377,1011.2,220.0,220.2,0.0,0.0,-4.2
369.6667,1999-01-04T16:00:02.88,0.02931274900398406,0.6533333333333324,0.6533333333333324,-0.35555555555554796,NaN,-147.60000000000002,0.2,-3.6,NaN,5.07,5.56,-22.14,-22.16,NaN,NaN,2.5,10.0,74.89549,-149.39246,1011.2,223.9,224.1,0.0,0.0,-3.6
369.7083,1999-01-04T16:59:57.12,0.03633260507832272,0.742028985507247,0.742028985507247,-0.10823529411762554,NaN,-116.15906470588236,0.23,-6.8,NaN,5.89,6.53,-21.64,-21.65,NaN,NaN,2.5,10.0,74.89192,-149.38027,1011.2,218.3,225.1,0.0,0.0,-6.8
369.75,1999-01-04T18:00:00.0,0.026616087598997733,0.6857142857142854,0.6857142857142854,0.0,NaN,-155.85920000000007,0.28,-9.0,NaN,6.82,7.54,-21.3,-21.3,NaN,NaN,2.5,10.0,74.88861,-149.3669,1011.2,221.4,226.5,0.0,0.0,-9.0
369.7917,1999-01-04T19:00:02.88,0.006718175562012153,0.5801169590643276,0.5801169590643276,-2.6600000000000104,NaN,-601.87725,0.285,-2.4,NaN,6.5,7.12,-20.8,-20.87,NaN,NaN,2.5,10.0,74.88558,-149.35272,1011.5,233.5,229.7,0.0,0.0,-2.4
369.875,1999-01-04T21:00:00.0,0.01647494688737242,0.5701149425287357,0.5701149425287357,-0.7483870967742042,NaN,-245.935529032258,0.29,-6.2,NaN,6.83,7.45,-20.84,-20.89,NaN,NaN,2.5,10.0,74.88013,-149.32473,1011.8,223.6,229.1,0.0,0.0,-6.2
369.9167,1999-01-04T22:00:02.88,0.011532332189357723,0.6222222222222223,0.6222222222222223,-1.4000000000000055,NaN,-355.55625000000003,0.3,-4.8,NaN,7.24,7.94,-21.07,-21.14,NaN,NaN,2.5,10.0,74.87747,-149.31031,1012.5,223.2,228.7,0.0,0.0,-4.8
370.25,1999-01-05T06:00:00.0,0.25892512223967856,1.4315789473684206,1.4315789473684206,0.1788235294117609,NaN,-17.210542279411765,0.095,-3.4,NaN,3.75,4.26,-22.75,-22.73,NaN,NaN,2.5,10.0,74.86212,-149.24058,1016.7,202.9,221.1,0.0,0.0,-3.4
370.2917,1999-01-05T07:00:02.88,0.868367974326675,2.233333333333333,2.233333333333333,0.5647058823529358,NaN,-5.231435294117648,0.08,-6.8,NaN,3.24,3.91,-23.16,-23.01,NaN,NaN,2.5,10.0,74.86196,-149.23832,1017.6,193.9,218.1,0.0,0.0,-6.8
370.375,1999-01-05T09:00:00.0,2.5273836121007185,5.760000000000001,5.760000000000001,1.9666666666666661,NaN,-1.9554687500000005,0.05,-4.8,NaN,2.39,3.47,-25.03,-24.44,NaN,NaN,2.5,10.0,74.86191,-149.2334,1019.5,172.8,209.7,0.0,0.0,-4.8
371.875,1999-01-06T21:00:00.0,0.868838421105372,0.6666666666666663,0.6666666666666663,14.674285714285716,NaN,-7.007657142857144,0.06,-2.8,NaN,1.12,1.27,-30.28,-28.14,NaN,NaN,2.5,10.0,74.87609,-149.24674,1037.6,161.6,186.3,0.0,0.0,-2.8
372.7083,1999-01-07T16:59:57.12,0.231694044825358,0.6814814814814815,0.6814814814814815,3.9876923076923014,NaN,-18.210980769230765,0.09,-2.6,NaN,1.69,1.92,-21.65,-21.29,NaN,NaN,2.5,10.0,74.86573,-149.24988,1032.5,220.6,224.2,0.0,0.0,-2.6
372.8333,1999-01-07T19:59:57.12,0.6338362581203362,2.429629629629629,2.429629629629629,2.1904225352112783,NaN,-6.835145070422534,0.09,-7.1,NaN,2.64,3.46,-22.19,-21.65,NaN,NaN,2.5,10.0,74.86519,-149.25998,1033.7,191.9,215.7,0.0,0.0,-7.1
372.875,1999-01-07T21:00:00.0,3.5282348861507424,6.311111111111109,6.311111111111109,2.871652173913042,NaN,-1.5377321739130432,0.06,-11.5,NaN,2.85,4.27,-27.29,-25.57,NaN,NaN,2.5,10.0,74.86551,-149.26339,1034.2,166.0,198.2,0.0,0.0,-11.5
373.0417,1999-01-08T01:00:02.88,2.1844844090511004,4.586666666666669,4.586666666666669,1.6000000000000005,NaN,-2.548170731707318,0.05,-4.1,NaN,2.11,2.97,-27.86,-27.45,NaN,NaN,2.5,10.0,74.86686,-149.27412,1035.3,193.6,205.7,0.0,0.0,-4.1
373.6667,1999-01-08T16:00:02.88,0.24785345266681227,2.548148148148149,2.548148148148149,4.906666666666637,NaN,-23.538599999999995,0.09,-2.7,NaN,2.53,3.39,-29.06,-28.6,NaN,NaN,2.5,10.0,74.86467,-149.30507,1036.4,189.7,201.8,0.0,0.0,-2.7
374.1667,1999-01-09T04:00:02.88,0.8664763371331105,3.4222222222222225,3.4222222222222225,1.57714285714286,NaN,-6.6327428571428575,0.06,-2.8,NaN,2.41,3.18,-28.66,-28.43,NaN,NaN,2.5,10.0,74.85784,-149.34889,1034.1,180.1,199.4,0.0,0.0,-2.8
374.4583,1999-01-09T10:59:57.12,0.07024468556130717,0.7384615384615373,0.7384615384615373,-0.7234782608695499,NaN,-84.42211304347828,0.13,-2.3,NaN,4.16,4.52,-29.46,-29.5,NaN,NaN,2.5,10.0,74.86156,-149.42667,1034.3,182.9,199.3,0.0,0.0,-2.3
374.5833,1999-01-09T13:59:57.12,0.08092905108131399,0.5925925925925931,0.5925925925925931,0.49371428571430437,NaN,-76.70746285714284,0.18,-7.0,NaN,4.79,5.19,-30.69,-30.63,NaN,NaN,2.5,10.0,74.86453,-149.46035,1034.1,162.8,192.9,0.0,0.0,-7.0
374.625,1999-01-09T15:00:00.0,0.0647993580871977,0.7555555555555565,0.7555555555555565,0.0,NaN,-96.4467,0.18,-5.6,NaN,4.6,5.11,-30.87,-30.87,NaN,NaN,2.5,10.0,74.86534,-149.4711,1034.1,171.0,194.2,0.0,0.0,-5.6
374.75,1999-01-09T18:00:00.0,0.023127831727158474,0.5185185185185193,0.5185185185185193,-2.0160000000000076,NaN,-268.38863999999995,0.18,-2.0,NaN,4.6,4.95,-30.68,-30.75,NaN,NaN,2.5,10.0,74.86814,-149.5138,1034.1,179.9,195.7,0.0,0.0,-2.0
374.9167,1999-01-09T22:00:02.88,0.026445278441184276,0.2844444444444447,0.2844444444444447,-0.9599999999999796,NaN,-219.23156250000005,0.225,-4.5,-0.1,5.95,6.19,-28.87,-28.93,NaN,NaN,2.5,10.0,74.87337,-149.58543,1034.5,185.3,201.2,0.0,0.0,-4.5
374.9583,1999-01-09T22:59:57.12,0.015469216029829437,0.25034013605442224,0.25034013605442224,-1.3835294117646766,NaN,-373.18954852941175,0.245,-3.4,-0.1,6.26,6.49,-28.76,-28.82,NaN,NaN,2.5,10.0,74.87503,-149.6056,1034.6,183.1,201.4,0.0,0.0,-3.4
375.0,1999-01-10T00:00:00.0,0.04844624924799853,0.40634920634920674,0.40634920634920674,0.0,NaN,-120.21330895522385,0.21,-6.7,-0.1,5.63,5.95,-28.99,-28.99,NaN,NaN,2.5,10.0,74.8768,-149.62639,1034.4,173.8,198.9,0.0,0.0,-6.7
375.0417,1999-01-10T01:00:02.88,0.05274733715690291,0.5066666666666677,0.5066666666666677,0.0,NaN,-110.66666666666669,0.2,-6.3,-0.1,5.02,5.4,-29.05,-29.05,NaN,NaN,2.5,10.0,74.87876,-149.64682,1034.1,176.2,198.9,0.0,0.0,-6.3
375.0833,1999-01-10T01:59:57.12,0.08677605456246533,0.5477477477477476,0.5477477477477476,0.3609756097561027,NaN,-67.54762865853658,0.185,-8.2,-0.2,5.12,5.5,-29.16,-29.11,NaN,NaN,2.5,10.0,74.88044,-149.66636,1034.0,165.4,196.3,0.0,0.0,-8.2
375.125,1999-01-10T03:00:00.0,0.11629188335259667,4.459259259259259,4.459259259259259,0.39920792079208084,NaN,-51.44863366336633,0.18,-10.1,0.0,4.7,7.71,-29.7,-29.63,NaN,NaN,2.5,10.0,74.88169,-149.68371,1034.2,163.5,194.8,0.0,0.0,-10.1
375.1667,1999-01-10T04:00:02.88,0.06259459719914603,3.9298245614035086,3.9298245614035086,-0.2850000000000108,NaN,-94.55774531249999,0.19,-6.4,NaN,4.98,7.78,-29.41,-29.44,NaN,NaN,2.5,10.0,74.88259,-149.70181,1034.4,177.2,198.5,0.0,0.0,-6.4
375.2083,1999-01-10T04:59:57.12,0.038577935534171805,0.41333333333333283,0.41333333333333283,-0.41739130434779254,NaN,-153.60000000000005,0.2,-4.6,NaN,5.23,5.54,-29.44,-29.47,NaN,NaN,2.5,10.0,74.88338,-149.71818,1034.5,176.6,198.2,0.0,0.0,-4.6
375.25,1999-01-10T06:00:00.0,0.04889099611574044,4.098245614035088,4.098245614035088,-0.4863999999999897,NaN,-120.78699000000002,0.19,-5.0,NaN,4.66,7.58,-29.35,-29.39,NaN,NaN,2.5,10.0,74.88352,-149.73463,1034.5,181.9,199.2,0.0,0.0,-5.0
375.5833,1999-01-10T13:59:57.12,0.16486278487319447,0.5688888888888887,0.5688888888888887,1.35529411764705,NaN,-27.992647058823525,0.15,-8.5,NaN,3.22,3.54,-23.5,-23.26,NaN,NaN,2.5,10.0,74.88331,-149.86792,1034.7,184.4,213.5,0.0,0.0,-8.5
375.625,1999-01-10T15:00:00.0,0.025820665114162995,0.5454545454545457,0.5454545454545457,1.1733333333333378,NaN,-178.12582857142857,0.22,-4.2,NaN,3.55,4.0,-23.42,-23.35,NaN,NaN,2.5,10.0,74.88363,-149.88373,1034.8,199.0,217.8,0.0,0.0,-4.2
375.6667,1999-01-10T16:00:02.88,0.08906662708540411,0.5333333333333344,0.5333333333333344,0.6537634408602243,NaN,-53.765709677419345,0.19,-9.3,NaN,4.06,4.44,-24.3,-24.2,NaN,NaN,2.5,10.0,74.88356,-149.8988,1035.0,181.8,212.6,0.0,0.0,-9.3
375.7083,1999-01-10T16:59:57.12,0.29703058597520177,-6.2153846153846155,-6.2153846153846155,1.680808080808075,NaN,-16.85032424242424,0.13,-9.9,NaN,6.45,3.42,-25.31,-24.91,NaN,NaN,2.5,10.0,74.88358,-149.91393,1035.3,175.3,206.9,0.0,0.0,-9.9
376.1667,1999-01-11T04:00:02.88,0.03806362512624881,0.770370370370371,0.770370370370371,-0.33882352941175753,NaN,-116.91444705882353,0.18,-3.4,NaN,4.92,5.44,-22.72,-22.74,NaN,NaN,2.5,10.0,74.88826,-150.09387,1037.5,207.6,222.3,0.0,0.0,-3.4
376.2083,1999-01-11T04:59:57.12,0.038114494231151784,0.7500000000000003,0.7500000000000003,-0.8533333333333151,NaN,-111.51360000000003,0.16,-2.4,NaN,4.71,5.16,-21.78,-21.82,NaN,NaN,2.5,10.0,74.88873,-150.1053,1037.7,219.1,225.3,0.0,0.0,-2.4
376.25,1999-01-11T06:00:00.0,0.05295102220308824,0.5647058823529403,0.5647058823529403,-0.13600000000002124,NaN,-80.14331250000001,0.17,-4.0,NaN,4.9,5.26,-21.75,-21.76,NaN,NaN,2.5,10.0,74.8892,-150.11568,1037.8,205.5,223.7,0.0,0.0,-4.0
376.2917,1999-01-11T07:00:02.88,0.3935166671110046,1.911111111111111,1.911111111111111,0.8861538461538535,NaN,-11.569292307692308,0.12,-10.4,NaN,3.78,4.64,-23.21,-22.97,NaN,NaN,2.5,10.0,74.88918,-150.1246,1038.1,178.7,216.2,0.0,0.0,-10.4
376.3333,1999-01-11T07:59:57.12,0.4123785530142065,2.273684210526316,2.273684210526316,1.294814814814817,NaN,-11.217322916666667,0.095,-5.4,NaN,2.85,3.66,-23.55,-23.32,NaN,NaN,2.5,10.0,74.88932,-150.13372,1038.5,192.0,216.3,0.0,0.0,-5.4
376.375,1999-01-11T09:00:00.0,0.17124046874852714,1.1619047619047616,1.1619047619047616,0.6222222222222312,NaN,-25.919366666666672,0.14,-7.2,NaN,3.98,4.59,-22.67,-22.57,NaN,NaN,2.5,10.0,74.88939,-150.14261,1038.9,202.7,219.4,0.0,0.0,-7.2
376.4167,1999-01-11T10:00:02.88,0.21562478517886233,1.0424242424242418,1.0424242424242418,0.5600000000000022,NaN,-20.436899999999994,0.11,-4.4,NaN,3.87,4.3,-22.52,-22.45,NaN,NaN,2.5,10.0,74.88962,-150.15142,1039.1,199.7,220.1,0.0,0.0,-4.4
376.4583,1999-01-11T10:59:57.12,0.4717491690289866,1.5333333333333332,1.5333333333333332,0.6918918918918772,NaN,-9.440172972972972,0.08,-3.7,NaN,3.15,3.61,-22.74,-22.64,NaN,NaN,2.5,10.0,74.88989,-150.16071,1039.2,199.3,219.2,0.0,0.0,-3.7
376.5,1999-01-11T12:00:00.0,0.27436174038115785,1.3866666666666667,1.3866666666666667,0.7619047619047729,NaN,-16.364285714285717,0.1,-4.2,NaN,3.16,3.68,-22.91,-22.81,NaN,NaN,2.5,10.0,74.89013,-150.17026,1038.9,196.6,218.6,0.0,0.0,-4.2
376.5417,1999-01-11T13:00:02.88,0.1699244513730663,0.9333333333333325,0.9333333333333325,0.24615384615384092,NaN,-26.52692307692308,0.1,-2.6,NaN,3.16,3.51,-22.99,-22.97,NaN,NaN,2.5,10.0,74.89028,-150.17875,1038.9,206.9,220.0,0.0,0.0,-2.6
376.75,1999-01-11T18:00:00.0,0.1050060283510306,-0.018390804597700757,-0.018390804597700757,1.449999999999986,NaN,-53.48431484374999,0.145,-4.8,NaN,2.51,2.5,-28.07,-27.92,NaN,NaN,2.5,10.0,74.89068,-150.22509,1038.6,157.1,202.3,0.0,0.0,-4.8
376.8333,1999-01-11T19:59:57.12,0.1717985575225703,0.6222222222222228,0.6222222222222228,1.3963636363636376,NaN,-36.40581818181818,0.12,-4.4,0.0,2.09,2.37,-30.9,-30.74,NaN,NaN,2.5,10.0,74.88974,-150.23909,1038.8,150.6,193.7,0.0,0.0,-4.4
376.875,1999-01-11T21:00:00.0,0.14219058511037527,0.2666666666666664,0.2666666666666664,1.885714285714268,NaN,-44.67881785714286,0.11,-2.8,NaN,1.9,2.01,-31.33,-31.18,NaN,NaN,2.5,10.0,74.889,-150.24521,1038.9,157.9,192.9,0.0,0.0,-2.8
376.9167,1999-01-11T22:00:02.88,1.7328448115258028,1.4400000000000002,1.4400000000000002,1.3499999999999976,NaN,-3.71953125,0.05,-3.2,0.0,1.67,1.94,-31.74,-31.47,NaN,NaN,2.5,10.0,74.8882,-150.25031,1038.9,151.5,191.0,0.0,0.0,-3.2
376.9583,1999-01-11T22:59:57.12,0.5205325976290697,0.6814814814814815,0.6814814814814815,1.3885714285714263,NaN,-12.497142857142856,0.09,-5.6,NaN,2.0,2.23,-32.0,-31.73,NaN,NaN,2.5,10.0,74.88745,-150.2556,1039.0,151.2,189.2,0.0,0.0,-5.6
377.0417,1999-01-12T01:00:02.88,0.05093592520782438,0.6901960784313724,0.6901960784313724,0.2940540540541,NaN,-125.16199459459462,0.17,-3.7,NaN,3.13,3.57,-31.42,-31.4,NaN,NaN,2.5,10.0,74.88561,-150.26846,1038.6,164.0,192.5,0.0,0.0,-3.7
377.0833,1999-01-12T01:59:57.12,0.11553109323034627,1.1362318840579715,1.1362318840579715,1.273846153846152,NaN,-54.856791346153855,0.115,-2.6,NaN,2.3,2.79,-31.26,-31.17,NaN,NaN,2.5,10.0,74.88449,-150.27576,1038.4,163.7,192.9,0.0,0.0,-2.6
377.125,1999-01-12T03:00:00.0,0.3210101512097703,2.275555555555556,2.275555555555556,4.079999999999998,NaN,-20.161406249999995,0.075,-2.0,0.0,1.88,2.52,-31.86,-31.52,NaN,NaN,2.5,10.0,74.8833,-150.28328,1038.2,152.4,189.5,0.0,0.0,-2.0
377.3333,1999-01-12T07:59:57.12,1.0419490965719096,5.68888888888889,5.68888888888889,5.410909090909089,NaN,-6.6528,0.06,-3.3,0.0,2.05,3.33,-33.88,-32.95,NaN,NaN,2.5,10.0,74.87756,-150.32138,1037.5,147.5,183.5,0.0,0.0,-3.3
377.375,1999-01-12T09:00:00.0,0.4311287951156706,0.9173333333333337,0.9173333333333337,1.2903225806451566,NaN,-15.395035282258062,0.125,-12.4,NaN,2.73,3.16,-32.58,-32.18,NaN,NaN,2.5,10.0,74.87604,-150.32948,1037.2,148.7,185.6,0.0,0.0,-12.4
377.4167,1999-01-12T10:00:02.88,0.2738477043237108,0.772413793103449,0.772413793103449,0.7921951219512228,NaN,-24.069266158536575,0.145,-12.3,NaN,3.28,3.7,-32.37,-32.16,NaN,NaN,2.5,10.0,74.87462,-150.33805,1037.2,152.7,187.1,0.0,0.0,-12.3
377.4583,1999-01-12T10:59:57.12,0.1725877254224755,0.784313725490196,0.784313725490196,0.17407999999999632,NaN,-37.896916800000014,0.17,-12.5,0.0,3.7,4.2,-32.14,-32.1,NaN,NaN,2.5,10.0,74.87321,-150.34765,1037.2,158.9,188.9,0.0,0.0,-12.5
377.5,1999-01-12T12:00:00.0,0.06501299633319599,0.7619047619047614,0.7619047619047614,0.07550561797751307,NaN,-98.23943932584265,0.21,-8.9,NaN,4.44,5.04,-31.47,-31.46,NaN,NaN,2.5,10.0,74.87158,-150.35865,1037.2,162.2,191.3,0.0,0.0,-8.9
377.5417,1999-01-12T13:00:02.88,0.07228267629147143,0.7272727272727268,0.7272727272727268,0.0,NaN,-86.80922105263157,0.22,-11.4,NaN,4.45,5.05,-30.98,-30.98,NaN,NaN,2.5,10.0,74.8697,-150.37066,1037.2,167.2,192.9,0.0,0.0,-11.4
377.5833,1999-01-12T13:59:57.12,0.03461255690431374,0.02222222222222175,0.02222222222222175,-0.432676056338019,NaN,-178.27118873239436,0.24,-7.1,0.0,5.19,5.21,-30.52,-30.56,NaN,NaN,2.5,10.0,74.86728,-150.38346,1037.0,175.7,195.2,0.0,0.0,-7.1
377.625,1999-01-12T15:00:00.0,0.22631053404573642,0.8990476190476189,0.8990476190476189,0.40444444444444133,NaN,-27.306015624999993,0.175,-18.0,-0.1,4.38,4.97,-30.57,-30.44,NaN,NaN,2.5,10.0,74.86494,-150.39754,1037.1,147.2,191.0,0.0,0.0,-18.0
377.6667,1999-01-12T16:00:02.88,0.24366645302121392,0.8313725490196081,0.8313725490196081,0.6146892655367321,NaN,-26.238750847457638,0.17,-17.7,-0.1,3.92,4.45,-31.51,-31.31,NaN,NaN,2.5,10.0,74.86308,-150.41194,1037.3,142.9,189.0,0.0,0.0,-17.7
377.7083,1999-01-12T16:59:57.12,0.20768370305311548,0.8592592592592593,0.8592592592592593,0.5148603351955313,NaN,-30.886793296089383,0.18,-17.9,-0.1,4.26,4.84,-31.6,-31.44,NaN,NaN,2.5,10.0,74.861,-150.42374,1037.4,142.2,189.6,0.0,0.0,-17.9
377.75,1999-01-12T18:00:00.0,0.21093080510759035,0.8990476190476189,0.8990476190476189,0.5029940119760551,NaN,-30.50992702095808,0.175,-16.7,-0.1,4.38,4.97,-31.69,-31.54,NaN,NaN,2.5,10.0,74.8589,-150.43615,1037.6,140.9,188.5,0.0,0.0,-16.7
377.7917,1999-01-12T19:00:02.88,0.19167826647902345,0.8,0.8,0.558545454545455,NaN,-33.825599999999994,0.18,-16.5,-0.1,4.01,4.55,-31.9,-31.74,NaN,NaN,2.5,10.0,74.8567,-150.44783,1037.7,143.2,186.3,0.0,0.0,-16.5
377.875,1999-01-12T21:00:00.0,0.1941504722795832,1.362962962962963,1.362962962962963,0.517365269461073,NaN,-33.609082634730534,0.18,-16.7,0.0,4.09,5.01,-32.08,-31.93,NaN,NaN,2.5,10.0,74.85191,-150.46904,1037.8,146.8,187.6,0.0,0.0,-16.7
378.0417,1999-01-13T01:00:02.88,0.17693131687875613,1.3614035087719307,1.3614035087719307,0.6113966480446918,NaN,-36.8776625698324,0.19,-17.9,0.0,4.18,5.15,-32.08,-31.9,NaN,NaN,2.5,10.0,74.84167,-150.51163,1037.7,146.2,187.5,0.0,0.0,-17.9
378.0833,1999-01-13T01:59:57.12,0.1589512876202296,1.2000000000000006,1.2000000000000006,0.5106382978723356,NaN,-40.21276595744682,0.2,-18.8,NaN,4.52,5.42,-31.5,-31.35,NaN,NaN,2.5,10.0,74.83883,-150.52227,1037.4,148.4,189.0,0.0,0.0,-18.8
378.125,1999-01-13T03:00:00.0,0.10607590555074795,0.9919999999999997,0.9919999999999997,0.3902439024390161,NaN,-58.1935975609756,0.25,-24.6,-0.2,5.15,6.08,-30.54,-30.42,NaN,NaN,2.5,10.0,74.83625,-150.5335,1037.3,148.5,191.2,0.0,0.0,-24.6
378.1667,1999-01-13T04:00:02.88,0.1335382164439406,1.0303030303030312,1.0303030303030312,0.46710900473933825,NaN,-46.326369668246436,0.22,-21.1,-0.1,4.84,5.69,-30.6,-30.46,NaN,NaN,2.5,10.0,74.83335,-150.54491,1037.3,147.9,191.1,0.0,0.0,-21.1
378.2083,1999-01-13T04:59:57.12,0.18990723637385193,1.2631578947368427,1.2631578947368427,0.6615544041450804,NaN,-33.05113989637306,0.19,-19.3,-0.1,4.21,5.11,-31.0,-30.79,NaN,NaN,2.5,10.0,74.83098,-150.5566,1037.3,145.0,189.7,0.0,0.0,-19.3
378.25,1999-01-13T06:00:00.0,0.2176741932784365,1.4175438596491226,1.4175438596491226,0.5227149321267003,NaN,-29.077814932126692,0.19,-22.1,-0.1,4.3,5.31,-31.23,-31.04,NaN,NaN,2.5,10.0,74.82843,-150.56758,1037.2,145.4,189.0,0.0,0.0,-22.1
378.2917,1999-01-13T07:00:02.88,0.17392179947948938,1.3066666666666673,1.3066666666666673,0.6834951456310755,NaN,-36.33786407766991,0.2,-20.6,-0.1,4.52,5.5,-31.19,-30.97,NaN,NaN,2.5,10.0,74.82613,-150.57838,1037.0,143.0,188.7,0.0,0.0,-20.6
378.3333,1999-01-13T07:59:57.12,0.12313672085165248,1.055072463768116,1.055072463768116,0.530450450450451,NaN,-50.9040972972973,0.23,-22.2,-0.1,4.85,5.76,-30.96,-30.8,NaN,NaN,2.5,10.0,74.82384,-150.58908,1037.2,147.1,189.8,0.0,0.0,-22.2
378.375,1999-01-13T09:00:00.0,0.15679652697574661,1.1066666666666667,1.1066666666666667,0.41290322580645505,NaN,-39.70322580645161,0.2,-18.6,-0.1,4.45,5.28,-30.77,-30.65,NaN,NaN,2.5,10.0,74.82166,-150.60021,1037.3,155.2,191.3,0.0,0.0,-18.6
378.4167,1999-01-13T10:00:02.88,0.0370047962854042,0.765217391304348,0.765217391304348,-0.5492537313432915,NaN,-162.4566895522388,0.23,-6.7,NaN,4.96,5.62,-29.82,-29.87,NaN,NaN,2.5,10.0,74.81964,-150.6099,1037.4,184.1,197.4,0.0,0.0,-6.7
378.4583,1999-01-13T10:59:57.12,0.03605384615384615,0.7733333333333334,0.7733333333333334,-0.5953488372093426,NaN,-163.98139534883725,0.2,-4.3,NaN,4.55,5.13,-29.38,-29.42,NaN,NaN,2.5,10.0,74.81774,-150.61912,1037.4,183.1,198.8,0.0,0.0,-4.3
378.5417,1999-01-13T13:00:02.88,0.07191907873999456,0.8761904761904767,0.8761904761904767,0.33939393939392004,NaN,-84.61186363636361,0.21,-9.9,-0.1,4.64,5.33,-30.15,-30.1,NaN,NaN,2.5,10.0,74.8142,-150.63813,1037.4,163.2,196.1,0.0,0.0,-9.9
378.5833,1999-01-13T13:59:57.12,0.11567733046096973,1.1111111111111112,1.1111111111111112,0.5183999999999991,NaN,-53.957663999999994,0.18,-10.0,NaN,4.21,4.96,-30.84,-30.75,NaN,NaN,2.5,10.0,74.81253,-150.64714,1037.3,156.0,193.3,0.0,0.0,-10.0
378.625,1999-01-13T15:00:00.0,0.17031338188158904,1.233333333333333,1.233333333333333,0.6462135922330048,NaN,-37.94963883495146,0.16,-10.3,-0.1,3.81,4.55,-31.81,-31.68,NaN,NaN,2.5,10.0,74.81095,-150.65645,1037.5,149.8,189.7,0.0,0.0,-10.3
378.6667,1999-01-13T16:00:02.88,0.2466503077924299,1.276190476190477,1.276190476190477,0.4031999999999994,NaN,-26.029584000000007,0.14,-10.0,0.0,3.61,4.28,-31.62,-31.53,NaN,NaN,2.5,10.0,74.8095,-150.66366,1037.4,154.8,190.2,0.0,0.0,-10.0
378.7083,1999-01-13T16:59:57.12,0.2393112720848872,1.2977777777777777,1.2977777777777777,0.6050420168067169,NaN,-27.507668067226884,0.15,-11.9,0.0,3.72,4.45,-32.33,-32.18,NaN,NaN,2.5,10.0,74.80785,-150.67172,1037.4,146.8,187.7,0.0,0.0,-11.9
378.75,1999-01-13T18:00:00.0,0.2216261053001264,1.1733333333333344,1.1733333333333344,0.6545454545454482,NaN,-30.1725,0.15,-11.0,0.0,3.53,4.19,-32.78,-32.63,NaN,NaN,2.5,10.0,74.80653,-150.67726,1037.2,146.2,186.7,0.0,0.0,-11.0
378.7917,1999-01-13T19:00:02.88,0.9046155408360932,2.7666666666666657,2.7666666666666657,1.0917647058823496,NaN,-7.51058823529412,0.08,-6.8,0.0,2.47,3.3,-33.25,-32.96,NaN,NaN,2.5,10.0,74.80523,-150.68303,1037.2,144.9,184.7,0.0,0.0,-6.8
378.8333,1999-01-13T19:59:57.12,0.8424183124738196,2.814814814814815,2.814814814814815,1.088000000000011,NaN,-8.191529999999998,0.09,-9.0,0.0,2.55,3.5,-33.71,-33.37,NaN,NaN,2.5,10.0,74.80388,-150.68755,1037.3,142.9,183.0,0.0,0.0,-9.0
378.875,1999-01-13T21:00:00.0,0.9339063577113496,2.7999999999999994,2.7999999999999994,1.1337142857142941,NaN,-7.4496,0.08,-7.0,0.0,2.56,3.4,-33.95,-33.64,NaN,NaN,2.5,10.0,74.80251,-150.69239,1037.3,143.4,182.5,0.0,0.0,-7.0
378.9167,1999-01-13T22:00:02.88,0.7506175594066026,2.548148148148149,2.548148148148149,1.1879999999999937,NaN,-9.371294999999998,0.09,-8.0,0.0,2.53,3.39,-34.28,-33.95,NaN,NaN,2.5,10.0,74.80135,-150.69582,1037.2,142.4,181.5,0.0,0.0,-8.0
378.9583,1999-01-13T22:59:57.12,0.7798423299657973,2.8444444444444446,2.8444444444444446,1.0062650602409855,NaN,-9.114256626506023,0.09,-8.3,0.0,2.85,3.81,-34.59,-34.3,NaN,NaN,2.5,10.0,74.80031,-150.69909,1037.0,141.5,180.7,0.0,0.0,-8.3
379.0,1999-01-14T00:00:00.0,0.7329252848102659,2.7555555555555546,2.7555555555555546,1.1446153846153668,NaN,-9.706915384615384,0.09,-7.8,0.0,2.87,3.8,-34.62,-34.31,NaN,NaN,2.5,10.0,74.79915,-150.70252,1036.7,143.6,181.3,0.0,0.0,-7.8
379.0417,1999-01-14T01:00:02.88,0.6438356164383561,2.3200000000000003,2.3200000000000003,0.8170212765957515,NaN,-11.029787234042555,0.1,-9.4,0.0,2.94,3.81,-34.56,-34.32,NaN,NaN,2.5,10.0,74.79797,-150.70628,1036.5,144.0,180.7,0.0,0.0,-9.4
379.0833,1999-01-14T01:59:57.12,0.8834006150976611,2.9000000000000004,2.9000000000000004,1.2412121212121225,NaN,-8.082618181818182,0.08,-6.6,0.0,2.44,3.31,-34.73,-34.41,NaN,NaN,2.5,10.0,74.7968,-150.70924,1036.3,143.7,180.5,0.0,0.0,-6.6
379.125,1999-01-14T03:00:00.0,1.5545612883095599,3.911111111111111,3.911111111111111,1.724081632653052,NaN,-4.599477551020408,0.06,-4.9,0.0,2.23,3.11,-34.78,-34.34,NaN,NaN,2.5,10.0,74.79587,-150.71222,1036.1,143.0,179.8,0.0,0.0,-4.9
379.1667,1999-01-14T04:00:02.88,1.118771062490377,3.428571428571428,3.428571428571428,1.7600000000000198,NaN,-6.3889875000000025,0.07,-5.6,0.0,2.22,3.12,-34.77,-34.33,NaN,NaN,2.5,10.0,74.79481,-150.71538,1035.8,142.7,179.2,0.0,0.0,-5.6
379.2083,1999-01-14T04:59:57.12,1.365208192064724,3.9555555555555566,3.9555555555555566,2.009302325581408,NaN,-5.268390697674419,0.06,-4.3,0.0,2.03,2.92,-34.96,-34.51,NaN,NaN,2.5,10.0,74.79411,-150.7179,1035.4,142.1,178.8,0.0,0.0,-4.3
379.25,1999-01-14T06:00:00.0,1.8098464033781474,4.311111111111112,4.311111111111112,1.583157894736838,NaN,-3.9778105263157895,0.06,-5.7,0.0,2.32,3.29,-34.99,-34.52,NaN,NaN,2.5,10.0,74.79339,-150.72024,1035.2,142.5,178.6,0.0,0.0,-5.7
379.2917,1999-01-14T07:00:02.88,0.9908532590465008,3.1666666666666656,3.1666666666666656,1.2454054054054278,NaN,-7.231654054054055,0.08,-7.4,0.0,2.47,3.42,-34.84,-34.48,NaN,NaN,2.5,10.0,74.7929,-150.72215,1035.1,143.1,179.3,0.0,0.0,-7.4
379.3333,1999-01-14T07:59:57.12,0.8834006150976611,3.1333333333333333,3.1333333333333333,1.629090909090916,NaN,-8.094254545454547,0.08,-6.6,0.0,2.48,3.42,-34.78,-34.36,NaN,NaN,2.5,10.0,74.79237,-150.72434,1034.8,143.4,179.1,0.0,0.0,-6.6
379.375,1999-01-14T09:00:00.0,1.3958155800492673,4.2666666666666675,4.2666666666666675,2.3563636363636324,NaN,-5.126563636363636,0.06,-4.4,0.0,2.18,3.14,-34.81,-34.27,NaN,NaN,2.5,10.0,74.79172,-150.72606,1034.5,144.4,178.6,0.0,0.0,-4.4
379.4167,1999-01-14T10:00:02.88,0.5539744327576601,2.755555555555556,2.755555555555556,2.098983050847456,NaN,-12.788389830508471,0.09,-5.9,0.0,2.4,3.33,-34.5,-34.07,NaN,NaN,2.5,10.0,74.79139,-150.72818,1034.3,145.8,179.7,0.0,0.0,-5.9
379.5,1999-01-14T12:00:00.0,1.2058055666179923,3.911111111111111,3.911111111111111,2.576842105263148,NaN,-5.944547368421053,0.06,-3.8,0.0,2.39,3.27,-34.86,-34.35,NaN,NaN,2.5,10.0,74.79044,-150.73286,1033.5,145.0,178.9,0.0,0.0,-3.8
379.5417,1999-01-14T13:00:02.88,0.6824990178103719,2.7333333333333343,2.7333333333333343,1.8572549019607718,NaN,-10.45383529411765,0.08,-5.1,0.0,2.51,3.33,-34.71,-34.34,NaN,NaN,2.5,10.0,74.78992,-150.73583,1033.0,145.0,178.8,0.0,0.0,-5.1
379.5833,1999-01-14T13:59:57.12,0.6426886792452831,2.766666666666667,2.766666666666667,2.02666666666668,NaN,-11.148800000000003,0.08,-4.8,0.0,2.4,3.23,-34.84,-34.46,NaN,NaN,2.5,10.0,74.78976,-150.73839,1032.6,144.9,179.2,0.0,0.0,-4.8
379.7083,1999-01-14T16:59:57.12,2.251196373100495,5.013333333333333,5.013333333333333,2.575609756097548,NaN,-3.2250000000000005,0.05,-4.1,0.0,2.11,3.05,-35.26,-34.6,NaN,NaN,2.5,10.0,74.78927,-150.74355,1031.6,142.3,176.8,0.0,0.0,-4.1
380.0417,1999-01-15T01:00:02.88,2.4531643986913116,6.079999999999998,6.079999999999998,3.235555555555569,NaN,-2.8058333333333345,0.05,-4.5,0.0,2.43,3.57,-33.67,-32.76,NaN,NaN,2.5,10.0,74.79063,-150.75435,1029.2,140.4,180.1,0.0,0.0,-4.5
380.25,1999-01-15T06:00:00.0,2.9618198972638647,6.080000000000001,6.080000000000001,3.0518518518518545,NaN,-2.4437500000000005,0.05,-5.4,0.0,2.54,3.68,-35.19,-34.16,NaN,NaN,2.5,10.0,74.79229,-150.76532,1028.2,138.5,176.1,0.0,0.0,-5.4
380.3333,1999-01-15T07:59:57.12,1.4963151450575745,4.222222222222223,4.222222222222223,2.941276595744676,NaN,-4.928936170212765,0.06,-4.7,0.0,2.84,3.79,-35.75,-35.03,NaN,NaN,2.5,10.0,74.79302,-150.77015,1028.0,137.8,175.2,0.0,0.0,-4.7
380.375,1999-01-15T09:00:00.0,0.9677661208855964,1.4999999999999991,1.4999999999999991,1.777777777777778,NaN,-7.6416,0.08,-7.2,0.0,3.35,3.8,-35.82,-35.32,NaN,NaN,2.5,10.0,74.79339,-150.77305,1027.9,136.9,175.3,0.0,0.0,-7.2
380.4167,1999-01-15T10:00:02.88,4.297828422183373,2.4000000000000012,2.4000000000000012,0.7179487179487064,NaN,-1.7278846153846157,0.05,-7.8,0.0,3.32,3.77,-35.94,-35.59,NaN,NaN,2.5,10.0,74.79388,-150.77676,1028.0,136.6,175.2,0.0,0.0,-7.8
380.4583,1999-01-15T10:59:57.12,1.5324700887145535,1.7777777777777775,1.7777777777777775,1.6800000000000068,NaN,-4.896450000000001,0.06,-4.8,0.0,2.94,3.34,-36.27,-35.85,NaN,NaN,2.5,10.0,74.79441,-150.78162,1028.0,136.9,174.3,0.0,0.0,-4.8
380.5,1999-01-15T12:00:00.0,1.4377215937869328,1.6000000000000016,1.6000000000000016,2.3039999999999963,NaN,-5.256,0.06,-4.5,0.0,2.63,2.99,-36.5,-35.96,NaN,NaN,2.5,10.0,74.79497,-150.78651,1027.9,136.4,174.1,0.0,0.0,-4.5
380.5417,1999-01-15T13:00:02.88,1.1874643939173857,1.4857142857142862,1.4857142857142862,1.8983050847457628,NaN,-6.376311864406781,0.07,-5.9,0.0,2.84,3.23,-36.56,-36.06,NaN,NaN,2.5,10.0,74.79571,-150.79236,1027.9,135.9,173.8,0.0,0.0,-5.9
380.5833,1999-01-15T13:59:57.12,0.587144778712101,1.2148148148148152,1.2148148148148152,1.6722580645161265,NaN,-12.875080645161287,0.09,-6.2,0.0,3.05,3.46,-36.5,-36.14,NaN,NaN,2.5,10.0,74.79649,-150.79837,1028.0,135.8,173.7,0.0,0.0,-6.2
380.625,1999-01-15T15:00:00.0,0.8337892575051034,1.303703703703705,1.303703703703705,0.9818181818181957,NaN,-9.09344659090909,0.09,-8.8,0.0,3.26,3.7,-36.59,-36.29,NaN,NaN,2.5,10.0,74.79751,-150.80476,1028.1,134.2,173.4,0.0,0.0,-8.8
380.6667,1999-01-15T16:00:02.88,0.9449805802155993,1.333333333333333,1.333333333333333,1.1702857142857153,NaN,-8.066194285714285,0.08,-7.0,0.0,2.95,3.35,-36.76,-36.44,NaN,NaN,2.5,10.0,74.79832,-150.81084,1028.2,133.5,172.0,0.0,0.0,-7.0
380.7083,1999-01-15T16:59:57.12,1.986226322818502,1.6444444444444433,1.6444444444444433,1.4864516129032161,NaN,-3.878593548387096,0.06,-6.2,0.0,2.74,3.11,-37.11,-36.63,NaN,NaN,2.5,10.0,74.79908,-150.81705,1028.4,131.9,171.7,0.0,0.0,-6.2
380.7917,1999-01-15T19:00:02.88,0.6557056328958651,3.2888888888888888,3.2888888888888888,1.5860869565217204,NaN,-11.831986956521735,0.09,-6.9,0.0,3.06,4.17,-37.33,-36.95,NaN,NaN,2.5,10.0,74.80037,-150.82904,1028.6,130.6,171.2,0.0,0.0,-6.9
380.8333,1999-01-15T19:59:57.12,0.5003346322557188,2.7636363636363654,2.7636363636363654,1.209999999999994,NaN,-15.647568749999998,0.11,-9.6,0.0,3.26,4.4,-37.62,-37.29,NaN,NaN,2.5,10.0,74.80059,-150.83436,1028.8,130.5,171.1,0.0,0.0,-9.6
380.875,1999-01-15T21:00:00.0,0.5616412213740458,2.6933333333333325,2.6933333333333325,1.2641975308641988,NaN,-13.892592592592594,0.1,-8.1,0.0,3.26,4.27,-37.51,-37.19,NaN,NaN,2.5,10.0,74.80146,-150.84081,1029.0,130.2,170.7,0.0,0.0,-8.1
380.9167,1999-01-15T22:00:02.88,1.0033696102159098,3.4666666666666663,3.4666666666666663,1.349189189189191,NaN,-7.852281081081081,0.08,-7.4,0.0,3.26,4.3,-37.83,-37.44,NaN,NaN,2.5,10.0,74.80182,-150.84644,1029.4,129.5,170.0,0.0,0.0,-7.4
380.9583,1999-01-15T22:59:57.12,0.40546580725152165,2.4444444444444446,2.4444444444444446,1.0645544554455488,NaN,-19.298851485148514,0.12,-10.1,0.0,3.47,4.57,-37.6,-37.32,NaN,NaN,2.5,10.0,74.80177,-150.85302,1029.4,130.0,170.7,0.0,0.0,-10.1
381.0,1999-01-16T00:00:00.0,0.23503958291413385,1.8999999999999997,1.8999999999999997,0.6998561151079052,NaN,-32.86818992805756,0.16,-13.9,0.0,4.19,5.33,-37.18,-36.99,NaN,NaN,2.5,10.0,74.80143,-150.86142,1029.3,128.9,171.6,0.0,0.0,-13.9
381.0417,1999-01-16T01:00:02.88,0.36511682691200004,2.0571428571428574,2.0571428571428574,0.7415172413793166,NaN,-20.801412413793106,0.14,-14.5,0.0,3.88,4.96,-36.64,-36.4,NaN,NaN,2.5,10.0,74.80055,-150.86994,1029.4,130.5,172.8,0.0,0.0,-14.5
381.0833,1999-01-16T01:59:57.12,0.25261254416728196,1.7333333333333332,1.7333333333333332,0.6485333333333256,NaN,-29.671424000000002,0.16,-15.0,0.0,4.19,5.23,-36.22,-36.03,NaN,NaN,2.5,10.0,74.79966,-150.87916,1029.3,131.5,173.6,0.0,0.0,-15.0
381.125,1999-01-16T03:00:00.0,0.2527191654795822,1.900000000000001,1.900000000000001,0.6485333333333256,NaN,-29.753344000000002,0.16,-15.0,0.0,4.09,5.23,-36.32,-36.13,NaN,NaN,2.5,10.0,74.79882,-150.88906,1029.5,131.3,173.6,0.0,0.0,-15.0
381.1667,1999-01-16T04:00:02.88,0.1729854473085986,1.6561403508771928,1.6561403508771928,0.5302325581395299,NaN,-43.31937034883722,0.19,-17.2,-0.1,4.61,5.79,-36.21,-36.06,NaN,NaN,2.5,10.0,74.7981,-150.90035,1029.5,131.2,173.8,0.0,0.0,-17.2
381.2083,1999-01-16T04:59:57.12,0.25990387142803506,2.0266666666666677,2.0266666666666677,0.7559055118110343,NaN,-29.123326771653545,0.15,-12.7,0.0,4.09,5.23,-36.53,-36.33,NaN,NaN,2.5,10.0,74.79746,-150.91236,1029.6,130.6,173.7,0.0,0.0,-12.7
381.25,1999-01-16T06:00:00.0,0.1953293101846979,1.8509803921568622,1.8509803921568622,0.7827338129496514,NaN,-38.62890431654677,0.17,-13.9,0.0,4.41,5.59,-36.43,-36.23,NaN,NaN,2.5,10.0,74.79698,-150.92416,1029.7,130.0,173.8,0.0,0.0,-13.9
381.2917,1999-01-16T07:00:02.88,0.18686855188550425,1.6701754385964906,1.6701754385964906,0.6210752688171969,NaN,-39.80432580645161,0.19,-18.6,0.0,4.4,5.59,-35.98,-35.79,NaN,NaN,2.5,10.0,74.79642,-150.93547,1029.6,131.7,174.9,0.0,0.0,-18.6
381.3333,1999-01-16T07:59:57.12,0.18402932001361066,1.4814814814814814,1.4814814814814814,0.5907692307692182,NaN,-39.90433846153846,0.18,-15.6,0.0,4.3,5.3,-35.58,-35.42,NaN,NaN,2.5,10.0,74.79617,-150.94683,1029.7,133.4,176.4,0.0,0.0,-15.6
381.375,1999-01-16T09:00:00.0,0.15068774300645055,1.3473684210526318,1.3473684210526318,0.5269333333333438,NaN,-49.288774,0.19,-15.0,-0.1,4.61,5.57,-35.93,-35.8,NaN,NaN,2.5,10.0,74.79561,-150.9576,1030.0,132.3,175.7,0.0,0.0,-15.0
381.4167,1999-01-16T10:00:02.88,0.13371375205774344,1.5733333333333341,1.5733333333333341,0.4954838709677315,NaN,-56.20645161290324,0.2,-15.5,0.0,4.81,5.99,-36.3,-36.18,NaN,NaN,2.5,10.0,74.79513,-150.96732,1030.4,130.6,174.7,0.0,0.0,-15.5
381.4583,1999-01-16T10:59:57.12,0.18556431370626925,1.3714285714285706,1.3714285714285706,0.46666666666665674,NaN,-40.720084635416654,0.175,-14.4,0.0,4.82,5.72,-36.47,-36.35,NaN,NaN,2.5,10.0,74.79424,-150.97741,1030.5,130.2,174.3,0.0,0.0,-14.4
381.5,1999-01-16T12:00:00.0,0.21905137342059713,1.7204301075268817,1.7204301075268817,0.6305084745762651,NaN,-34.755114724576266,0.155,-11.8,0.0,4.4,5.4,-36.71,-36.56,NaN,NaN,2.5,10.0,74.7931,-150.98841,1030.7,129.3,173.4,0.0,0.0,-11.8
381.5417,1999-01-16T13:00:02.88,0.16360060726039535,1.6148148148148145,1.6148148148148145,0.5843478260869589,NaN,-46.579930434782604,0.18,-13.8,0.0,4.4,5.49,-36.74,-36.6,NaN,NaN,2.5,10.0,74.79196,-151.00048,1030.7,128.5,173.5,0.0,0.0,-13.8
381.5833,1999-01-16T13:59:57.12,0.17088349116540194,1.5851851851851841,1.5851851851851841,0.4399999999999977,NaN,-44.906399999999984,0.18,-14.4,0.0,4.82,5.89,-36.96,-36.85,NaN,NaN,2.5,10.0,74.79105,-151.0126,1030.9,128.8,173.1,0.0,0.0,-14.4
381.625,1999-01-16T15:00:00.0,0.09152528935916622,1.248780487804878,1.248780487804878,0.517894736842125,NaN,-83.45335559210524,0.205,-11.4,0.0,5.13,6.09,-36.81,-36.72,NaN,NaN,2.5,10.0,74.79051,-151.02726,1031.2,131.7,174.2,0.0,0.0,-11.4
381.6667,1999-01-16T16:00:02.88,0.12899625633422415,1.4270270270270273,1.4270270270270273,0.5518644067796581,NaN,-59.54410391949151,0.185,-11.8,0.0,4.92,5.91,-36.99,-36.88,NaN,NaN,2.5,10.0,74.79062,-151.04281,1031.6,128.0,173.3,0.0,0.0,-11.8
381.7083,1999-01-16T16:59:57.12,0.20124651303037686,1.6666666666666667,1.6666666666666667,0.645378151260498,NaN,-38.40258151260504,0.16,-11.9,0.0,4.4,5.4,-37.19,-37.04,NaN,NaN,2.5,10.0,74.79099,-151.05979,1032.1,127.1,172.3,0.0,0.0,-11.9
381.75,1999-01-16T18:00:00.0,0.19607753943468137,1.5166666666666668,1.5166666666666668,0.7062068965517091,NaN,-39.27922758620691,0.16,-11.6,0.0,4.71,5.62,-37.08,-36.92,NaN,NaN,2.5,10.0,74.79182,-151.07693,1032.5,127.3,172.5,0.0,0.0,-11.6
381.7917,1999-01-16T19:00:02.88,0.14323054088221887,1.0105263157894746,1.0105263157894746,0.5566197183098701,NaN,-53.45672746478874,0.19,-14.2,0.0,5.27,5.99,-36.89,-36.76,NaN,NaN,2.5,10.0,74.79259,-151.09283,1032.9,126.6,172.7,0.0,0.0,-14.2
381.8333,1999-01-16T19:59:57.12,0.10979455744188676,0.8848484848484843,0.8848484848484843,0.5831952662721918,NaN,-69.69084497041419,0.22,-16.9,-0.1,5.36,6.09,-36.87,-36.73,NaN,NaN,2.5,10.0,74.79352,-151.10916,1033.3,127.2,172.9,0.0,0.0,-16.9
381.9583,1999-01-16T22:59:57.12,0.21715073756607634,1.3019607843137255,1.3019607843137255,0.5651948051947931,NaN,-35.62244025974027,0.17,-15.4,0.0,4.08,4.91,-37.22,-37.06,NaN,NaN,2.5,10.0,74.79551,-151.14808,1034.4,128.3,170.9,0.0,0.0,-15.4
382.0,1999-01-17T00:00:00.0,0.15027344594439201,0.6504065040650406,0.6504065040650406,0.45604278074864707,NaN,-51.207013034759335,0.205,-18.7,0.0,4.59,5.09,-37.05,-36.92,NaN,NaN,2.5,10.0,74.7947,-151.15925,1034.5,128.5,171.4,0.0,0.0,-18.7
382.0417,1999-01-17T01:00:02.88,0.1266990292130229,0.6325581395348835,0.6325581395348835,0.5292307692307713,NaN,-60.44934684065933,0.215,-18.2,-0.1,4.69,5.2,-36.9,-36.76,NaN,NaN,2.5,10.0,74.79353,-151.17093,1034.7,128.4,172.6,0.0,0.0,-18.2
382.0833,1999-01-17T01:59:57.12,0.12233836140386786,0.6697674418604652,0.6697674418604652,0.5081818181818282,NaN,-61.90026519886362,0.215,-17.6,-0.1,5.0,5.54,-36.54,-36.41,NaN,NaN,2.5,10.0,74.79221,-151.18404,1034.8,129.1,173.8,0.0,0.0,-17.6
382.125,1999-01-17T03:00:00.0,0.13415127870475838,1.0031746031746032,1.0031746031746032,0.5600000000000213,NaN,-56.090789999999984,0.21,-18.0,0.0,4.49,5.28,-36.34,-36.19,NaN,NaN,2.5,10.0,74.79089,-151.19892,1035.1,129.3,174.4,0.0,0.0,-18.0
382.1667,1999-01-17T04:00:02.88,0.1449529277662853,1.1999999999999993,1.1999999999999993,0.6857142857142847,NaN,-51.957142857142856,0.2,-16.8,0.0,4.28,5.18,-36.37,-36.19,NaN,NaN,2.5,10.0,74.78955,-151.21533,1035.4,129.0,173.8,0.0,0.0,-16.8
382.2083,1999-01-17T04:59:57.12,0.17278513216618574,1.2296296296296296,1.2296296296296296,0.6312328767123433,NaN,-43.54826301369863,0.18,-14.6,0.0,4.08,4.91,-36.34,-36.18,NaN,NaN,2.5,10.0,74.78813,-151.2321,1035.8,129.0,173.5,0.0,0.0,-14.6
382.25,1999-01-17T06:00:00.0,0.17223041726110452,0.6877192982456144,0.6877192982456144,0.568888888888902,NaN,-43.99386666666667,0.19,-17.1,0.0,4.59,5.08,-36.56,-36.4,NaN,NaN,2.5,10.0,74.78674,-151.24886,1035.9,126.5,173.3,0.0,0.0,-17.1
382.2917,1999-01-17T07:00:02.88,0.14249076930984692,0.9904761904761908,0.9904761904761908,0.49256544502617994,NaN,-53.194990052356005,0.21,-19.1,0.0,4.7,5.48,-36.57,-36.43,NaN,NaN,2.5,10.0,74.78538,-151.26453,1036.4,124.7,173.0,0.0,0.0,-19.1
382.3333,1999-01-17T07:59:57.12,0.2136832377722353,1.317647058823529,1.317647058823529,0.7515789473684241,NaN,-35.422083552631584,0.17,-15.2,0.0,4.07,4.91,-36.53,-36.32,NaN,NaN,2.5,10.0,74.78433,-151.27975,1037.1,125.6,172.9,0.0,0.0,-15.2
382.375,1999-01-17T09:00:00.0,0.21206310500644138,1.2296296296296296,1.2296296296296296,0.7079329608938512,NaN,-35.793492737430164,0.18,-17.9,0.0,4.28,5.11,-36.62,-36.4,NaN,NaN,2.5,10.0,74.78298,-151.29352,1037.4,125.5,172.7,0.0,0.0,-17.9
382.4167,1999-01-17T10:00:02.88,0.15303767530083773,1.054545454545455,1.054545454545455,0.4772881355932101,NaN,-49.323701694915236,0.22,-23.6,0.0,4.8,5.67,-36.44,-36.28,NaN,NaN,2.5,10.0,74.78178,-151.30705,1037.7,126.6,173.6,0.0,0.0,-23.6
382.4583,1999-01-17T10:59:57.12,0.1500537997383856,1.0666666666666664,1.0666666666666664,0.5885057471264504,NaN,-49.986206896551735,0.2,-17.4,0.0,4.7,5.5,-36.24,-36.08,NaN,NaN,2.5,10.0,74.78049,-151.32064,1038.1,127.5,173.7,0.0,0.0,-17.4
382.5,1999-01-17T12:00:00.0,0.19502388823045966,1.2592592592592586,1.2592592592592586,0.6981818181818281,NaN,-38.236712727272725,0.18,-16.5,0.0,4.28,5.13,-36.06,-35.86,NaN,NaN,2.5,10.0,74.7795,-151.33378,1038.4,128.2,174.0,0.0,0.0,-16.5
382.5417,1999-01-17T13:00:02.88,0.15066869392699836,1.0666666666666664,1.0666666666666664,0.7701333333333242,NaN,-49.288774,0.19,-15.0,0.0,4.28,5.04,-35.93,-35.74,NaN,NaN,2.5,10.0,74.77859,-151.34679,1038.6,128.9,174.3,0.0,0.0,-15.0
382.5833,1999-01-17T13:59:57.12,0.15671806863426657,1.1066666666666667,1.1066666666666667,0.6681318681318601,NaN,-47.34065934065935,0.2,-18.2,0.0,4.28,5.11,-35.9,-35.71,NaN,NaN,2.5,10.0,74.7772,-151.35867,1039.0,130.1,174.6,0.0,0.0,-18.2
382.625,1999-01-17T15:00:00.0,0.12064894267462209,1.0666666666666664,1.0666666666666664,0.5942857142857261,NaN,-61.81714285714287,0.2,-14.0,0.0,4.58,5.38,-36.06,-35.93,NaN,NaN,2.5,10.0,74.77581,-151.37012,1039.3,130.9,174.8,0.0,0.0,-14.0
382.6667,1999-01-17T16:00:02.88,0.13266908339831812,0.8000000000000007,0.8000000000000007,0.5402597402597213,NaN,-56.072727272727285,0.2,-15.4,0.0,4.59,5.19,-35.98,-35.85,NaN,NaN,2.5,10.0,74.77436,-151.38053,1039.9,131.4,175.1,0.0,0.0,-15.4
382.7083,1999-01-17T16:59:57.12,0.21543545632787306,1.3999999999999997,1.3999999999999997,0.8400000000000033,NaN,-34.64640000000001,0.16,-12.8,0.0,3.76,4.6,-36.09,-35.88,NaN,NaN,2.5,10.0,74.77295,-151.38981,1040.2,131.4,174.4,0.0,0.0,-12.8
382.75,1999-01-17T18:00:00.0,0.2104227262584628,1.1764705882352942,1.1764705882352942,0.7978666666666625,NaN,-35.40307800000001,0.17,-15.0,0.0,4.07,4.82,-36.03,-35.81,NaN,NaN,2.5,10.0,74.77137,-151.39849,1040.6,131.8,174.7,0.0,0.0,-15.0
382.7917,1999-01-17T19:00:02.88,0.17059610976056114,1.0385964912280705,1.0385964912280705,0.5722352941176349,NaN,-43.19959588235294,0.19,-17.0,0.0,4.38,5.12,-35.69,-35.53,NaN,NaN,2.5,10.0,74.77001,-151.40717,1040.8,132.3,176.2,0.0,0.0,-17.0
382.8333,1999-01-17T19:59:57.12,0.19483568038893168,1.254901960784314,1.254901960784314,0.8610071942446276,NaN,-38.00329208633095,0.17,-13.9,0.0,3.85,4.65,-35.84,-35.62,NaN,NaN,2.5,10.0,74.76863,-151.41571,1041.2,131.5,175.2,0.0,0.0,-13.9
382.875,1999-01-17T21:00:00.0,0.38881910522912316,1.7230769230769236,1.7230769230769236,1.2412903225806367,NaN,-19.13516129032258,0.13,-12.4,0.0,3.44,4.28,-36.0,-35.63,NaN,NaN,2.5,10.0,74.76749,-151.42356,1041.6,129.6,174.7,0.0,0.0,-12.4
382.9167,1999-01-17T22:00:02.88,0.48703258349799705,2.511111111111111,2.511111111111111,1.4793442622950783,NaN,-15.454268852459014,0.12,-12.2,0.0,3.0,4.13,-36.37,-35.9,NaN,NaN,2.5,10.0,74.76619,-151.43109,1041.9,129.2,173.6,0.0,0.0,-12.2
382.9583,1999-01-17T22:59:57.12,0.8427478980945537,2.7200000000000015,2.7200000000000015,1.2065573770491826,NaN,-9.022131147540986,0.1,-12.2,0.0,3.01,4.03,-36.69,-36.23,NaN,NaN,2.5,10.0,74.76512,-151.43788,1042.2,130.3,172.5,0.0,0.0,-12.2
383.0,1999-01-18T00:00:00.0,2.9830852074754515,5.760000000000001,5.760000000000001,1.9851851851851898,NaN,-2.5493055555555557,0.05,-5.4,0.0,2.17,3.25,-36.71,-36.04,NaN,NaN,2.5,10.0,74.76397,-151.44357,1042.5,134.6,172.2,0.0,0.0,-5.4
383.0417,1999-01-18T01:00:02.88,2.1120431469469803,4.882051282051281,4.882051282051281,1.9561904761904743,NaN,-3.6054339285714283,0.065,-8.4,0.0,2.56,3.75,-36.76,-35.97,NaN,NaN,2.5,10.0,74.76291,-151.44935,1042.6,132.8,171.9,0.0,0.0,-8.4
383.0833,1999-01-18T01:59:57.12,2.986617053214656,5.760000000000001,5.760000000000001,2.459259259259254,NaN,-2.574305555555556,0.05,-5.4,0.0,2.1,3.18,-37.07,-36.24,NaN,NaN,2.5,10.0,74.76182,-151.45419,1042.9,132.7,171.6,0.0,0.0,-5.4
383.125,1999-01-18T03:00:00.0,1.1652869137679869,3.437037037037037,3.437037037037037,1.5219512195121916,NaN,-6.532551219512194,0.09,-12.3,0.0,2.83,3.99,-36.74,-36.09,NaN,NaN,2.5,10.0,74.76043,-151.45788,1043.0,135.3,172.7,0.0,0.0,-12.3
383.1667,1999-01-18T04:00:02.88,4.042249645450119,5.760000000000001,5.760000000000001,1.7315068493150667,NaN,-1.9176369863013705,0.05,-7.3,0.0,2.57,3.65,-37.33,-36.54,NaN,NaN,2.5,10.0,74.75915,-151.46148,1043.2,131.9,171.7,0.0,0.0,-7.3
383.2083,1999-01-18T04:59:57.12,0.5720607958922903,2.5555555555555554,2.5555555555555554,1.3426573426573425,NaN,-13.369644755244753,0.12,-14.3,0.0,2.94,4.09,-36.88,-36.38,NaN,NaN,2.5,10.0,74.75759,-151.46663,1043.2,133.6,172.5,0.0,0.0,-14.3
383.25,1999-01-18T06:00:00.0,1.3750534289513678,3.833333333333333,3.833333333333333,1.3552941176470568,NaN,-5.50249411764706,0.08,-10.2,0.0,2.72,3.87,-36.54,-36.0,NaN,NaN,2.5,10.0,74.75599,-151.47191,1043.5,133.8,172.6,0.0,0.0,-10.2
383.2917,1999-01-18T07:00:02.88,0.851174816470311,2.992592592592593,2.992592592592593,1.6960000000000037,NaN,-8.813609999999999,0.09,-9.0,0.0,2.63,3.64,-36.27,-35.74,NaN,NaN,2.5,10.0,74.75434,-151.47787,1043.7,135.2,173.1,0.0,0.0,-9.0
383.3333,1999-01-18T07:59:57.12,1.2266556761466663,4.419047619047619,4.419047619047619,2.6806557377049067,NaN,-6.152070491803281,0.07,-6.1,0.0,2.19,3.35,-36.47,-35.74,NaN,NaN,2.5,10.0,74.75266,-151.48428,1044.1,135.5,172.9,0.0,0.0,-6.1
383.4583,1999-01-18T10:59:57.12,0.7430854905851817,1.0947368421052637,1.0947368421052637,2.1147826086956543,NaN,-10.447859918478262,0.095,-9.2,NaN,2.78,3.17,-37.37,-36.73,NaN,NaN,2.5,10.0,74.74775,-151.49981,1044.9,136.6,172.0,0.0,0.0,-9.2
383.5,1999-01-18T12:00:00.0,0.36237672588380115,0.9333333333333328,0.9333333333333328,1.3377777777777993,NaN,-20.917283333333337,0.14,-14.4,0.0,3.31,3.8,-36.59,-36.16,NaN,NaN,2.5,10.0,74.74612,-151.50302,1044.9,136.4,173.9,0.0,0.0,-14.4
383.5417,1999-01-18T13:00:02.88,0.4144892632646359,0.9846153846153846,0.9846153846153846,1.2606060606060563,NaN,-18.15021590909091,0.13,-13.2,0.0,3.22,3.7,-36.35,-35.95,NaN,NaN,2.5,10.0,74.74446,-151.50659,1045.1,136.1,174.6,0.0,0.0,-13.2
383.5833,1999-01-18T13:59:57.12,0.5938423853365994,1.013333333333333,1.013333333333333,2.0837209302325403,NaN,-12.784883720930235,0.1,-8.6,0.0,2.69,3.07,-36.65,-36.09,NaN,NaN,2.5,10.0,74.74258,-151.50915,1044.9,136.8,174.1,0.0,0.0,-8.6
383.625,1999-01-18T15:00:00.0,0.714095617032828,1.0424242424242418,1.0424242424242418,1.326376811594211,NaN,-10.422308695652173,0.11,-13.8,0.0,2.72,3.15,-36.02,-35.5,NaN,NaN,2.5,10.0,74.74061,-151.51361,1044.9,137.5,174.6,0.0,0.0,-13.8
383.6667,1999-01-18T16:00:02.88,0.2658165388447513,0.8602150537634409,0.8602150537634409,1.033333333333348,NaN,-27.502368489583336,0.155,-14.4,0.0,3.45,3.95,-35.45,-35.15,NaN,NaN,2.5,10.0,74.73862,-151.51865,1044.8,138.0,177.0,0.0,0.0,-14.4
383.7083,1999-01-18T16:59:57.12,0.5426478541157742,1.0666666666666667,1.0666666666666667,1.4750476190476112,NaN,-13.568594285714285,0.11,-10.5,0.0,2.81,3.25,-35.68,-35.24,NaN,NaN,2.5,10.0,74.73662,-151.5247,1045.0,138.2,176.5,0.0,0.0,-10.5
383.8333,1999-01-18T19:59:57.12,0.9436285719501347,1.1607843137254905,1.1607843137254905,2.428571428571429,NaN,-8.012137946428572,0.085,-8.4,0.0,2.56,2.93,-36.53,-35.78,NaN,NaN,2.5,10.0,74.73124,-151.54419,1045.2,138.5,174.3,0.0,0.0,-8.4
383.875,1999-01-18T21:00:00.0,0.36918491422378025,0.849382716049383,0.849382716049383,1.701818181818192,NaN,-20.024097443181823,0.135,-13.2,NaN,3.23,3.66,-35.81,-35.29,NaN,NaN,2.5,10.0,74.72942,-151.55052,1045.2,138.0,176.2,0.0,0.0,-13.2
383.9583,1999-01-18T22:59:57.12,3.520047095431323,6.080000000000001,6.080000000000001,1.9749999999999979,NaN,-2.0935546874999997,0.05,-6.4,0.0,2.31,3.45,-35.73,-34.94,NaN,NaN,2.5,10.0,74.72599,-151.56482,1045.1,135.1,173.9,0.0,0.0,-6.4
384.0,1999-01-19T00:00:00.0,1.6856806923834637,5.219047619047619,5.219047619047619,3.7066666666666683,NaN,-4.447975000000001,0.07,-8.4,0.0,2.6,3.97,-36.31,-34.92,NaN,NaN,2.5,10.0,74.72406,-151.57117,1045.1,134.6,173.2,0.0,0.0,-8.4
384.0417,1999-01-19T01:00:02.88,1.5290519877675846,5.111111111111111,5.111111111111111,3.7599999999999905,NaN,-4.859999999999999,0.06,-4.8,0.0,2.2,3.35,-36.0,-35.06,NaN,NaN,2.5,10.0,74.72208,-151.5775,1044.9,134.1,172.3,0.0,0.0,-4.8
384.0833,1999-01-19T01:59:57.12,1.5859943863378092,4.200000000000001,4.200000000000001,2.0393220338983,NaN,-4.690006779661017,0.08,-11.8,0.0,2.73,3.99,-36.03,-35.09,NaN,NaN,2.5,10.0,74.72023,-151.58405,1044.8,135.0,173.3,0.0,0.0,-11.8
384.125,1999-01-19T03:00:00.0,0.8589661421508864,3.437037037037036,3.437037037037036,2.0571428571428525,NaN,-8.620625274725272,0.09,-9.1,NaN,2.43,3.59,-35.87,-35.22,NaN,NaN,2.5,10.0,74.7183,-151.59037,1044.8,135.2,174.4,0.0,0.0,-9.1
384.2083,1999-01-19T04:59:57.12,1.1686462189248308,4.200000000000001,4.200000000000001,2.295172413793107,NaN,-6.322317241379312,0.08,-8.7,0.0,2.63,3.89,-35.81,-35.03,NaN,NaN,2.5,10.0,74.71475,-151.60419,1044.6,136.9,174.0,0.0,0.0,-8.7
384.25,1999-01-19T06:00:00.0,1.231702264792539,3.796078431372547,3.796078431372547,1.5578181818181882,NaN,-5.979344318181821,0.085,-11.0,0.0,2.85,4.06,-35.7,-35.07,NaN,NaN,2.5,10.0,74.7131,-151.61154,1044.4,137.1,175.3,0.0,0.0,-11.0
384.2917,1999-01-19T07:00:02.88,3.3549743503490026,6.186666666666665,6.186666666666665,2.2032786885245996,NaN,-2.197745901639345,0.05,-6.1,0.0,2.43,3.59,-35.75,-34.91,NaN,NaN,2.5,10.0,74.71151,-151.61898,1044.6,136.5,174.8,0.0,0.0,-6.1
384.3333,1999-01-19T07:59:57.12,2.357238880121574,5.155555555555556,5.155555555555556,2.2572972972972907,NaN,-3.148929729729729,0.06,-7.4,0.0,2.33,3.49,-35.96,-35.09,NaN,NaN,2.5,10.0,74.71032,-151.62622,1044.6,136.5,173.7,0.0,0.0,-7.4
384.375,1999-01-19T09:00:00.0,4.092426542647001,6.109090909090911,6.109090909090911,1.528888888888888,NaN,-1.8074374999999998,0.055,-9.9,0.0,2.65,3.91,-35.85,-34.99,NaN,NaN,2.5,10.0,74.70897,-151.63322,1044.5,136.5,174.4,0.0,0.0,-9.9
384.5833,1999-01-19T13:59:57.12,2.5326430104811206,3.039999999999999,3.039999999999999,4.3130434782608775,NaN,-2.95108695652174,0.05,-4.6,0.0,2.23,2.8,-36.2,-34.96,NaN,NaN,2.5,10.0,74.70099,-151.67042,1044.0,133.9,172.2,0.0,0.0,-4.6
384.625,1999-01-19T15:00:00.0,2.979129815781015,2.084848484848486,2.084848484848486,2.3222222222222118,NaN,-2.5039437499999995,0.055,-7.2,0.0,2.34,2.77,-36.12,-35.17,NaN,NaN,2.5,10.0,74.69931,-151.67846,1043.9,137.5,173.2,0.0,0.0,-7.2
384.6667,1999-01-19T16:00:02.88,4.408121998483444,2.2933333333333343,2.2933333333333343,1.9200000000000017,NaN,-1.6992187500000004,0.05,-8.0,0.0,2.34,2.77,-36.25,-35.29,NaN,NaN,2.5,10.0,74.69777,-151.68718,1043.8,133.9,172.5,0.0,0.0,-8.0
384.7083,1999-01-19T16:59:57.12,3.084645835088014,3.039999999999999,3.039999999999999,3.657142857142861,NaN,-2.4328125000000007,0.05,-5.6,0.0,2.35,2.92,-36.33,-35.05,NaN,NaN,2.5,10.0,74.69644,-151.69538,1043.7,134.4,172.7,0.0,0.0,-5.6
384.9167,1999-01-19T22:00:02.88,3.513096025015354,6.266666666666668,6.266666666666668,1.9898181818181826,NaN,-2.1625527272727267,0.06,-11.0,0.0,2.66,4.07,-36.71,-35.57,NaN,NaN,2.5,10.0,74.68912,-151.73665,1043.2,131.0,171.4,0.0,0.0,-11.0
385.0,1999-01-20T00:00:00.0,3.642070623971649,2.5066666666666677,2.5066666666666677,3.345454545454552,NaN,-2.091477272727273,0.05,-6.6,NaN,2.13,2.6,-36.81,-35.43,NaN,NaN,2.5,10.0,NaN,NaN,1042.9,130.3,169.9,0.0,0.0,-6.6
385.0833,1999-01-20T01:59:57.12,1.777492409707141,1.2333333333333336,1.2333333333333336,2.5406060606060517,NaN,-4.265890909090909,0.08,-13.2,NaN,2.77,3.14,-36.66,-35.35,NaN,NaN,2.5,10.0,NaN,NaN,1042.5,130.4,170.7,0.0,0.0,-13.2
385.125,1999-01-20T03:00:00.0,2.0617564053530044,1.7230769230769225,1.7230769230769225,3.0185365853658483,NaN,-3.713465853658537,0.065,-8.2,NaN,2.16,2.58,-36.96,-35.77,NaN,NaN,2.5,10.0,NaN,NaN,1042.4,130.5,169.8,0.0,0.0,-8.2
385.2083,1999-01-20T04:59:57.12,1.1642295738799928,1.1259259259259256,1.1259259259259256,2.154146341463402,NaN,-6.5183268292682905,0.09,-12.3,NaN,2.88,3.26,-36.66,-35.74,NaN,NaN,2.5,10.0,NaN,NaN,1042.2,136.1,171.5,0.0,0.0,-12.3
385.25,1999-01-20T06:00:00.0,0.3096274055532562,0.8571428571428574,0.8571428571428574,0.6864516129032178,NaN,-22.98321290322581,0.14,-12.4,NaN,3.32,3.77,-34.62,-34.43,NaN,NaN,2.5,10.0,NaN,NaN,1042.1,159.5,179.7,0.0,0.0,-12.4
385.2917,1999-01-20T07:00:02.88,0.14897248480465594,0.7407407407407407,0.7407407407407407,0.6349606299212623,NaN,-47.142765354330706,0.18,-12.7,NaN,3.66,4.16,-34.22,-34.08,NaN,NaN,2.5,10.0,NaN,NaN,1042.2,151.3,180.7,0.0,0.0,-12.7
385.3333,1999-01-20T07:59:57.12,0.1254833740500684,0.311111111111111,0.311111111111111,0.699813084112125,NaN,-55.85638878504672,0.18,-10.7,NaN,3.55,3.76,-34.16,-34.03,NaN,NaN,2.5,10.0,NaN,NaN,1042.4,157.9,181.9,0.0,0.0,-10.7
385.375,1999-01-20T09:00:00.0,0.03865515370920433,0.3246376811594195,0.3246376811594195,-0.2133333333332909,NaN,-175.9983,0.23,-6.9,NaN,4.48,4.76,-33.27,-33.29,NaN,NaN,2.5,10.0,NaN,NaN,1042.5,167.8,186.2,0.0,0.0,-6.9
385.4167,1999-01-20T10:00:02.88,0.11728065961225297,0.7157894736842103,0.7157894736842103,0.46372881355930295,NaN,-58.17362033898305,0.19,-11.8,NaN,3.76,4.27,-33.36,-33.27,NaN,NaN,2.5,10.0,NaN,NaN,1042.6,153.6,185.0,0.0,0.0,-11.8
385.4583,1999-01-20T10:59:57.12,0.1813761445973691,0.7619047619047618,0.7619047619047618,0.7978082191780543,NaN,-37.664219178082206,0.14,-7.3,NaN,2.93,3.33,-33.4,-33.27,NaN,NaN,2.5,10.0,NaN,NaN,1042.6,157.9,184.9,0.0,0.0,-7.3
385.5,1999-01-20T12:00:00.0,0.2060589359684744,0.7809523809523812,0.7809523809523812,0.8096385542168598,NaN,-32.94783614457832,0.14,-8.3,NaN,3.03,3.44,-33.22,-33.07,NaN,NaN,2.5,10.0,NaN,NaN,1042.3,158.5,185.2,0.0,0.0,-8.3
385.5417,1999-01-20T13:00:02.88,0.2207478158989763,0.8380952380952379,0.8380952380952379,0.5033707865168611,NaN,-30.49539775280899,0.14,-8.9,NaN,3.22,3.66,-32.97,-32.87,NaN,NaN,2.5,10.0,NaN,NaN,1042.1,160.0,186.1,0.0,0.0,-8.9
385.5833,1999-01-20T13:59:57.12,0.04663870873637754,0.18181818181818227,0.18181818181818227,0.19287671232879727,NaN,-143.61672328767125,0.22,-7.3,NaN,4.17,4.32,-32.82,-32.8,NaN,NaN,2.5,10.0,NaN,NaN,1041.9,161.5,187.2,0.0,0.0,-7.3
385.625,1999-01-20T15:00:00.0,0.418454351171933,0.8222222222222225,0.8222222222222225,0.8694339622641581,NaN,-16.427411320754718,0.12,-10.6,NaN,2.71,3.08,-33.59,-33.35,NaN,NaN,2.5,10.0,NaN,NaN,1041.8,145.6,183.4,0.0,0.0,-10.6
385.6667,1999-01-20T16:00:02.88,0.25437042902089896,0.764444444444444,0.764444444444444,0.7238095238095152,NaN,-26.74285714285714,0.15,-12.6,NaN,3.18,3.61,-33.28,-33.09,NaN,NaN,2.5,10.0,NaN,NaN,1041.8,149.5,184.5,0.0,0.0,-12.6
385.7083,1999-01-20T16:59:57.12,0.1606111978430304,0.17254901960784363,0.17254901960784363,0.5158620689655146,NaN,-41.73932327586209,0.17,-11.6,NaN,3.55,3.66,-32.85,-32.74,NaN,NaN,2.5,10.0,NaN,NaN,1041.9,155.5,186.1,0.0,0.0,-11.6
385.75,1999-01-20T18:00:00.0,0.2977614530710345,0.8761904761904761,0.8761904761904761,0.9706666666666592,NaN,-22.7409,0.14,-12.0,NaN,3.33,3.79,-33.15,-32.89,NaN,NaN,2.5,10.0,NaN,NaN,1041.9,143.0,184.0,0.0,0.0,-12.0
386.4167,1999-01-21T10:00:02.88,0.270521748128952,0.7843137254901954,0.7843137254901954,1.093608247422682,NaN,-26.355459278350523,0.17,-19.4,NaN,3.77,4.27,-34.69,-34.3,NaN,NaN,2.5,10.0,NaN,NaN,1042.6,135.1,178.7,0.0,0.0,-19.4
386.4583,1999-01-21T10:59:57.12,0.23696323382728623,0.8148148148148144,0.8148148148148144,0.8839603960396105,NaN,-29.72587722772277,0.18,-20.2,NaN,4.09,4.64,-34.32,-34.01,NaN,NaN,2.5,10.0,NaN,NaN,1042.6,135.5,179.6,0.0,0.0,-20.2
386.5,1999-01-21T12:00:00.0,0.6339435476178845,0.9555555555555559,0.9555555555555559,1.1760000000000048,NaN,-11.20716,0.12,-16.0,NaN,3.15,3.58,-34.59,-34.1,NaN,NaN,2.5,10.0,NaN,NaN,1042.6,135.3,178.4,0.0,0.0,-16.0
386.5417,1999-01-21T13:00:02.88,0.48666809707068964,0.9230769230769225,0.9230769230769225,1.3866666666666563,NaN,-14.728349999999999,0.13,-15.6,NaN,3.35,3.8,-34.86,-34.34,NaN,NaN,2.5,10.0,NaN,NaN,1042.3,135.5,178.1,0.0,0.0,-15.6
386.5833,1999-01-21T13:59:57.12,0.29257915573757615,0.8166666666666671,0.8166666666666671,1.1995428571428681,NaN,-24.295131428571434,0.16,-17.5,NaN,3.66,4.15,-34.6,-34.19,NaN,NaN,2.5,10.0,NaN,NaN,1042.1,136.6,178.9,0.0,0.0,-17.5
386.625,1999-01-21T15:00:00.0,0.2874070224689704,0.7666666666666666,0.7666666666666666,1.1013953488372228,NaN,-24.61172093023257,0.16,-17.2,NaN,3.46,3.92,-34.45,-34.08,NaN,NaN,2.5,10.0,NaN,NaN,1042.0,138.0,179.2,0.0,0.0,-17.2
386.6667,1999-01-21T16:00:02.88,0.5624129382736721,0.955555555555555,0.955555555555555,1.4332394366197214,NaN,-12.602230985915496,0.12,-14.2,NaN,3.14,3.57,-34.52,-33.99,NaN,NaN,2.5,10.0,NaN,NaN,1041.9,138.6,178.4,0.0,0.0,-14.2
386.7083,1999-01-21T16:59:57.12,4.10520369091708,1.7600000000000005,1.7600000000000005,1.5146666666666684,NaN,-1.7270000000000003,0.05,-7.5,NaN,2.42,2.75,-34.54,-33.83,NaN,NaN,2.5,10.0,NaN,NaN,1041.9,139.2,177.5,0.0,0.0,-7.5
386.75,1999-01-21T18:00:00.0,0.6685028505175418,0.9939393939393943,0.9939393939393943,2.0578461538461483,NaN,-10.642880769230768,0.11,-13.0,NaN,3.03,3.44,-34.65,-33.89,NaN,NaN,2.5,10.0,NaN,NaN,1041.8,139.6,178.5,0.0,0.0,-13.0
386.8333,1999-01-21T19:59:57.12,0.4029428228591728,0.8190476190476192,0.8190476190476192,1.1891358024691352,NaN,-17.180488888888892,0.14,-16.2,NaN,3.19,3.62,-33.81,-33.38,NaN,NaN,2.5,10.0,NaN,NaN,1041.9,141.2,180.6,0.0,0.0,-16.2
386.875,1999-01-21T21:00:00.0,0.7278646247666153,0.9939393939393943,0.9939393939393943,1.33859154929579,NaN,-9.496028873239437,0.11,-14.2,NaN,2.98,3.39,-33.77,-33.23,NaN,NaN,2.5,10.0,NaN,NaN,1041.7,142.0,181.1,0.0,0.0,-14.2
388.3333,1999-01-23T07:59:57.12,1.6357324889877514,1.180952380952381,1.180952380952381,1.5297560975609819,NaN,-4.3255646341463425,0.07,-8.2,NaN,2.26,2.57,-34.47,-33.91,NaN,NaN,2.5,10.0,NaN,NaN,1035.4,148.4,180.9,0.0,0.0,-8.2
388.375,1999-01-23T09:00:00.0,4.9187314586554125,1.6533333333333335,1.6533333333333335,0.9955555555555595,NaN,-1.4208333333333338,0.05,-9.0,NaN,2.25,2.56,-34.1,-33.54,NaN,NaN,2.5,10.0,NaN,NaN,1035.4,149.4,181.4,0.0,0.0,-9.0
388.4167,1999-01-23T10:00:02.88,0.728366107795141,0.9696969696969696,0.9696969696969696,1.0163380281690055,NaN,-9.524148591549295,0.11,-14.2,NaN,2.9,3.3,-33.87,-33.46,NaN,NaN,2.5,10.0,NaN,NaN,1035.2,145.4,181.6,0.0,0.0,-14.2
388.4583,1999-01-23T10:59:57.12,0.6831576835879266,0.8727272727272725,0.8727272727272725,1.1645112781954825,NaN,-10.27371879699248,0.11,-13.3,NaN,2.68,3.04,-34.22,-33.78,NaN,NaN,2.5,10.0,NaN,NaN,1035.2,140.8,180.6,0.0,0.0,-13.3
388.5,1999-01-23T12:00:00.0,1.2465979107338903,1.007407407407407,1.007407407407407,1.0610526315789517,NaN,-5.608915037593984,0.09,-13.3,NaN,2.47,2.81,-34.11,-33.62,NaN,NaN,2.5,10.0,NaN,NaN,1035.0,142.4,180.3,0.0,0.0,-13.3
388.5417,1999-01-23T13:00:02.88,0.5777235268013764,0.955555555555555,0.955555555555555,1.1835616438356051,NaN,-12.164646575342465,0.12,-14.6,NaN,3.12,3.55,-34.26,-33.81,NaN,NaN,2.5,10.0,NaN,NaN,1034.7,136.0,179.5,0.0,0.0,-14.6
388.5833,1999-01-23T13:59:57.12,0.3667355526379538,0.8380952380952379,0.8380952380952379,1.0666666666666713,NaN,-19.314400000000006,0.14,-14.7,NaN,3.23,3.67,-34.49,-34.14,NaN,NaN,2.5,10.0,NaN,NaN,1034.3,136.3,179.8,0.0,0.0,-14.7
388.625,1999-01-23T15:00:00.0,0.2408466804240342,0.7833333333333329,0.7833333333333329,0.9955555555555595,NaN,-29.550933333333337,0.16,-14.4,NaN,3.45,3.92,-34.63,-34.35,NaN,NaN,2.5,10.0,NaN,NaN,1034.2,134.8,179.6,0.0,0.0,-14.4
389.0,1999-01-24T00:00:00.0,0.04895805265874709,0.6999999999999998,0.6999999999999998,0.8350214592274577,NaN,-150.9578163090129,0.32,-23.3,NaN,5.01,5.85,-35.78,-35.59,NaN,NaN,2.5,10.0,74.65346,-153.05265,1033.4,129.1,176.5,0.0,0.0,-23.3
389.0417,1999-01-24T01:00:02.88,0.06989291324145307,0.7578947368421058,0.7578947368421058,0.7373617021276783,NaN,-105.7077703723404,0.285,-23.5,NaN,5.1,5.91,-35.77,-35.58,NaN,NaN,2.5,10.0,74.65305,-153.07311,1033.4,129.6,176.9,0.0,0.0,-23.5
389.0833,1999-01-24T01:59:57.12,0.06574707594304689,0.757894736842105,0.757894736842105,0.8253393665158486,NaN,-112.62415927601806,0.285,-22.1,NaN,5.0,5.81,-35.84,-35.64,NaN,NaN,2.5,10.0,74.65261,-153.09281,1033.4,128.4,176.8,0.0,0.0,-22.1
389.125,1999-01-24T03:00:00.0,0.07184002775343412,0.8352201257861636,0.8352201257861636,0.9179381443299007,NaN,-103.59997422680416,0.265,-19.4,NaN,4.79,5.62,-36.0,-35.79,NaN,NaN,2.5,10.0,74.65236,-153.1129,1033.3,127.5,176.0,0.0,0.0,-19.4
389.1667,1999-01-24T04:00:02.88,0.054882261331834534,0.7733333333333335,0.7733333333333335,0.8483720930232773,NaN,-135.7032558139535,0.3,-21.5,NaN,5.11,5.98,-36.02,-35.83,NaN,NaN,2.5,10.0,74.65188,-153.13407,1033.0,127.9,176.2,0.0,0.0,-21.5
389.2083,1999-01-24T04:59:57.12,0.058242654151016426,0.7322033898305081,0.7322033898305081,0.8265437788018334,NaN,-127.62837857142857,0.295,-21.7,NaN,5.21,6.02,-35.96,-35.77,NaN,NaN,2.5,10.0,74.65137,-153.15553,1032.7,127.9,176.3,0.0,0.0,-21.7
389.25,1999-01-24T06:00:00.0,0.06633395771214796,0.6772486772486771,0.6772486772486771,0.6362790697674581,NaN,-111.77350116279071,0.315,-30.1,NaN,5.32,6.12,-35.88,-35.69,NaN,NaN,2.5,10.0,74.65101,-153.17794,1032.6,127.7,176.4,0.0,0.0,-30.1
389.2917,1999-01-24T07:00:02.88,0.04800099611147678,0.6509803921568628,0.6509803921568628,0.5956204379562271,NaN,-153.9311036496351,0.34,-27.4,NaN,6.05,6.88,-35.77,-35.62,NaN,NaN,2.5,10.0,74.65043,-153.20135,1032.5,128.4,177.0,0.0,0.0,-27.4
389.3333,1999-01-24T07:59:57.12,0.045248019456586734,0.6766169154228859,0.6766169154228859,0.6944129554655722,NaN,-163.60837484817816,0.335,-24.7,NaN,5.63,6.48,-35.83,-35.67,NaN,NaN,2.5,10.0,74.6501,-153.22502,1032.3,129.1,177.0,0.0,0.0,-24.7
389.375,1999-01-24T09:00:00.0,0.05476625200192004,0.6646153846153842,0.6646153846153842,0.6857142857142847,NaN,-135.12455357142858,0.325,-27.3,NaN,5.21,6.02,-35.82,-35.64,NaN,NaN,2.5,10.0,74.64964,-153.24834,1032.2,129.9,177.0,0.0,0.0,-27.3
389.4167,1999-01-24T10:00:02.88,0.05818257984348896,0.7322033898305081,0.7322033898305081,0.7830414746543766,NaN,-126.7410845046083,0.295,-21.7,NaN,5.41,6.22,-35.71,-35.53,NaN,NaN,2.5,10.0,74.64913,-153.27185,1032.3,130.2,177.6,0.0,0.0,-21.7
389.4583,1999-01-24T10:59:57.12,0.07365481097410273,0.771428571428571,0.771428571428571,0.800680851063833,NaN,-99.82088170212768,0.28,-23.5,NaN,5.21,6.02,-35.62,-35.41,NaN,NaN,2.5,10.0,74.64869,-153.29524,1032.3,130.0,177.1,0.0,0.0,-23.5
389.5,1999-01-24T12:00:00.0,0.056692876636589985,0.7280423280423283,0.7280423280423283,0.820465116279073,NaN,-127.93102325581398,0.315,-25.8,NaN,5.42,6.28,-35.2,-34.99,NaN,NaN,2.5,10.0,74.64863,-153.31911,1031.8,130.9,178.6,0.0,0.0,-25.8
389.5417,1999-01-24T13:00:02.88,0.06123904992532097,0.8166666666666671,0.8166666666666671,0.7688737201365148,NaN,-115.85109624573383,0.32,-29.3,NaN,5.63,6.61,-34.53,-34.31,NaN,NaN,2.5,10.0,74.64847,-153.34233,1031.4,132.4,180.0,0.0,0.0,-29.3
389.5833,1999-01-24T13:59:57.12,0.05712126254095114,0.7548717948717948,0.7548717948717948,0.7609756097561007,NaN,-121.82298018292687,0.325,-28.7,NaN,5.73,6.65,-33.95,-33.74,NaN,NaN,2.5,10.0,74.64817,-153.3655,1031.1,133.0,181.7,0.0,0.0,-28.7
389.625,1999-01-24T15:00:00.0,0.06336183060218534,0.6476190476190481,0.6476190476190481,0.5346733668341646,NaN,-108.94343592964822,0.35,-39.8,NaN,6.14,6.99,-33.71,-33.52,NaN,NaN,2.5,10.0,74.6477,-153.38829,1030.8,133.5,182.4,0.0,0.0,-39.8
389.6667,1999-01-24T16:00:02.88,0.04872807521237987,0.7434343434343433,0.7434343434343433,0.780700389105049,NaN,-139.65090233463033,0.33,-25.7,NaN,5.83,6.75,-33.29,-33.1,NaN,NaN,2.5,10.0,74.64693,-153.41209,1030.6,137.4,183.9,0.0,0.0,-25.7
389.7083,1999-01-24T16:59:57.12,0.057594647049619495,0.7880597014925375,0.7880597014925375,0.7416352201257823,NaN,-117.5387478773585,0.335,-31.8,NaN,5.62,6.61,-33.14,-32.92,NaN,NaN,2.5,10.0,74.64599,-153.43704,1030.3,134.5,183.6,0.0,0.0,-31.8
389.75,1999-01-24T18:00:00.0,0.03832137403390676,0.64,0.64,0.7091412742382373,NaN,-173.3318559556787,0.4,-36.1,NaN,6.35,7.31,-32.59,-32.39,NaN,NaN,2.5,10.0,74.64498,-153.46239,1030.0,135.4,184.8,0.0,0.0,-36.1
389.7917,1999-01-24T19:00:02.88,0.04615518456367376,0.666666666666667,0.666666666666667,0.6904731861198914,NaN,-143.76523911671924,0.36,-31.7,NaN,6.04,6.94,-32.56,-32.37,NaN,NaN,2.5,10.0,74.64387,-153.48779,1030.0,135.1,184.2,0.0,0.0,-31.7
389.8333,1999-01-24T19:59:57.12,0.041569198271369213,0.6400000000000002,0.6400000000000002,0.6687306501547977,NaN,-158.3500628869969,0.375,-32.3,NaN,6.35,7.25,-32.33,-32.15,NaN,NaN,2.5,10.0,74.64309,-153.51397,1029.8,135.6,186.8,0.0,0.0,-32.3
389.875,1999-01-24T21:00:00.0,0.049974261176343154,0.666666666666667,0.666666666666667,0.7032558139534912,NaN,-130.3248558139535,0.36,-34.4,NaN,6.14,7.04,-32.03,-31.82,NaN,NaN,2.5,10.0,74.64241,-153.54009,1029.6,135.4,187.5,0.0,0.0,-34.4
389.9167,1999-01-24T22:00:02.88,0.04036077192144207,0.6807017543859654,0.6807017543859654,0.7437308868501501,NaN,-160.2866495412844,0.38,-32.7,NaN,6.14,7.11,-31.84,-31.64,NaN,NaN,2.5,10.0,74.64237,-153.56645,1029.4,136.3,187.5,0.0,0.0,-32.7
389.9583,1999-01-24T22:59:57.12,0.05577857563753876,0.751515151515152,0.751515151515152,0.7491891891891923,NaN,-115.89682499999999,0.33,-29.6,NaN,6.14,7.07,-31.82,-31.61,NaN,NaN,2.5,10.0,74.64191,-153.59091,1029.2,135.9,187.8,0.0,0.0,-29.6
392.2083,1999-01-27T04:59:57.12,0.004218343203994722,0.5934272300469491,0.5934272300469491,-0.7834482758621913,NaN,-1013.5669267241379,0.355,-2.9,NaN,8.95,9.74,-21.9,-21.92,NaN,NaN,2.5,10.0,74.80025,-155.44867,1008.3,216.7,224.8,0.0,0.0,-2.9
392.25,1999-01-27T06:00:00.0,0.005363933919677242,0.6686567164179102,0.6686567164179102,-0.6916129032257917,NaN,-793.1411370967742,0.335,-3.1,NaN,8.33,9.17,-21.8,-21.82,NaN,NaN,2.5,10.0,74.80624,-155.467,1008.5,216.8,225.1,0.0,0.0,-3.1
392.2917,1999-01-27T07:00:02.88,0.007235126651406458,0.6626262626262628,0.6626262626262628,-0.5279999999999887,NaN,-582.4489275,0.33,-4.0,NaN,8.02,8.84,-21.61,-21.63,NaN,NaN,2.5,10.0,74.81192,-155.48519,1008.6,217.3,225.7,0.0,0.0,-4.0
392.3333,1999-01-27T07:59:57.12,0.010803163810398453,0.7195767195767192,0.7195767195767192,0.0,NaN,-385.16855192307696,0.315,-5.2,NaN,7.92,8.77,-21.36,-21.36,NaN,NaN,2.5,10.0,74.81765,-155.50355,1008.9,217.4,226.2,0.0,0.0,-5.2
392.375,1999-01-27T09:00:00.0,0.010582660060173455,0.6974358974358971,0.6974358974358971,0.18571428571431475,NaN,-388.3982142857144,0.325,-5.6,NaN,7.92,8.77,-21.12,-21.11,NaN,NaN,2.5,10.0,74.82316,-155.52086,1009.0,217.6,227.0,0.0,0.0,-5.6
392.4167,1999-01-27T10:00:02.88,0.013922076177187662,0.7397849462365594,0.7397849462365594,-0.15499999999996913,NaN,-291.1604765625,0.31,-6.4,NaN,7.71,8.57,-20.85,-20.86,NaN,NaN,2.5,10.0,74.82857,-155.53807,1009.2,219.4,227.9,0.0,0.0,-6.4
392.4583,1999-01-27T10:59:57.12,0.010275254414429133,0.7333333333333333,0.7333333333333333,-0.39384615384614546,NaN,-390.00221538461545,0.32,-5.2,NaN,7.7,8.58,-20.63,-20.65,NaN,NaN,2.5,10.0,74.834,-155.5553,1009.2,223.0,228.7,0.0,0.0,-5.2
392.5,1999-01-27T12:00:00.0,0.008629049814950425,0.657777777777778,0.657777777777778,-0.2666666666666136,NaN,-461.47499999999997,0.3,-3.6,NaN,8.01,8.75,-20.51,-20.52,NaN,NaN,2.5,10.0,74.83962,-155.57132,1009.1,224.8,229.9,0.0,0.0,-3.6
392.5417,1999-01-27T13:00:02.88,0.010419668374736164,0.6451612903225807,0.6451612903225807,-0.20666666666662556,NaN,-378.3457,0.31,-4.8,NaN,7.6,8.35,-20.32,-20.33,NaN,NaN,2.5,10.0,74.84533,-155.58433,1009.3,224.9,230.1,0.0,0.0,-4.8
392.5833,1999-01-27T13:59:57.12,0.008470482944707414,0.6728205128205129,0.6728205128205129,-0.4622222222222124,NaN,-460.2257291666668,0.325,-4.5,NaN,8.12,8.94,-20.11,-20.13,NaN,NaN,2.5,10.0,74.85102,-155.59774,1009.2,229.1,231.6,0.0,0.0,-4.5
392.625,1999-01-27T15:00:00.0,0.007880634957652214,0.7249999999999993,0.7249999999999993,-0.511999999999989,NaN,-488.57088000000005,0.32,-4.0,NaN,8.64,9.51,-19.88,-19.9,NaN,NaN,2.5,10.0,74.8567,-155.61084,1009.1,229.6,232.1,0.0,0.0,-4.0
392.6667,1999-01-27T16:00:02.88,0.012561119614143707,0.713978494623656,0.713978494623656,-0.17103448275858665,NaN,-304.0222913793104,0.31,-5.8,NaN,7.91,8.74,-19.73,-19.74,NaN,NaN,2.5,10.0,74.86245,-155.62346,1009.3,225.6,232.8,0.0,0.0,-5.8
392.7083,1999-01-27T16:59:57.12,0.013144358888731382,0.6728205128205129,0.6728205128205129,-0.1485714285714518,NaN,-286.88504464285717,0.325,-7.0,NaN,8.43,9.25,-19.5,-19.51,NaN,NaN,2.5,10.0,74.8682,-155.63554,1009.2,228.7,233.4,0.0,0.0,-7.0
392.75,1999-01-27T18:00:00.0,0.009500425963446881,0.6464646464646455,0.6464646464646455,-0.39849056603779814,NaN,-393.2050245283019,0.33,-5.3,NaN,8.64,9.44,-19.33,-19.35,NaN,NaN,2.5,10.0,74.87382,-155.64816,1009.1,234.0,234.3,0.0,0.0,-5.3
392.7917,1999-01-27T19:00:02.88,0.005518696736981953,0.6444444444444452,0.6444444444444452,-1.1520000000000776,NaN,-669.3969599999998,0.36,-4.0,NaN,9.26,10.13,-19.13,-19.17,NaN,NaN,2.5,10.0,74.87957,-155.66216,1009.0,237.9,235.6,0.0,0.0,-4.0
392.8333,1999-01-27T19:59:57.12,0.0031747463311186937,0.7013698630136979,0.7013698630136979,-1.946666666666625,NaN,-1151.8550234375,0.365,-2.4,NaN,9.47,10.43,-18.95,-18.99,NaN,NaN,2.5,10.0,74.88506,-155.67706,1009.0,238.1,236.2,0.0,0.0,-2.4
392.875,1999-01-27T21:00:00.0,0.007669437174603854,0.6794520547945203,0.6794520547945203,-0.6041379310345056,NaN,-474.36598836206895,0.365,-5.8,NaN,8.94,9.87,-18.86,-18.89,NaN,NaN,2.5,10.0,74.89107,-155.69211,1009.2,232.1,235.8,0.0,0.0,-5.8
392.9167,1999-01-27T22:00:02.88,0.008877110937520655,0.67027027027027,0.67027027027027,-0.33828571428570703,NaN,-403.9938557142856,0.37,-7.0,NaN,8.94,9.87,-18.61,-18.63,NaN,NaN,2.5,10.0,74.89743,-155.705,1009.3,230.5,236.2,0.0,0.0,-7.0
394.7083,1999-01-29T16:59:57.12,0.03826197606432576,1.0311111111111113,1.0311111111111113,-0.23999999999995225,NaN,-100.845,0.15,-2.0,NaN,3.95,4.53,-19.92,-19.93,NaN,NaN,2.5,10.0,75.12343,-156.26972,1005.9,227.7,231.8,0.0,0.0,-2.0
395.0417,1999-01-30T01:00:02.88,0.16029574155816614,1.5030303030303034,1.5030303030303034,0.6399999999999865,NaN,-24.5509,0.11,-3.3,NaN,2.69,3.31,-20.29,-20.23,NaN,NaN,2.5,10.0,75.14375,-156.32743,1006.0,229.1,229.1,0.0,0.0,-3.3
395.0833,1999-01-30T01:59:57.12,0.1557087494031958,1.2380952380952386,1.2380952380952386,0.8145454545454374,NaN,-25.756181818181823,0.14,-6.6,NaN,3.38,4.03,-20.65,-20.53,NaN,NaN,2.5,10.0,75.14501,-156.3339,1006.0,220.6,225.9,0.0,0.0,-6.6
395.125,1999-01-30T03:00:00.0,0.12696469955467354,1.2121212121212122,1.2121212121212122,0.8400000000000033,NaN,-32.0829609375,0.165,-8.8,NaN,4.2,4.95,-20.95,-20.81,NaN,NaN,2.5,10.0,75.14551,-156.34055,1005.9,209.7,223.1,0.0,0.0,-8.8
404.875,1999-02-08T21:00:00.0,0.25914992484591215,1.1619047619047616,1.1619047619047616,2.067692307692325,NaN,-27.126023076923087,0.14,-10.4,NaN,3.15,3.76,-34.27,-33.79,NaN,NaN,2.5,10.0,74.93375,-157.76758,1029.4,135.3,178.4,6.5,6.3,-10.4
405.0,1999-02-09T00:00:00.0,0.6831999665712554,3.706666666666667,3.706666666666667,1.7599999999999911,NaN,-10.233000000000002,0.1,-10.0,NaN,2.65,4.04,-34.11,-33.56,NaN,NaN,2.5,10.0,74.93214,-157.76361,1029.3,137.2,181.1,3.6,4.0,-10.0
405.0833,1999-02-09T01:59:57.12,0.16560678186882705,1.341414141414141,1.341414141414141,2.0344954128440107,NaN,-41.78912614678899,0.165,-10.9,NaN,3.72,4.55,-33.8,-33.38,NaN,NaN,2.5,10.0,74.93098,-157.76014,1029.0,137.1,182.8,0.0,0.1,-10.9
405.125,1999-02-09T03:00:00.0,0.1582817538113574,1.1666666666666663,1.1666666666666663,2.155789473684241,NaN,-43.68060631578948,0.16,-9.5,NaN,3.72,4.42,-33.77,-33.37,NaN,NaN,2.5,10.0,74.93016,-157.75895,1028.8,137.1,182.9,0.0,0.0,-9.5
405.3333,1999-02-09T07:59:57.12,0.31843439344638647,1.5999999999999994,1.5999999999999994,1.7499999999999998,NaN,-21.795506250000003,0.14,-12.8,NaN,3.41,4.25,-33.89,-33.39,NaN,NaN,2.5,10.0,74.92702,-157.7535,1027.7,131.6,180.1,0.0,0.0,-12.8
405.375,1999-02-09T09:00:00.0,0.38581174546712355,1.394871794871795,1.394871794871795,1.7780645161290123,NaN,-18.194349193548383,0.13,-12.4,NaN,3.0,3.68,-34.23,-33.7,NaN,NaN,2.5,10.0,74.9263,-157.75314,1027.7,130.8,177.4,0.0,0.0,-12.4
405.4167,1999-02-09T10:00:02.88,0.6981183414613725,2.3999999999999995,2.3999999999999995,1.9764705882352804,NaN,-10.17058823529412,0.1,-10.2,NaN,2.69,3.59,-34.58,-33.95,NaN,NaN,2.5,10.0,74.92557,-157.75209,1027.6,130.0,177.4,0.0,0.0,-10.2
405.4583,1999-02-09T10:59:57.12,0.7747906844274753,2.8631578947368426,2.8631578947368426,2.1624742268041164,NaN,-9.214571520618557,0.095,-9.7,NaN,2.69,3.71,-34.75,-34.06,NaN,NaN,2.5,10.0,74.92518,-157.75141,1027.4,131.7,175.9,0.0,0.0,-9.7
405.5,1999-02-09T12:00:00.0,1.238311754537486,2.1333333333333324,2.1333333333333324,1.37454545454546,NaN,-5.697797727272727,0.09,-13.2,NaN,2.7,3.42,-34.39,-33.76,NaN,NaN,2.5,10.0,74.92478,-157.75074,1027.2,135.9,177.7,0.0,0.0,-13.2
405.5417,1999-02-09T13:00:02.88,0.9155329400252334,2.2060606060606056,2.2060606060606056,1.376536312849154,NaN,-7.4350106145251385,0.11,-17.9,NaN,2.74,3.65,-33.33,-32.63,NaN,NaN,2.5,10.0,74.92428,-157.74962,1027.0,144.6,180.7,0.0,0.0,-17.9
405.5833,1999-02-09T13:59:57.12,0.2444123490253259,1.342528735632184,1.342528735632184,2.024727272727289,NaN,-26.62281068181818,0.145,-11.0,NaN,2.86,3.59,-32.02,-31.54,NaN,NaN,2.5,10.0,74.92388,-157.74936,1026.8,140.9,183.8,0.0,0.0,-11.0
405.625,1999-02-09T15:00:00.0,4.448518280417246,5.12,5.12,1.5024390243902432,NaN,-1.4830792682926834,0.05,-8.2,NaN,2.2,3.16,-32.43,-31.66,NaN,NaN,2.5,10.0,74.92355,-157.74961,1026.6,140.2,181.9,0.0,0.0,-8.2
405.6667,1999-02-09T16:00:02.88,0.4816007407127397,2.051282051282051,2.051282051282051,1.9733333333333387,NaN,-13.714350000000003,0.13,-15.6,NaN,2.95,3.95,-32.46,-31.72,NaN,NaN,2.5,10.0,74.92339,-157.74947,1026.3,132.9,180.9,0.0,0.0,-15.6
405.7083,1999-02-09T16:59:57.12,0.3075374063748566,1.4712643678160926,1.4712643678160926,2.118260869565226,NaN,-21.744649184782606,0.145,-13.8,NaN,3.07,3.87,-32.81,-32.18,NaN,NaN,2.5,10.0,74.92299,-157.74995,1026.3,129.3,180.5,0.0,0.0,-13.8
405.75,1999-02-09T18:00:00.0,0.4891760581016781,1.4293333333333331,1.4293333333333331,1.8285714285714303,NaN,-14.183872767857142,0.125,-14.0,NaN,2.63,3.3,-33.89,-33.25,NaN,NaN,2.5,10.0,74.92258,-157.75059,1026.3,129.8,178.3,0.0,0.0,-14.0
405.7917,1999-02-09T19:00:02.88,1.4303811667992294,2.266666666666667,2.266666666666667,1.2919626168224279,NaN,-4.958265420560748,0.08,-10.7,NaN,2.52,3.2,-34.54,-34.0,NaN,NaN,2.5,10.0,74.92194,-157.75051,1026.2,131.0,177.4,0.0,0.5,-10.7
405.8333,1999-02-09T19:59:57.12,0.44394638663715563,1.2444444444444447,1.2444444444444447,1.7485714285714462,NaN,-16.061142857142862,0.12,-11.2,NaN,2.63,3.19,-34.7,-34.19,NaN,NaN,2.5,10.0,74.92105,-157.75108,1026.3,130.1,177.0,1.9,3.0,-11.2
405.875,1999-02-09T21:00:00.0,0.7515836203758909,1.6842105263157898,1.6842105263157898,1.84340425531915,NaN,-9.55790704787234,0.095,-9.4,NaN,2.53,3.13,-34.93,-34.36,NaN,NaN,2.5,10.0,74.92012,-157.75197,1026.4,131.3,176.7,8.3,7.6,-9.4
405.9583,1999-02-09T22:59:57.12,0.14210208970466015,1.0039215686274503,1.0039215686274503,2.2933333333333326,NaN,-49.838050000000024,0.17,-10.2,NaN,3.7,4.34,-34.49,-34.06,NaN,NaN,2.5,10.0,74.91873,-157.75288,1026.4,139.1,179.6,9.6,8.9,-10.2
407.0,1999-02-11T00:00:00.0,0.6975595639954811,2.835087719298245,2.835087719298245,1.2579310344827568,NaN,-10.492496120689657,0.095,-8.7,NaN,2.54,3.55,-35.49,-35.13,NaN,NaN,2.5,10.0,74.9158,-157.75105,1025.3,134.8,176.8,5.6,5.9,-8.7
407.0417,1999-02-11T01:00:02.88,0.48150143042368765,2.4380952380952383,2.4380952380952383,1.451851851851828,NaN,-15.319237499999996,0.105,-8.1,NaN,2.47,3.43,-35.73,-35.38,NaN,NaN,2.5,10.0,74.91578,-157.75142,1025.2,135.4,175.6,0.8,1.6,-8.1
407.0833,1999-02-11T01:59:57.12,1.0281503316138543,3.520000000000001,3.520000000000001,1.7142857142856982,NaN,-7.21205357142857,0.075,-6.3,NaN,2.17,3.16,-35.9,-35.45,NaN,NaN,2.5,10.0,74.91589,-157.75122,1025.3,136.7,175.5,0.0,0.4,-6.3
407.25,1999-02-11T06:00:00.0,0.21616519247329427,1.6927536231884055,1.6927536231884055,0.9966666666666864,NaN,-32.7938671875,0.115,-4.8,NaN,2.46,3.19,-34.5,-34.37,NaN,NaN,2.5,10.0,74.91542,-157.75698,1025.6,182.8,184.4,0.0,0.0,-4.8
407.3333,1999-02-11T07:59:57.12,0.08342665168281546,1.394871794871795,1.394871794871795,0.6162962962962831,NaN,-78.89671111111112,0.13,-2.7,NaN,2.48,3.16,-32.32,-32.28,NaN,NaN,2.5,10.0,74.91498,-157.76214,1025.6,173.0,189.7,0.0,0.0,-2.7
407.375,1999-02-11T09:00:00.0,0.0563916455883575,1.1333333333333329,1.1333333333333329,0.9035294117646332,NaN,-117.49496470588235,0.16,-3.4,NaN,2.72,3.4,-32.51,-32.45,NaN,NaN,2.5,10.0,74.9146,-157.76549,1025.5,165.4,188.1,0.0,0.0,-3.4
407.4167,1999-02-11T10:00:02.88,0.038495165854768636,1.0518518518518511,1.0518518518518511,0.6981818181819273,NaN,-174.1117090909091,0.18,-3.3,NaN,3.47,4.18,-32.84,-32.8,NaN,NaN,2.5,10.0,74.91417,-157.76924,1025.5,163.9,187.7,0.0,0.0,-3.3
407.4583,1999-02-11T10:59:57.12,0.04363072080889832,1.0903703703703709,1.0903703703703709,0.7890410958903943,NaN,-154.61603167808224,0.225,-7.3,NaN,3.98,4.9,-33.03,-32.95,NaN,NaN,2.5,10.0,74.91402,-157.77239,1025.3,149.1,185.9,0.0,0.0,-7.3
407.5,1999-02-11T12:00:00.0,0.11969456655300059,1.2252252252252247,1.2252252252252247,0.8533333333333152,NaN,-57.771799999999985,0.185,-11.1,NaN,3.58,4.43,-33.76,-33.6,NaN,NaN,2.5,10.0,74.91355,-157.77525,1025.1,135.7,182.3,0.0,0.0,-11.1
407.5417,1999-02-11T13:00:02.88,0.24291554366977977,1.8488888888888888,1.8488888888888888,1.079999999999984,NaN,-28.662187499999995,0.15,-12.0,NaN,3.38,4.42,-33.97,-33.7,NaN,NaN,2.5,10.0,74.91321,-157.77844,1024.9,136.5,181.7,0.0,0.0,-12.0
407.5833,1999-02-11T13:59:57.12,0.13881421250851184,1.3866666666666663,1.3866666666666663,0.9247706422018332,NaN,-49.69468176605502,0.175,-10.9,NaN,3.31,4.22,-33.69,-33.51,NaN,NaN,2.5,10.0,74.91299,-157.78194,1024.9,147.0,182.9,0.0,0.0,-10.9
407.625,1999-02-11T15:00:00.0,0.3442240443417413,2.0148148148148146,2.0148148148148146,1.080000000000008,NaN,-20.190948387096775,0.135,-12.4,NaN,2.9,3.92,-33.92,-33.61,NaN,NaN,2.5,10.0,74.91283,-157.78469,1024.7,136.9,181.9,0.0,0.0,-12.4
407.6667,1999-02-11T16:00:02.88,0.3249323232955614,2.3040000000000003,2.3040000000000003,1.333333333333343,NaN,-21.238659274193544,0.125,-9.3,NaN,2.51,3.59,-33.71,-33.4,NaN,NaN,2.5,10.0,74.91269,-157.78723,1024.8,155.5,183.5,0.0,0.0,-9.3
407.75,1999-02-11T18:00:00.0,0.020076811280354847,0.8478632478632474,0.8478632478632474,1.4181818181818382,NaN,-319.0081448863636,0.195,-2.2,NaN,3.68,4.3,-31.55,-31.5,NaN,NaN,2.5,10.0,74.91235,-157.7913,1025.1,169.7,191.3,0.0,0.0,-2.2
407.7917,1999-02-11T19:00:02.88,0.2159550802111794,1.98974358974359,1.98974358974359,1.604571428571447,NaN,-30.18678,0.13,-7.0,NaN,2.42,3.39,-32.06,-31.79,NaN,NaN,2.5,10.0,74.91224,-157.7937,1025.3,155.9,187.7,0.1,0.4,-7.0
407.8333,1999-02-11T19:59:57.12,0.5402425588252965,3.259259259259259,3.259259259259259,2.135172413793102,NaN,-12.284906896551723,0.09,-5.8,NaN,2.21,3.31,-32.58,-32.15,NaN,NaN,2.5,10.0,74.9122,-157.79619,1025.4,139.3,183.4,3.7,4.0,-5.8
407.875,1999-02-11T21:00:00.0,0.972525413546357,4.723809523809524,4.723809523809524,3.2914285714285985,NaN,-7.001400000000001,0.07,-4.9,NaN,1.9,3.14,-33.34,-32.62,NaN,NaN,2.5,10.0,74.91239,-157.79703,1025.6,135.8,180.6,11.8,10.7,-4.9
407.9167,1999-02-11T22:00:02.88,1.432087780703712,4.952380952380952,4.952380952380952,2.2711111111111015,NaN,-4.839158333333334,0.07,-7.2,NaN,2.18,3.48,-33.86,-33.13,NaN,NaN,2.5,10.0,74.91256,-157.79756,1025.4,135.9,179.4,18.0,13.6,-7.2
407.9583,1999-02-11T22:59:57.12,1.4726668397091789,4.457142857142856,4.457142857142856,1.9070270270270135,NaN,-4.719494594594595,0.07,-7.4,NaN,2.18,3.35,-33.94,-33.31,NaN,NaN,2.5,10.0,74.91276,-157.79864,1025.5,135.7,178.9,14.6,12.6,-7.4
408.0,1999-02-12T00:00:00.0,0.796934065483402,3.2561403508771933,3.2561403508771933,1.580799999999988,NaN,-8.7760905,0.095,-10.0,NaN,2.59,3.75,-34.12,-33.6,NaN,NaN,2.5,10.0,74.91275,-157.8009,1025.2,136.5,180.0,7.1,7.0,-10.0
408.0417,1999-02-12T01:00:02.88,2.1365259427260526,6.157575757575758,6.157575757575758,2.640000000000004,NaN,-3.2980644230769225,0.055,-5.2,NaN,1.98,3.25,-34.36,-33.58,NaN,NaN,2.5,10.0,74.91275,-157.80406,1025.1,136.4,178.1,1.3,2.1,-5.2
408.0833,1999-02-12T01:59:57.12,1.5206504246033405,5.084444444444443,5.084444444444443,2.4510638297872362,NaN,-4.585871010638298,0.075,-9.4,NaN,2.37,3.8,-34.06,-33.1,NaN,NaN,2.5,10.0,74.91263,-157.80853,1025.1,137.4,178.6,0.0,0.5,-9.4
408.1667,1999-02-12T04:00:02.88,0.4893413467343527,2.3757575757575755,2.3757575757575755,1.3933333333333426,NaN,-13.455578125,0.11,-9.6,NaN,2.56,3.54,-32.35,-31.97,NaN,NaN,2.5,10.0,NaN,NaN,1024.9,170.0,186.3,0.0,0.0,-9.6
408.25,1999-02-12T06:00:00.0,0.2593419393729584,2.014814814814814,2.014814814814814,2.160000000000009,NaN,-24.299132142857143,0.09,-2.8,NaN,2.08,2.76,-31.11,-30.9,NaN,NaN,2.5,10.0,74.91188,-157.82304,1024.3,170.0,191.3,0.0,0.0,-2.8
408.2917,1999-02-12T07:00:02.88,0.4790368505756612,0.7999999999999995,0.7999999999999995,1.8028169014084445,NaN,-13.10704225352113,0.1,-7.1,NaN,2.27,2.57,-31.02,-30.62,NaN,NaN,2.5,10.0,74.91203,-157.82346,1024.3,158.6,189.3,0.0,0.0,-7.1
408.3333,1999-02-12T07:59:57.12,0.7402898805704468,0.9000000000000001,0.9000000000000001,1.6914285714285762,NaN,-8.714057142857145,0.08,-5.6,NaN,2.06,2.33,-31.77,-31.4,NaN,NaN,2.5,10.0,74.912,-157.8247,1024.3,162.6,188.0,0.0,0.0,-5.6
408.375,1999-02-12T09:00:00.0,0.22372443717397045,1.454545454545455,1.454545454545455,0.9600000000000077,NaN,-28.695149999999998,0.11,-4.4,NaN,2.57,3.17,-31.62,-31.5,NaN,NaN,2.5,10.0,74.91182,-157.82589,1024.2,164.6,190.3,0.0,0.0,-4.4
408.4167,1999-02-12T10:00:02.88,0.2324189273965553,1.5619047619047624,1.5619047619047624,1.0961702127659765,NaN,-28.269038297872346,0.14,-9.4,NaN,3.07,3.89,-32.28,-32.05,NaN,NaN,2.5,10.0,74.91172,-157.82676,1024.0,144.7,186.2,0.0,0.0,-9.4
408.4583,1999-02-12T10:59:57.12,0.45963486031957423,0.8000000000000003,0.8000000000000003,1.7991111111111147,NaN,-14.57445,0.11,-9.0,NaN,2.46,2.79,-32.85,-32.39,NaN,NaN,2.5,10.0,74.91155,-157.8276,1023.9,138.6,183.0,0.0,0.0,-9.0
408.5,1999-02-12T12:00:00.0,0.383670307415408,0.7589743589743592,0.7589743589743592,1.6103225806451509,NaN,-17.47146532258064,0.13,-12.4,NaN,2.75,3.12,-32.87,-32.39,NaN,NaN,2.5,10.0,74.91143,-157.82802,1023.5,140.2,183.8,0.0,0.0,-12.4
408.5417,1999-02-12T13:00:02.88,0.238999059271117,0.6999999999999998,0.6999999999999998,1.3155555555555465,NaN,-28.01493333333333,0.16,-14.4,NaN,3.16,3.58,-32.83,-32.46,NaN,NaN,2.5,10.0,74.91086,-157.82974,1023.1,140.4,184.2,0.0,0.0,-14.4
408.5833,1999-02-12T13:59:57.12,0.6870462440972728,2.8,2.8,1.61584158415841,NaN,-9.816831683168317,0.1,-10.1,NaN,2.56,3.61,-33.05,-32.54,NaN,NaN,2.5,10.0,74.91054,-157.83162,1022.9,140.1,182.4,0.0,0.0,-10.1
408.625,1999-02-12T15:00:00.0,0.31560402090876444,0.7238095238095245,0.7238095238095245,1.1288188976377964,NaN,-21.74025826771654,0.14,-12.7,NaN,2.86,3.24,-33.54,-33.22,NaN,NaN,2.5,10.0,74.91061,-157.83179,1022.8,138.1,181.2,0.0,0.0,-12.7
408.6667,1999-02-12T16:00:02.88,0.4667222872483722,0.7555555555555562,0.7555555555555562,1.0413559322033907,NaN,-14.976488135593218,0.12,-11.8,NaN,2.57,2.91,-34.09,-33.77,NaN,NaN,2.5,10.0,74.91031,-157.83221,1022.7,137.4,180.4,0.0,0.0,-11.8
408.7083,1999-02-12T16:59:57.12,0.22025929975545522,0.6833333333333336,0.6833333333333336,1.0084848484848685,NaN,-31.706763636363643,0.16,-13.2,NaN,3.07,3.48,-34.06,-33.8,NaN,NaN,2.5,10.0,74.91033,-157.83263,1022.4,138.4,180.3,0.0,0.0,-13.2
408.75,1999-02-12T18:00:00.0,0.32140525634703565,0.7428571428571422,0.7428571428571422,1.041860465116269,NaN,-21.79246511627907,0.14,-12.9,NaN,2.89,3.28,-34.15,-33.85,NaN,NaN,2.5,10.0,74.90996,-157.83424,1022.7,137.2,181.6,0.0,0.0,-12.9
408.7917,1999-02-12T19:00:02.88,0.3017651430694909,0.7111111111111117,0.7111111111111117,0.9664429530201479,NaN,-23.17197986577181,0.15,-14.9,NaN,3.01,3.41,-34.1,-33.8,NaN,NaN,2.5,10.0,74.90944,-157.83672,1022.9,136.8,181.4,0.0,0.6,-14.9
408.8333,1999-02-12T19:59:57.12,0.2685766237828322,0.6999999999999998,0.6999999999999998,1.0494409937888145,NaN,-25.97271055900621,0.16,-16.1,NaN,3.12,3.54,-34.03,-33.7,NaN,NaN,2.5,10.0,74.90908,-157.83778,1023.1,136.4,182.8,5.0,4.7,-16.1
408.875,1999-02-12T21:00:00.0,0.14532204245208677,0.968421052631579,0.968421052631579,1.207671232876709,NaN,-47.65125821917809,0.19,-14.6,NaN,3.24,3.93,-33.81,-33.52,NaN,NaN,2.5,10.0,74.90893,-157.83779,1023.2,137.0,180.4,14.8,11.7,-14.6
408.9167,1999-02-12T22:00:02.88,0.2417544375744001,0.6666666666666665,0.6666666666666665,1.0946206896551807,NaN,-28.72002206896552,0.16,-14.5,NaN,3.02,3.42,-33.89,-33.58,NaN,NaN,2.5,10.0,74.9087,-157.83804,1023.3,136.5,179.1,20.8,14.6,-14.5
408.9583,1999-02-12T22:59:57.12,0.2600998613779708,0.6999999999999998,0.6999999999999998,0.9846153846153753,NaN,-26.694892307692314,0.16,-15.6,NaN,3.12,3.54,-33.89,-33.59,NaN,NaN,2.5,10.0,74.9086,-157.83769,1023.2,135.0,179.3,17.6,13.6,-15.6
409.0,1999-02-13T00:00:00.0,0.14455936250647372,0.6222222222222226,0.6222222222222226,0.8228571428571495,NaN,-48.05324999999999,0.21,-19.6,NaN,3.63,4.12,-33.9,-33.66,NaN,NaN,2.5,10.0,74.90849,-157.83803,1023.4,135.1,180.7,9.1,8.0,-19.6
409.0417,1999-02-13T01:00:02.88,0.1174344454275709,1.0158730158730156,1.0158730158730156,0.8875471698113244,NaN,-59.7946075471698,0.21,-15.9,NaN,3.74,4.54,-34.22,-34.01,NaN,NaN,2.5,10.0,74.90841,-157.83778,1023.5,132.1,179.1,1.7,1.8,-15.9
409.0833,1999-02-13T01:59:57.12,0.19271257546795223,1.0962962962962959,1.0962962962962959,0.8429268292682748,NaN,-37.00830731707317,0.18,-16.4,NaN,3.43,4.17,-34.69,-34.45,NaN,NaN,2.5,10.0,74.9082,-157.83807,1023.9,131.1,179.7,0.0,0.0,-16.4
409.1667,1999-02-13T04:00:02.88,0.44012216127195897,0.8000000000000003,0.8000000000000003,1.1506382978723422,NaN,-16.327917021276594,0.13,-14.1,NaN,2.9,3.29,-34.93,-34.54,NaN,NaN,2.5,10.0,74.90692,-157.84217,1024.4,131.4,176.6,0.0,0.0,-14.1
409.2083,1999-02-13T04:59:57.12,0.380076852236911,0.7047619047619049,0.7047619047619049,1.1199999999999868,NaN,-18.98234210526316,0.14,-15.2,NaN,2.78,3.15,-35.05,-34.67,NaN,NaN,2.5,10.0,74.90583,-157.84626,1024.6,133.5,174.8,0.0,0.0,-15.2
409.25,1999-02-13T06:00:00.0,0.5557012177358273,0.7555555555555553,0.7555555555555553,1.1245714285714192,NaN,-12.95259428571428,0.12,-14.0,NaN,2.58,2.92,-34.98,-34.57,NaN,NaN,2.5,10.0,74.90489,-157.8495,1024.6,132.1,175.4,0.0,0.0,-14.0
409.2917,1999-02-13T07:00:02.88,0.23510895380311816,0.6518518518518518,0.6518518518518518,1.065600000000013,NaN,-30.48678,0.18,-20.0,NaN,3.29,3.73,-34.85,-34.48,NaN,NaN,2.5,10.0,74.90418,-157.85186,1024.5,132.2,176.9,0.0,0.0,-20.0
409.3333,1999-02-13T07:59:57.12,0.2305998726916036,0.6745098039215681,0.6745098039215681,0.9890909090908998,NaN,-31.425334545454554,0.17,-16.5,NaN,3.18,3.61,-35.18,-34.88,NaN,NaN,2.5,10.0,74.90378,-157.853,1024.7,131.8,176.0,0.0,0.0,-16.5
409.375,1999-02-13T09:00:00.0,0.17466499427984133,0.6774774774774777,0.6774774774774777,0.9927950310558858,NaN,-41.599956055900606,0.185,-16.1,NaN,3.52,3.99,-35.26,-34.99,NaN,NaN,2.5,10.0,74.90356,-157.8528,1025.0,131.7,177.3,0.0,0.0,-16.1
409.4167,1999-02-13T10:00:02.88,0.265279386133252,0.7166666666666662,0.7166666666666662,0.9397468354430352,NaN,-27.648,0.16,-15.8,NaN,3.2,3.63,-35.55,-35.26,NaN,NaN,2.5,10.0,74.9032,-157.85331,1025.1,132.1,176.0,0.0,0.0,-15.8
409.4583,1999-02-13T10:59:57.12,0.24803628459850177,0.6626262626262628,0.6626262626262628,0.9125925925925963,NaN,-29.589793750000002,0.165,-16.2,NaN,3.06,3.47,-35.57,-35.29,NaN,NaN,2.5,10.0,74.90205,-157.8541,1025.2,130.8,175.6,0.0,0.0,-16.2
409.5,1999-02-13T12:00:00.0,0.30730567595601693,0.6999999999999998,0.6999999999999998,0.8113661202185967,NaN,-23.89780983606558,0.16,-18.3,NaN,3.11,3.53,-35.59,-35.3,NaN,NaN,2.5,10.0,74.90087,-157.85557,1025.4,130.3,175.2,0.0,0.0,-18.3
409.5417,1999-02-13T13:00:02.88,0.29395811361173646,0.6833333333333336,0.6833333333333336,0.9654857142857094,NaN,-25.053476571428575,0.16,-17.5,NaN,3.01,3.42,-35.68,-35.35,NaN,NaN,2.5,10.0,74.90016,-157.85483,1025.6,129.7,175.1,0.0,0.0,-17.5
409.5833,1999-02-13T13:59:57.12,0.5735031042828582,0.7555555555555553,0.7555555555555553,1.1466666666666658,NaN,-12.884399999999998,0.12,-14.4,NaN,2.73,3.07,-35.79,-35.36,NaN,NaN,2.5,10.0,74.89993,-157.85492,1025.8,128.5,173.9,0.0,0.0,-14.4
409.625,1999-02-13T15:00:00.0,0.4672789639014701,0.7589743589743592,0.7589743589743592,1.116778523489929,NaN,-15.94668120805369,0.13,-14.9,NaN,2.73,3.1,-36.05,-35.65,NaN,NaN,2.5,10.0,74.89986,-157.85483,1026.1,128.7,173.4,0.0,0.0,-14.9
409.6667,1999-02-13T16:00:02.88,0.4070806677211081,0.7428571428571422,0.7428571428571422,0.9955555555555541,NaN,-18.40004444444445,0.14,-16.2,NaN,2.89,3.28,-36.21,-35.85,NaN,NaN,2.5,10.0,74.89979,-157.85439,1026.4,129.7,173.5,0.0,0.0,-16.2
409.7083,1999-02-13T16:59:57.12,0.467870456260839,0.7384615384615381,0.7384615384615381,1.116778523489929,NaN,-16.07938590604027,0.13,-14.9,NaN,2.67,3.03,-36.35,-35.95,NaN,NaN,2.5,10.0,74.89964,-157.8546,1026.6,129.9,174.0,0.0,0.0,-14.9
409.75,1999-02-13T18:00:00.0,0.41796441039436394,0.7589743589743583,0.7589743589743583,1.2511278195488678,NaN,-18.107905263157896,0.13,-13.3,NaN,2.72,3.09,-36.54,-36.14,NaN,NaN,2.5,10.0,74.89963,-157.85463,1026.7,129.4,173.1,0.0,0.0,-13.3
409.7917,1999-02-13T19:00:02.88,0.3192115452305527,0.711111111111111,0.711111111111111,1.107692307692306,NaN,-23.74182692307692,0.15,-15.6,NaN,2.93,3.33,-36.58,-36.22,NaN,NaN,2.5,10.0,74.89936,-157.85411,1027.0,122.8,172.8,0.4,1.0,-15.6
409.8333,1999-02-13T19:59:57.12,0.47232503976484,2.5739130434782607,2.5739130434782607,1.4861538461538524,NaN,-16.078865985576925,0.115,-10.4,NaN,2.45,3.56,-36.65,-36.23,NaN,NaN,2.5,10.0,74.89925,-157.85389,1027.2,121.2,173.2,6.7,6.2,-10.4
409.875,1999-02-13T21:00:00.0,0.5391128359931819,2.9333333333333336,2.9333333333333336,1.6246153846153981,NaN,-13.983178846153844,0.11,-10.4,NaN,2.75,3.96,-36.42,-35.94,NaN,NaN,2.5,10.0,74.89903,-157.85418,1027.3,121.6,173.1,20.0,14.6,-10.4
409.9167,1999-02-13T22:00:02.88,0.3474022338360747,2.3506172839506174,2.3506172839506174,1.4283870967741819,NaN,-21.524312903225802,0.135,-12.4,NaN,2.96,4.15,-36.16,-35.75,NaN,NaN,2.5,10.0,74.899,-157.85372,1027.4,122.2,173.2,28.1,17.5,-12.4
409.9583,1999-02-13T22:59:57.12,0.3706101108909222,2.5386666666666664,2.5386666666666664,1.5238095238095182,NaN,-20.189732142857142,0.125,-10.5,NaN,2.85,4.04,-36.18,-35.78,NaN,NaN,2.5,10.0,74.89899,-157.8536,1027.6,122.9,173.4,23.5,16.3,-10.5
410.0,1999-02-14T00:00:00.0,0.5177004802233985,2.90909090909091,2.90909090909091,1.548800000000017,NaN,-14.410737000000001,0.11,-10.0,NaN,2.44,3.64,-36.09,-35.65,NaN,NaN,2.5,10.0,74.8989,-157.85365,1027.8,124.9,173.5,12.0,10.1,-10.0
410.0417,1999-02-14T01:00:02.88,0.4661086082398266,2.9111111111111114,2.9111111111111114,1.4769230769230628,NaN,-15.893169230769232,0.12,-11.7,NaN,2.73,4.04,-35.87,-35.42,NaN,NaN,2.5,10.0,74.89885,-157.85397,1027.8,126.7,174.5,2.7,3.2,-11.7
410.0833,1999-02-14T01:59:57.12,0.25186340925104117,1.95,1.95,1.2287999999999981,NaN,-29.163520000000005,0.16,-15.0,NaN,3.26,4.43,-35.6,-35.24,NaN,NaN,2.5,10.0,74.89889,-157.85357,1027.8,128.1,175.0,0.0,0.2,-15.0
410.125,1999-02-14T03:00:00.0,0.4698748208469819,2.4888888888888885,2.4888888888888885,1.399322033898304,NaN,-15.705762711864404,0.12,-11.8,NaN,2.74,3.86,-35.75,-35.32,NaN,NaN,2.5,10.0,74.89876,-157.85351,1028.1,129.1,175.5,0.0,0.0,-11.8
410.1667,1999-02-14T04:00:02.88,0.30651285858039684,2.206896551724138,2.206896551724138,1.4329411764705942,NaN,-23.806174632352935,0.145,-13.6,NaN,2.94,4.14,-35.4,-34.98,NaN,NaN,2.5,10.0,74.89877,-157.8532,1028.1,129.7,175.1,0.0,0.1,-13.6
410.2083,1999-02-14T04:59:57.12,0.5461434581838629,2.8444444444444446,2.8444444444444446,1.606956521739148,NaN,-13.381893342391303,0.105,-9.2,NaN,2.54,3.66,-35.45,-35.01,NaN,NaN,2.5,10.0,74.89881,-157.85348,1028.3,129.6,175.5,0.0,0.1,-9.2
410.25,1999-02-14T06:00:00.0,0.3479206967691208,2.285714285714285,2.285714285714285,1.2892086330935206,NaN,-20.90572661870504,0.14,-13.9,NaN,2.94,4.14,-35.3,-34.9,NaN,NaN,2.5,10.0,74.8987,-157.85332,1028.5,129.7,176.0,0.0,0.0,-13.9
410.2917,1999-02-14T07:00:02.88,0.5757767669962995,3.0984126984126985,3.0984126984126985,1.593402061855673,NaN,-12.688524742268038,0.105,-9.7,NaN,2.44,3.66,-35.44,-34.98,NaN,NaN,2.5,10.0,74.89871,-157.85353,1028.6,129.0,175.6,0.0,0.0,-9.7
410.3333,1999-02-14T07:59:57.12,1.1084892543598301,4.337777777777777,4.337777777777777,2.2941176470588185,NaN,-6.650114889705882,0.075,-6.8,NaN,2.12,3.34,-35.73,-35.08,NaN,NaN,2.5,10.0,74.89863,-157.85337,1028.7,128.1,174.1,0.0,0.0,-6.8
410.375,1999-02-14T09:00:00.0,0.6187582784937872,3.2000000000000006,3.2000000000000006,1.9555555555555457,NaN,-11.870000000000003,0.1,-9.0,NaN,2.54,3.74,-35.61,-35.06,NaN,NaN,2.5,10.0,74.89875,-157.85333,1028.9,128.5,174.4,0.0,0.0,-9.0
410.4167,1999-02-14T10:00:02.88,0.4567994406388707,2.828985507246376,2.828985507246376,1.7124752475247484,NaN,-16.122780816831682,0.115,-10.1,NaN,2.74,3.96,-35.69,-35.22,NaN,NaN,2.5,10.0,74.89864,-157.85286,1029.1,129.4,174.6,0.0,0.0,-10.1
410.4583,1999-02-14T10:59:57.12,1.0186966236802928,3.8588235294117648,3.8588235294117648,1.7635164835164727,NaN,-7.211582142857145,0.085,-9.1,NaN,2.42,3.65,-35.62,-35.03,NaN,NaN,2.5,10.0,74.89847,-157.85343,1029.0,129.6,174.1,0.0,0.0,-9.1
410.5,1999-02-14T12:00:00.0,0.8739218362815744,3.8588235294117648,3.8588235294117648,2.5805128205128276,NaN,-8.47964903846154,0.085,-7.8,NaN,2.32,3.55,-35.9,-35.16,NaN,NaN,2.5,10.0,74.89854,-157.85332,1029.1,127.6,173.9,0.0,0.0,-7.8
410.5417,1999-02-14T13:00:02.88,1.3631926221337456,4.723809523809524,4.723809523809524,2.5035294117646996,NaN,-5.409816176470589,0.07,-6.8,NaN,2.13,3.37,-35.75,-34.99,NaN,NaN,2.5,10.0,74.89859,-157.85349,1029.1,128.0,173.7,0.0,0.0,-6.8
411.25,1999-02-15T06:00:00.0,1.4767300857202592,4.640000000000001,4.640000000000001,2.4888888888888987,NaN,-4.75138888888889,0.05,-2.7,NaN,1.63,2.5,-34.21,-33.79,NaN,NaN,2.5,10.0,74.89857,-157.8534,1029.3,170.4,180.6,0.0,0.0,-2.7
411.2917,1999-02-15T07:00:02.88,0.7173009741144649,2.7809523809523804,2.7809523809523804,1.431111111111136,NaN,-9.726908333333334,0.07,-3.6,NaN,1.94,2.67,-34.03,-33.8,NaN,NaN,2.5,10.0,74.89864,-157.85331,1029.4,161.6,181.9,0.0,0.0,-3.6
411.3333,1999-02-15T07:59:57.12,0.3568595353522634,2.0,2.0,1.1692307692307553,NaN,-20.192307692307697,0.1,-5.2,NaN,2.44,3.19,-35.0,-34.81,NaN,NaN,2.5,10.0,74.89858,-157.85358,1029.5,143.1,178.4,0.0,0.0,-5.2
411.375,1999-02-15T09:00:00.0,2.4282007467881783,5.2266666666666675,5.2266666666666675,2.145454545454532,NaN,-3.104829545454546,0.05,-4.4,NaN,1.68,2.66,-36.43,-35.84,NaN,NaN,2.5,10.0,74.89843,-157.85334,1029.7,127.6,171.6,0.0,0.0,-4.4
411.4167,1999-02-15T10:00:02.88,2.0746928443415538,5.478787878787879,5.478787878787879,2.147199999999998,NaN,-3.6555914999999994,0.055,-5.0,NaN,1.8,2.93,-36.62,-36.01,NaN,NaN,2.5,10.0,74.89862,-157.85339,1029.7,129.8,170.6,0.0,0.0,-5.0
411.4583,1999-02-15T10:59:57.12,2.0753062310292147,6.157575757575758,6.157575757575758,2.992000000000005,NaN,-3.67455825,0.055,-5.0,NaN,1.79,3.06,-36.81,-35.96,NaN,NaN,2.5,10.0,74.89852,-157.85353,1029.9,132.8,170.6,0.0,0.0,-5.0
411.5,1999-02-15T12:00:00.0,1.0146504420938052,3.626666666666667,3.626666666666667,2.2838709677419486,NaN,-7.477394153225806,0.075,-6.2,NaN,2.11,3.13,-36.63,-36.04,NaN,NaN,2.5,10.0,74.89848,-157.85344,1029.9,137.4,171.9,0.0,0.0,-6.2
411.5417,1999-02-15T13:00:02.88,1.4715342931470057,4.222222222222223,4.222222222222223,2.587826086956541,NaN,-5.189634782608696,0.06,-4.6,NaN,1.88,2.83,-36.84,-36.22,NaN,NaN,2.5,10.0,74.89834,-157.8528,1030.0,133.2,170.4,0.0,0.0,-4.6
411.5833,1999-02-15T13:59:57.12,1.5076977046972602,3.6000000000000005,3.6000000000000005,3.0638297872340425,NaN,-5.178485106382978,0.06,-4.7,NaN,1.96,2.77,-37.56,-36.81,NaN,NaN,2.5,10.0,74.8985,-157.85319,1030.1,128.6,168.9,0.0,0.0,-4.7
411.625,1999-02-15T15:00:00.0,1.0213569856518085,3.3066666666666658,3.3066666666666658,2.0129032258064363,NaN,-7.787676411290321,0.075,-6.2,NaN,2.16,3.09,-38.15,-37.63,NaN,NaN,2.5,10.0,74.89849,-157.85322,1030.2,129.2,168.3,0.0,0.0,-6.2
411.7083,1999-02-15T16:59:57.12,1.27708323388892,2.057142857142855,2.057142857142855,0.9244444444444629,NaN,-6.227900000000002,0.07,-6.3,NaN,2.22,2.76,-38.13,-37.87,NaN,NaN,2.5,10.0,74.89845,-157.85323,1030.5,128.4,168.7,0.0,0.0,-6.3
411.8333,1999-02-15T19:59:57.12,1.7198307530612613,3.5047619047619043,3.5047619047619043,1.2122352941176495,NaN,-4.574812941176471,0.07,-8.5,NaN,2.39,3.31,-37.79,-37.33,NaN,NaN,2.5,10.0,74.8981,-157.85213,1030.8,127.0,168.9,8.4,7.7,-8.5
411.875,1999-02-15T21:00:00.0,1.37755405476845,3.4999999999999996,3.4999999999999996,1.6062745098039233,NaN,-5.574776470588237,0.08,-10.2,NaN,2.49,3.54,-37.02,-36.38,NaN,NaN,2.5,10.0,74.89793,-157.85144,1030.9,126.5,171.0,17.5,15.0,-10.2
412.0,1999-02-16T00:00:00.0,0.30004301075268824,1.6,1.6,0.6588235294117674,NaN,-24.864430147058822,0.125,-8.5,NaN,3.17,3.92,-36.07,-35.93,NaN,NaN,2.5,10.0,74.89654,-157.84772,1031.0,129.3,175.3,13.5,11.9,-8.5
412.0417,1999-02-16T01:00:02.88,0.20133315798261955,1.5809523809523809,1.5809523809523809,0.7840000000000031,NaN,-37.51734000000001,0.14,-8.0,NaN,3.38,4.21,-36.46,-36.32,NaN,NaN,2.5,10.0,74.89608,-157.84656,1030.9,127.6,173.2,3.1,3.6,-8.0
412.0833,1999-02-16T01:59:57.12,0.18118491610639714,1.5448275862068963,1.5448275862068963,0.8120000000000032,NaN,-41.63659593749999,0.145,-8.0,NaN,3.08,3.92,-36.42,-36.28,NaN,NaN,2.5,10.0,74.8956,-157.84604,1031.1,134.2,174.2,0.0,0.4,-8.0
412.125,1999-02-16T03:00:00.0,0.21884552230111357,1.4814814814814814,1.4814814814814814,0.9969230769230755,NaN,-34.43578701923077,0.135,-7.8,NaN,2.87,3.62,-36.39,-36.21,NaN,NaN,2.5,10.0,74.89542,-157.84471,1031.3,130.2,171.6,0.0,0.0,-7.8
412.1667,1999-02-16T04:00:02.88,0.3360845312179559,2.0173913043478264,2.0173913043478264,1.0443243243242932,NaN,-22.535668074324324,0.115,-7.4,NaN,2.77,3.64,-36.55,-36.34,NaN,NaN,2.5,10.0,74.89515,-157.84418,1031.2,132.4,173.3,0.0,0.0,-7.4
412.2083,1999-02-16T04:59:57.12,0.39047749901702855,1.8086956521739135,1.8086956521739135,0.5990697674418629,NaN,-19.338102470930238,0.115,-8.6,NaN,2.96,3.74,-36.45,-36.31,NaN,NaN,2.5,10.0,74.89485,-157.84329,1031.2,131.5,172.8,0.0,0.0,-8.6
412.375,1999-02-16T09:00:00.0,1.1057852188509534,2.366666666666668,2.366666666666668,0.6556097560975638,NaN,-6.827707317073173,0.08,-8.2,NaN,2.53,3.24,-36.45,-36.24,NaN,NaN,2.5,10.0,74.89328,-157.83942,1031.5,134.4,172.9,0.0,0.0,-8.2
412.4167,1999-02-16T10:00:02.88,0.37821154414558966,1.6640000000000006,1.6640000000000006,0.6728971962616812,NaN,-19.938303154205602,0.125,-10.7,NaN,2.96,3.74,-36.41,-36.23,NaN,NaN,2.5,10.0,74.89273,-157.83875,1031.3,130.3,173.3,0.0,0.0,-10.7
412.4583,1999-02-16T10:59:57.12,0.24112832674503681,1.6395061728395062,1.6395061728395062,0.7032558139534912,NaN,-31.077969331395355,0.135,-8.6,NaN,3.38,4.21,-36.21,-36.07,NaN,NaN,2.5,10.0,74.89241,-157.8376,1031.3,133.2,173.5,0.0,0.0,-8.6
412.5,1999-02-16T12:00:00.0,0.3390150601139001,1.8133333333333326,1.8133333333333326,0.7499999999999988,NaN,-22.088623046875,0.125,-9.6,NaN,3.17,4.02,-36.19,-36.01,NaN,NaN,2.5,10.0,74.89182,-157.83638,1031.1,127.7,174.3,0.0,0.0,-9.6
412.5833,1999-02-16T13:59:57.12,2.4983250467223814,3.733333333333333,3.733333333333333,0.6153846153846153,NaN,-3.069692307692308,0.06,-7.8,NaN,2.71,3.55,-36.95,-36.7,NaN,NaN,2.5,10.0,74.89108,-157.8341,1030.7,129.6,171.3,0.0,0.0,-7.8
412.625,1999-02-16T15:00:00.0,3.5200764728540164,4.5777777777777775,4.5777777777777775,0.5236363636363586,NaN,-2.1654981818181818,0.06,-11.0,NaN,2.81,3.84,-36.76,-36.46,NaN,NaN,2.5,10.0,74.89098,-157.8344,1030.6,125.2,170.7,0.0,0.0,-11.0
412.6667,1999-02-16T16:00:02.88,2.416559269164488,4.152380952380952,4.152380952380952,0.578666666666671,NaN,-3.13845,0.07,-12.0,NaN,2.92,4.01,-36.6,-36.29,NaN,NaN,2.5,10.0,74.8909,-157.83425,1030.4,126.3,173.1,0.0,0.0,-12.0
412.7083,1999-02-16T16:59:57.12,2.286463454605048,2.702222222222223,2.702222222222223,0.34285714285714775,NaN,-3.249944196428571,0.075,-14.0,NaN,3.56,4.32,-35.95,-35.75,NaN,NaN,2.5,10.0,74.89098,-157.8336,1030.3,134.1,175.6,0.0,0.0,-14.0
412.75,1999-02-16T18:00:00.0,0.11188121376512264,1.0276422764227642,1.0276422764227642,0.5622857142857023,NaN,-65.96108919642855,0.205,-14.0,NaN,3.91,4.7,-35.73,-35.61,NaN,NaN,2.5,10.0,74.89099,-157.83397,1030.2,136.8,175.7,0.0,0.0,-14.0
412.7917,1999-02-16T19:00:02.88,0.10785483697302413,1.2170940170940165,1.2170940170940165,1.0220689655172674,NaN,-69.20763071120692,0.195,-11.6,NaN,3.83,4.72,-36.09,-35.9,NaN,NaN,2.5,10.0,74.89087,-157.83452,1030.2,125.2,174.4,1.6,2.0,-11.6
412.8333,1999-02-16T19:59:57.12,0.16491122701999308,1.386666666666667,1.386666666666667,0.9624999999999948,NaN,-45.81009521484373,0.175,-12.8,NaN,3.42,4.33,-36.47,-36.25,NaN,NaN,2.5,10.0,74.89094,-157.83423,1030.3,124.3,172.4,11.8,9.8,-12.8
412.875,1999-02-16T21:00:00.0,0.17920816141715923,1.5542857142857152,1.5542857142857152,1.0877697841726457,NaN,-42.404608812949625,0.175,-13.9,NaN,3.21,4.23,-36.66,-36.39,NaN,NaN,2.5,10.0,74.89098,-157.83378,1030.5,121.7,172.1,29.7,20.9,-13.9
412.9167,1999-02-16T22:00:02.88,0.2847323528099021,1.6355555555555554,1.6355555555555554,1.00143884892086,NaN,-26.80575539568345,0.15,-13.9,NaN,3.21,4.13,-36.8,-36.51,NaN,NaN,2.5,10.0,74.89099,-157.83394,1030.6,120.2,171.9,38.2,23.4,-13.9
412.9583,1999-02-16T22:59:57.12,0.2013001026241041,1.706666666666666,1.706666666666666,1.1487179487179497,NaN,-38.020643028846145,0.175,-15.6,NaN,3.23,4.35,-36.89,-36.57,NaN,NaN,2.5,10.0,74.89091,-157.8347,1030.6,114.4,171.4,35.4,24.3,-15.6
413.0,1999-02-17T00:00:00.0,0.1565038215430818,1.4495726495726495,1.4495726495726495,0.8914285714285789,NaN,-48.421781919642854,0.195,-16.8,NaN,3.57,4.63,-36.57,-36.33,NaN,NaN,2.5,10.0,74.8908,-157.83476,1030.8,113.0,172.5,21.4,16.4,-16.8
413.0417,1999-02-17T01:00:02.88,0.3105611394613613,2.1701149425287354,2.1701149425287354,1.2531386861313782,NaN,-24.5336427919708,0.145,-13.7,NaN,2.95,4.13,-36.75,-36.38,NaN,NaN,2.5,10.0,74.89094,-157.83444,1031.1,114.1,171.6,5.8,5.6,-13.7
413.0833,1999-02-17T01:59:57.12,0.2599960579810519,1.9333333333333333,1.9333333333333333,0.8976623376623479,NaN,-29.403428571428577,0.16,-15.4,NaN,3.17,4.33,-36.85,-36.58,NaN,NaN,2.5,10.0,74.89094,-157.83416,1031.3,121.3,172.5,0.0,0.4,-15.4
413.125,1999-02-17T03:00:00.0,0.2994449148555838,2.0622222222222217,2.0622222222222217,0.9863013698630279,NaN,-25.728595890410958,0.15,-14.6,NaN,2.97,4.13,-37.1,-36.8,NaN,NaN,2.5,10.0,74.89093,-157.83423,1031.5,116.9,171.2,0.0,0.0,-14.6
413.1667,1999-02-17T04:00:02.88,0.3431795427211303,2.0571428571428574,2.0571428571428574,1.1199999999999881,NaN,-22.51088823529412,0.14,-13.6,NaN,2.76,3.84,-37.19,-36.85,NaN,NaN,2.5,10.0,74.89092,-157.83461,1031.8,117.8,170.7,0.0,0.0,-13.6
413.2083,1999-02-17T04:59:57.12,0.45836781458951836,2.6181818181818186,2.6181818181818186,1.5600000000000018,NaN,-17.020162499999994,0.11,-8.8,NaN,2.35,3.43,-37.51,-37.12,NaN,NaN,2.5,10.0,74.89081,-157.83451,1031.9,119.0,169.6,0.0,0.0,-8.8
413.25,1999-02-17T06:00:00.0,0.6553347003623762,3.0315789473684216,3.0315789473684216,1.6138271604938261,NaN,-11.958793518518517,0.095,-8.1,NaN,2.35,3.43,-37.66,-37.23,NaN,NaN,2.5,10.0,74.89082,-157.83475,1032.0,120.0,169.6,0.0,0.0,-8.1
413.2917,1999-02-17T07:00:02.88,1.1189375980374814,3.946666666666668,3.946666666666668,1.6588235294117606,NaN,-7.046553308823529,0.075,-6.8,NaN,2.03,3.14,-37.86,-37.39,NaN,NaN,2.5,10.0,74.89095,-157.83459,1032.0,120.1,169.0,0.0,0.0,-6.8
413.3333,1999-02-17T07:59:57.12,0.43785133044494123,2.73623188405797,2.73623188405797,1.5716666666666534,NaN,-17.894044921875,0.115,-9.6,NaN,2.43,3.61,-37.65,-37.24,NaN,NaN,2.5,10.0,74.89083,-157.83477,1032.2,121.3,170.1,0.0,0.0,-9.6
413.375,1999-02-17T09:00:00.0,0.8949352189974735,3.4333333333333327,3.4333333333333327,1.978181818181811,NaN,-8.820363636363638,0.08,-6.6,NaN,2.2,3.23,-37.9,-37.39,NaN,NaN,2.5,10.0,74.89092,-157.83489,1032.4,122.9,169.1,0.0,0.0,-6.6
413.4167,1999-02-17T10:00:02.88,0.4902437928569576,2.642424242424242,2.642424242424242,1.3106382978723456,NaN,-16.052709574468082,0.11,-9.4,NaN,2.33,3.42,-37.79,-37.44,NaN,NaN,2.5,10.0,74.89089,-157.83452,1032.5,123.1,170.0,0.0,0.0,-9.4
413.4583,1999-02-17T10:59:57.12,1.2892814409987188,4.225641025641027,4.225641025641027,1.916862745098064,NaN,-6.119291176470589,0.065,-5.1,NaN,1.92,2.95,-37.88,-37.41,NaN,NaN,2.5,10.0,74.89081,-157.83459,1032.6,123.2,169.0,0.0,0.0,-5.1
413.5,1999-02-17T12:00:00.0,0.6850708757672678,3.2296296296296303,3.2296296296296303,1.719999999999999,NaN,-11.436187499999999,0.09,-7.2,NaN,2.13,3.22,-37.65,-37.22,NaN,NaN,2.5,10.0,74.89093,-157.83432,1032.6,122.9,169.6,0.0,0.0,-7.2
413.5417,1999-02-17T13:00:02.88,1.999320652173913,5.920000000000001,5.920000000000001,2.4888888888888676,NaN,-3.948958333333333,0.05,-3.6,NaN,1.61,2.72,-37.91,-37.35,NaN,NaN,2.5,10.0,74.8908,-157.83472,1032.4,123.5,168.4,0.0,0.0,-3.6
413.5833,1999-02-17T13:59:57.12,2.442939915529427,6.026666666666667,6.026666666666667,2.0727272727272736,NaN,-3.225852272727273,0.05,-4.4,NaN,1.7,2.83,-37.85,-37.28,NaN,NaN,2.5,10.0,74.89093,-157.83415,1032.6,122.8,167.4,0.0,0.0,-4.4
413.625,1999-02-17T15:00:00.0,1.414849428868121,5.377777777777778,5.377777777777778,3.0545454545454667,NaN,-5.611090909090908,0.06,-4.4,NaN,1.77,2.98,-38.1,-37.4,NaN,NaN,2.5,10.0,74.8909,-157.83548,1032.6,120.5,167.2,0.0,0.0,-4.4
413.7083,1999-02-17T16:59:57.12,1.7041418582314456,5.377777777777778,5.377777777777778,2.2822641509433796,NaN,-4.652150943396226,0.06,-5.3,NaN,1.81,3.02,-38.05,-37.42,NaN,NaN,2.5,10.0,74.8909,-157.83524,1032.7,121.5,167.3,0.0,0.0,-5.3
415.0833,1999-02-19T01:59:57.12,0.7949494144410951,0.977777777777778,0.977777777777778,2.6057142857142788,NaN,-9.513449999999997,0.09,-8.4,NaN,2.42,2.75,-36.54,-35.78,NaN,NaN,2.5,10.0,74.89099,-157.8382,1031.3,137.4,171.0,0.7,0.7,-8.4
415.125,1999-02-19T03:00:00.0,0.28763729515387587,0.7822222222222222,0.7822222222222222,1.7361702127659506,NaN,-25.800797872340425,0.15,-14.1,NaN,3.25,3.69,-35.93,-35.42,NaN,NaN,2.5,10.0,74.89104,-157.83985,1031.1,141.9,174.1,0.0,0.0,-14.1
415.1667,1999-02-19T04:00:02.88,0.2318889262120704,0.7288888888888891,0.7288888888888891,1.4315789473684055,NaN,-31.227631578947364,0.15,-11.4,NaN,3.04,3.45,-35.16,-34.82,NaN,NaN,2.5,10.0,74.89093,-157.84386,1031.0,160.3,178.3,0.0,0.0,-11.4
415.2083,1999-02-19T04:59:57.12,0.0715208198804341,0.6666666666666666,0.6666666666666666,0.6857142857142576,NaN,-94.74285714285713,0.2,-8.4,NaN,3.67,4.17,-33.16,-33.07,NaN,NaN,2.5,10.0,74.89102,-157.85169,1030.9,183.2,186.0,0.2,0.0,-8.4
415.25,1999-02-19T06:00:00.0,0.06105049164004481,0.8266666666666657,0.8266666666666657,0.35555555555554796,NaN,-107.13333333333335,0.2,-7.2,NaN,4.19,4.81,-32.14,-32.1,NaN,NaN,2.5,10.0,74.89118,-157.8623,1030.8,187.2,189.8,0.0,0.0,-7.2
415.2917,1999-02-19T07:00:02.88,0.03659915025055494,0.6608695652173916,0.6608695652173916,0.4460606060605966,NaN,-170.55921818181818,0.23,-6.6,NaN,5.02,5.59,-30.84,-30.8,NaN,NaN,2.5,10.0,74.89198,-157.8762,1030.7,191.1,193.4,0.0,0.0,-6.6
415.3333,1999-02-19T07:59:57.12,0.07503138309136594,0.6764227642276429,0.6764227642276429,0.8200000000000067,NaN,-81.81676523437498,0.205,-9.6,NaN,4.71,5.23,-30.39,-30.27,NaN,NaN,2.5,10.0,74.89339,-157.89123,1030.7,170.0,192.9,0.0,0.0,-9.6
415.375,1999-02-19T09:00:00.0,0.057078110196884704,0.6700854700854704,0.6700854700854704,0.5942857142857368,NaN,-105.22060714285715,0.195,-6.3,NaN,4.51,5.0,-29.8,-29.74,NaN,NaN,2.5,10.0,74.89563,-157.90853,1030.8,197.3,196.6,0.0,0.0,-6.3
415.625,1999-02-19T15:00:00.0,0.025091837168464054,0.2298850574712644,0.2298850574712644,0.5155555555555262,NaN,-266.0026933333333,0.29,-9.0,NaN,5.95,6.2,-32.72,-32.67,NaN,NaN,2.5,10.0,74.90978,-158.01517,1029.6,144.0,186.3,0.0,0.0,-9.0
415.6667,1999-02-19T16:00:02.88,0.05240297137133796,0.34133333333333366,0.34133333333333366,0.5333333333333219,NaN,-131.13281249999997,0.25,-12.0,NaN,5.85,6.17,-33.57,-33.49,NaN,NaN,2.5,10.0,74.91254,-158.03344,1029.5,139.3,183.2,0.0,0.0,-12.0
415.7083,1999-02-19T16:59:57.12,0.03481416777136339,0.4405797101449284,0.4405797101449284,0.8309677419354872,NaN,-199.40143064516124,0.23,-6.2,NaN,6.06,6.44,-33.87,-33.8,NaN,NaN,2.5,10.0,74.91568,-158.05042,1029.6,141.7,181.9,0.0,0.0,-6.2
415.75,1999-02-19T18:00:00.0,0.06745495494256552,0.4727272727272724,0.4727272727272724,0.7375238095238056,NaN,-104.01574857142856,0.22,-10.5,NaN,5.44,5.83,-34.19,-34.08,NaN,NaN,2.5,10.0,74.91862,-158.06617,1029.5,137.1,180.6,0.0,0.0,-10.5
415.7917,1999-02-19T19:00:02.88,0.10171105821868923,0.9235772357723576,0.9235772357723576,0.8712500000000086,NaN,-69.45944531249997,0.205,-12.8,NaN,4.36,5.07,-34.4,-34.23,NaN,NaN,2.5,10.0,74.92166,-158.08066,1029.3,134.8,179.6,4.4,4.0,-12.8
415.8333,1999-02-19T19:59:57.12,0.11095664046583391,1.0031746031746032,1.0031746031746032,0.8959999999999809,NaN,-64.04907599999999,0.21,-15.0,NaN,4.39,5.18,-34.58,-34.38,NaN,NaN,2.5,10.0,74.92421,-158.09476,1029.1,132.7,179.2,20.3,15.3,-15.0
415.875,1999-02-19T21:00:00.0,0.10621110203055259,0.7999999999999995,0.7999999999999995,1.08387096774194,NaN,-67.06451612903226,0.2,-12.4,NaN,4.29,4.89,-34.65,-34.44,NaN,NaN,2.5,10.0,74.92662,-158.10904,1028.9,132.5,179.1,38.2,27.1,-12.4
415.9167,1999-02-19T22:00:02.88,0.05779968777424173,0.6421768707483001,0.6421768707483001,0.8219354838709839,NaN,-123.46029133064513,0.245,-12.4,NaN,4.6,5.19,-34.7,-34.57,NaN,NaN,2.5,10.0,NaN,NaN,1028.7,132.6,179.3,50.5,34.9,-12.4
415.9583,1999-02-19T22:59:57.12,0.07997422726584323,0.7365079365079366,0.7365079365079366,1.0577777777777881,NaN,-89.57444999999998,0.21,-10.8,NaN,4.28,4.86,-34.82,-34.65,NaN,NaN,2.5,10.0,74.93006,-158.1404,1028.2,132.7,178.7,46.3,32.4,-10.8
416.0,1999-02-20T00:00:00.0,0.06455248662920747,0.644444444444444,0.644444444444444,1.0043076923076604,NaN,-111.81489230769229,0.24,-13.0,NaN,3.97,4.55,-35.05,-34.88,NaN,NaN,2.5,10.0,74.9316,-158.15754,1027.6,132.8,178.4,31.8,23.9,-13.0
416.0417,1999-02-20T01:00:02.88,0.08293835356558528,0.788405797101449,0.788405797101449,0.7510204081632583,NaN,-87.03129591836735,0.23,-14.7,NaN,4.17,4.85,-35.05,-34.9,NaN,NaN,2.5,10.0,74.9328,-158.17748,1026.8,135.2,177.5,10.8,9.3,-14.7
416.0833,1999-02-20T01:59:57.12,0.06100023865390233,0.5701149425287357,0.5701149425287357,0.5131797235022932,NaN,-117.10091751152072,0.29,-21.7,NaN,5.11,5.73,-34.73,-34.61,NaN,NaN,2.5,10.0,74.93402,-158.20017,1026.4,135.2,179.1,1.0,1.1,-21.7
416.125,1999-02-20T03:00:00.0,0.06914274590034174,0.664327485380117,0.664327485380117,0.5456410256410278,NaN,-101.47033124999999,0.285,-23.4,NaN,5.84,6.55,-34.19,-34.05,NaN,NaN,2.5,10.0,74.93526,-158.22547,1025.8,135.0,179.5,0.0,0.0,-23.4
416.1667,1999-02-20T04:00:02.88,0.07630739062514001,0.8666666666666667,0.8666666666666667,0.621714285714292,NaN,-91.66080000000002,0.28,-24.5,NaN,6.16,7.07,-34.1,-33.93,NaN,NaN,2.5,10.0,74.93642,-158.25205,1025.7,133.5,181.1,0.0,0.0,-24.5
416.2083,1999-02-20T04:59:57.12,0.06223280555903693,0.7288888888888884,0.7288888888888884,0.468292682926847,NaN,-111.42439024390244,0.3,-24.6,NaN,7.3,8.12,-33.84,-33.72,NaN,NaN,2.5,10.0,74.93819,-158.27985,1025.6,134.3,181.5,0.0,0.0,-24.6
416.25,1999-02-20T06:00:00.0,0.06891423968559124,0.7412429378531069,0.7412429378531069,0.47382239382240315,NaN,-100.68725299227799,0.295,-25.9,NaN,7.3,8.12,-33.86,-33.73,NaN,NaN,2.5,10.0,74.94028,-158.30716,1025.4,134.6,180.9,0.0,0.0,-25.9
416.2917,1999-02-20T07:00:02.88,0.06306315519675428,0.8316384180790961,0.8316384180790961,0.5974683544304024,NaN,-110.09874240506328,0.295,-23.7,NaN,7.1,8.02,-33.88,-33.73,NaN,NaN,2.5,10.0,74.94235,-158.33309,1025.5,134.8,181.4,0.0,0.0,-23.7
416.3333,1999-02-20T07:59:57.12,0.09276634536977023,0.9066666666666663,0.9066666666666663,0.566037735849078,NaN,-75.37588443396227,0.25,-21.2,NaN,6.48,7.33,-34.09,-33.94,NaN,NaN,2.5,10.0,74.94465,-158.35856,1025.3,133.2,180.2,0.0,0.0,-21.2
416.375,1999-02-20T09:00:00.0,0.06539129511079485,0.7809523809523803,0.7809523809523803,0.5973333333333357,NaN,-106.71808000000003,0.28,-21.0,NaN,7.2,8.02,-34.03,-33.89,NaN,NaN,2.5,10.0,74.94704,-158.38245,1025.2,133.2,179.8,0.0,0.0,-21.0
416.4167,1999-02-20T10:00:02.88,0.05531765311408463,0.6518518518518522,0.6518518518518522,0.43826086956521515,NaN,-125.86357885375494,0.315,-25.3,NaN,7.61,8.38,-33.96,-33.85,NaN,NaN,2.5,10.0,74.94961,-158.40629,1024.9,133.9,180.8,0.0,0.0,-25.3
416.4583,1999-02-20T10:59:57.12,0.04715558280037949,0.6583333333333333,0.6583333333333333,0.5890265486725457,NaN,-148.2389522123894,0.32,-22.6,NaN,7.62,8.41,-34.08,-33.95,NaN,NaN,2.5,10.0,74.95214,-158.42968,1024.7,133.3,179.9,0.0,0.0,-22.6
416.5,1999-02-20T12:00:00.0,0.07096587961082779,0.8197530864197531,0.8197530864197531,0.6352941176470528,NaN,-99.68860588235295,0.27,-20.4,NaN,6.58,7.41,-34.44,-34.29,NaN,NaN,2.5,10.0,74.95457,-158.45274,1024.6,130.4,179.0,0.0,0.0,-20.4
416.5417,1999-02-20T13:00:02.88,0.0885566120546292,0.8380952380952386,0.8380952380952386,0.5364210526315896,NaN,-80.5276444736842,0.245,-19.0,NaN,6.27,7.04,-34.68,-34.55,NaN,NaN,2.5,10.0,74.95667,-158.47615,1024.5,130.2,178.3,0.0,0.0,-19.0
416.5833,1999-02-20T13:59:57.12,0.06512850302676981,0.7412429378531069,0.7412429378531069,0.4642622950819574,NaN,-109.24437279713113,0.295,-24.4,NaN,7.3,8.12,-34.61,-34.49,NaN,NaN,2.5,10.0,74.95842,-158.50014,1024.0,131.3,178.1,0.0,0.0,-24.4
416.625,1999-02-20T15:00:00.0,0.05130597188025407,0.7026455026455026,0.7026455026455026,0.4307692307692063,NaN,-138.72799903846152,0.315,-23.4,NaN,7.41,8.24,-34.62,-34.52,NaN,NaN,2.5,10.0,74.95981,-158.52606,1023.7,131.1,178.3,0.0,0.0,-23.4
416.6667,1999-02-20T16:00:02.88,0.04202243877753546,0.7111111111111111,0.7111111111111111,0.43809523809524437,NaN,-168.31197723214282,0.345,-25.2,NaN,7.41,8.33,-34.43,-34.33,NaN,NaN,2.5,10.0,74.96104,-158.55269,1023.4,133.7,179.3,0.0,0.0,-25.2
416.7083,1999-02-20T16:59:57.12,0.04901992224696179,0.7619047619047622,0.7619047619047622,0.40499999999998343,NaN,-142.99562812500002,0.315,-22.4,NaN,7.41,8.31,-34.16,-34.07,NaN,NaN,2.5,10.0,74.96226,-158.57968,1023.2,134.9,180.7,0.0,0.0,-22.4
416.75,1999-02-20T18:00:00.0,0.057696368597395464,0.6620689655172411,0.6620689655172411,0.4955339805825217,NaN,-120.22829854368932,0.29,-20.6,NaN,7.3,8.02,-33.85,-33.74,NaN,NaN,2.5,10.0,74.96334,-158.60649,1023.0,135.4,180.6,0.0,0.0,-20.6
416.875,1999-02-20T21:00:00.0,0.03947572482077521,0.7482587064676619,0.7482587064676619,0.9343119266054934,NaN,-171.14518417431194,0.335,-21.8,NaN,7.2,8.14,-33.08,-32.89,NaN,NaN,2.5,10.0,74.96684,-158.67926,1022.2,134.5,182.4,43.0,31.1,-21.8
417.0,1999-02-21T00:00:00.0,0.028726792217400345,0.7157894736842103,0.7157894736842103,0.7337931034482789,NaN,-231.17195172413795,0.38,-23.2,NaN,6.58,7.6,-32.58,-32.44,NaN,NaN,2.5,10.0,74.96907,-158.74228,1020.4,135.6,183.9,36.4,27.7,-23.2
417.0417,1999-02-21T01:00:02.88,0.03298918615609677,0.7639639639639637,0.7639639639639637,0.6738211382113848,NaN,-200.88238536585365,0.37,-24.6,NaN,6.37,7.43,-32.52,-32.38,NaN,NaN,2.5,10.0,74.96954,-158.76345,1019.6,136.2,183.7,13.5,11.1,-24.6
417.0833,1999-02-21T01:59:57.12,0.0625350866231744,0.8550264550264547,0.8550264550264547,0.49000000000000193,NaN,-105.19555429687499,0.315,-28.8,NaN,6.05,7.06,-32.31,-32.17,NaN,NaN,2.5,10.0,74.96926,-158.78227,1019.1,139.5,184.7,2.6,2.2,-28.8
417.125,1999-02-21T03:00:00.0,0.08570566027762863,1.1523809523809523,1.1523809523809523,0.7090647482014466,NaN,-75.02372374100722,0.28,-27.8,NaN,5.75,6.96,-31.67,-31.45,NaN,NaN,2.5,10.0,74.96864,-158.80127,1018.7,140.2,185.8,0.0,0.0,-27.8
417.1667,1999-02-21T04:00:02.88,0.06123014182155694,0.9928205128205128,0.9928205128205128,0.769131832797429,NaN,-103.81222367363345,0.325,-31.1,NaN,6.37,7.58,-31.35,-31.12,NaN,NaN,2.5,10.0,74.96809,-158.8219,1017.9,138.3,187.4,0.0,0.0,-31.1
417.2083,1999-02-21T04:59:57.12,0.05743069261106841,0.9393034825870644,0.9393034825870644,0.603000000000011,NaN,-108.97959328125002,0.335,-32.0,NaN,6.79,7.97,-30.92,-30.74,NaN,NaN,2.5,10.0,74.96778,-158.8439,1017.1,143.1,188.8,0.0,0.0,-32.0
417.25,1999-02-21T06:00:00.0,0.03332408192908188,0.7555555555555552,0.7555555555555552,0.4394550408719381,NaN,-182.71675422343318,0.42,-36.7,NaN,7.51,8.7,-30.17,-30.05,NaN,NaN,2.5,10.0,74.9675,-158.86705,1016.2,150.7,192.3,0.0,0.0,-36.7
417.2917,1999-02-21T07:00:02.88,0.024985201568829978,0.8091954022988508,0.8091954022988508,0.45490196078432016,NaN,-241.53179889705882,0.435,-30.6,NaN,8.45,9.77,-29.93,-29.83,NaN,NaN,2.5,10.0,74.96714,-158.89024,1015.5,159.0,194.2,0.0,0.0,-30.6
417.3333,1999-02-21T07:59:57.12,0.02635928920717236,0.8363636363636358,0.8363636363636358,0.46371257485029704,NaN,-229.5377245508982,0.44,-33.4,NaN,8.66,10.04,-30.0,-29.89,NaN,NaN,2.5,10.0,74.96686,-158.91437,1015.0,149.5,193.8,0.0,0.0,-33.4
417.375,1999-02-21T09:00:00.0,0.027660896505976185,0.8310077519379844,0.8310077519379844,0.5470336391437267,NaN,-219.62896972477057,0.43,-32.7,NaN,8.66,10.0,-30.11,-29.98,NaN,NaN,2.5,10.0,74.9671,-158.94095,1014.5,142.7,193.0,0.0,0.0,-32.7
417.4167,1999-02-21T10:00:02.88,0.0320482483017352,0.806349206349206,0.806349206349206,0.5711048158640172,NaN,-189.83738243626058,0.42,-35.3,NaN,8.14,9.41,-30.15,-30.0,NaN,NaN,2.5,10.0,74.96778,-158.9672,1014.1,139.1,192.5,0.0,0.0,-35.3
417.4583,1999-02-21T10:59:57.12,0.034264497166230486,0.8573839662447265,0.8573839662447265,0.5233121019108384,NaN,-177.23495899681532,0.395,-31.4,NaN,8.45,9.72,-30.1,-29.97,NaN,NaN,2.5,10.0,74.96833,-158.99096,1013.7,142.0,193.0,0.0,0.0,-31.4
417.5,1999-02-21T12:00:00.0,0.03612032427270151,0.8506329113924049,0.8506329113924049,0.45824773413897657,NaN,-168.13225717522658,0.395,-33.1,NaN,8.76,10.02,-30.1,-29.98,NaN,NaN,2.5,10.0,74.96904,-159.01185,1012.8,139.8,192.6,0.0,0.0,-33.1
417.5417,1999-02-21T13:00:02.88,0.034671171680615245,0.8800000000000002,0.8800000000000002,0.5818181818181763,NaN,-174.95272727272732,0.4,-33.0,NaN,8.14,9.46,-30.07,-29.92,NaN,NaN,2.5,10.0,74.9696,-159.03226,1012.1,137.5,192.3,0.0,0.0,-33.0
417.5833,1999-02-21T13:59:57.12,0.041088518548898806,0.8911392405063292,0.8911392405063292,0.5029177718832843,NaN,-146.1952180702918,0.395,-37.7,NaN,8.24,9.56,-29.81,-29.66,NaN,NaN,2.5,10.0,74.9704,-159.05304,1011.4,136.3,192.5,0.0,0.0,-37.7
417.625,1999-02-21T15:00:00.0,0.037487369837978624,0.8954732510288061,0.8954732510288061,0.48905660377358684,NaN,-159.21743167115906,0.405,-37.1,NaN,8.76,10.12,-29.64,-29.5,NaN,NaN,2.5,10.0,74.97095,-159.07297,1011.0,139.6,193.5,0.0,0.0,-37.1
417.6667,1999-02-21T16:00:02.88,0.03079441673375712,0.8096385542168675,0.8096385542168675,0.5263414634146302,NaN,-193.2396004573171,0.415,-32.8,NaN,8.76,10.02,-29.56,-29.43,NaN,NaN,2.5,10.0,74.97186,-159.09604,1010.2,143.7,195.6,0.0,0.0,-32.8
417.7083,1999-02-21T16:59:57.12,0.031723840918539276,0.7298245614035082,0.7298245614035082,0.23384615384614055,NaN,-183.4202123076923,0.38,-26.0,NaN,9.08,10.12,-28.97,-28.92,NaN,NaN,2.5,10.0,74.9727,-159.11919,1009.8,164.2,197.5,0.0,0.0,-26.0
417.75,1999-02-21T18:00:00.0,0.025732985351604655,0.6542222222222221,0.6542222222222221,0.29556650246305843,NaN,-222.80922875615758,0.375,-20.3,NaN,9.18,10.1,-28.59,-28.54,NaN,NaN,2.5,10.0,74.97398,-159.14419,1009.5,170.5,199.6,0.0,0.0,-20.3
417.7917,1999-02-21T19:00:02.88,0.026863422520116982,0.6684444444444441,0.6684444444444441,0.22641509433961782,NaN,-212.60410524764148,0.375,-21.2,NaN,9.08,10.02,-28.49,-28.45,NaN,NaN,2.5,10.0,74.97539,-159.1694,1009.2,170.9,198.0,5.7,4.8,-21.2
417.8333,1999-02-21T19:59:57.12,0.012145772987970246,0.6315789473684201,0.6315789473684201,-0.3648000000000139,NaN,-457.797096,0.38,-10.0,NaN,9.39,10.29,-27.81,-27.84,NaN,NaN,2.5,10.0,74.97693,-159.19455,1008.7,191.0,204.1,23.3,19.5,-10.0
417.875,1999-02-21T21:00:00.0,0.014476540874970755,0.5873417721518993,0.5873417721518993,-0.09432835820896997,NaN,-380.5414819029851,0.395,-13.4,NaN,10.01,10.88,-27.58,-27.59,NaN,NaN,2.5,10.0,74.97868,-159.21976,1008.2,179.8,203.8,40.0,33.6,-13.4
417.9167,1999-02-21T22:00:02.88,0.018777798568830776,0.6164502164502168,0.6164502164502168,0.15304347826089346,NaN,-292.52848206521736,0.385,-16.1,NaN,9.7,10.59,-27.51,-27.49,NaN,NaN,2.5,10.0,74.9804,-159.24396,1007.7,171.0,203.7,39.6,33.9,-16.1
417.9583,1999-02-21T22:59:57.12,0.024921295405681533,0.6794520547945215,0.6794520547945215,0.12835164835164561,NaN,-221.30685515109886,0.365,-18.2,NaN,8.87,9.8,-27.61,-27.59,NaN,NaN,2.5,10.0,74.98186,-159.26734,1006.9,170.6,202.5,34.4,29.8,-18.2
418.0,1999-02-22T00:00:00.0,0.010251330676040624,0.6372294372294371,0.6372294372294371,-0.4199999999999662,NaN,-528.9687046875,0.385,-8.8,NaN,9.18,10.1,-27.19,-27.22,NaN,NaN,2.5,10.0,74.98322,-159.29083,1006.4,195.0,206.0,27.4,23.2,-8.8
420.2083,1999-02-24T04:59:57.12,0.009629449438294463,0.5809523809523812,0.5809523809523812,-0.28903225806466404,NaN,-708.9079741935484,0.28,-3.1,NaN,7.33,7.94,-33.37,-33.38,NaN,NaN,2.5,10.0,75.01365,-159.26108,999.5,135.0,184.4,0.0,0.0,-3.1
420.25,1999-02-24T06:00:00.0,0.029014748992928975,0.5937106918238991,0.5937106918238991,0.10734177215187739,NaN,-239.8521541139241,0.265,-7.9,NaN,6.9,7.49,-33.94,-33.93,NaN,NaN,2.5,10.0,75.01227,-159.24927,1000.2,132.6,182.2,0.0,0.0,-7.9
420.2917,1999-02-24T07:00:02.88,0.04454337887600955,0.6333333333333337,0.6333333333333337,0.34133333333338667,NaN,-157.59359999999998,0.24,-9.0,NaN,6.59,7.16,-34.2,-34.16,NaN,NaN,2.5,10.0,75.01129,-159.23831,1001.0,129.3,180.7,0.0,0.0,-9.0
420.3333,1999-02-24T07:59:57.12,0.06818296302298373,0.7393939393939399,0.7393939393939399,0.4649056603773603,NaN,-103.8782716981132,0.22,-10.6,NaN,5.88,6.49,-34.47,-34.4,NaN,NaN,2.5,10.0,75.01069,-159.22851,1002.0,126.1,178.6,0.0,0.0,-10.6
420.375,1999-02-24T09:00:00.0,0.06985455320033396,0.8000000000000004,0.8000000000000004,0.4748387096774092,NaN,-101.99674596774192,0.23,-12.4,NaN,6.39,7.08,-34.65,-34.57,NaN,NaN,2.5,10.0,75.01011,-159.2198,1003.1,124.3,178.3,0.0,0.0,-12.4
420.4167,1999-02-24T10:00:02.88,0.07214270584217601,0.8000000000000004,0.8000000000000004,0.6324999999999967,NaN,-99.18006093749999,0.23,-12.8,NaN,6.29,6.98,-34.78,-34.67,NaN,NaN,2.5,10.0,75.00986,-159.21161,1003.9,124.7,177.6,0.0,0.0,-12.8
420.4583,1999-02-24T10:59:57.12,0.08596494928088394,0.9015873015873015,0.9015873015873015,0.6951724137930887,NaN,-83.78011551724136,0.21,-11.6,NaN,5.98,6.69,-34.98,-34.86,NaN,NaN,2.5,10.0,75.0095,-159.20254,1004.5,124.7,176.8,0.0,0.0,-11.6
420.5,1999-02-24T12:00:00.0,0.10848757408685795,0.922522522522522,0.922522522522522,0.7695999999999731,NaN,-66.84296512499999,0.185,-10.0,NaN,5.25,5.89,-35.19,-35.06,NaN,NaN,2.5,10.0,75.00923,-159.19351,1005.1,124.6,175.6,0.0,0.0,-10.0
420.5417,1999-02-24T13:00:02.88,0.15114029730852563,1.2333333333333336,1.2333333333333336,1.080888888888876,NaN,-48.537600000000005,0.16,-9.0,NaN,4.74,5.48,-35.55,-35.36,NaN,NaN,2.5,10.0,75.00896,-159.1868,1005.6,125.0,174.4,0.0,0.0,-9.0
420.5833,1999-02-24T13:59:57.12,0.2019495968166411,1.3866666666666656,1.3866666666666656,0.92121212121211,NaN,-36.57272727272727,0.15,-9.9,NaN,4.32,5.1,-35.76,-35.57,NaN,NaN,2.5,10.0,75.0088,-159.18169,1006.5,124.3,172.5,0.0,0.0,-9.9
420.625,1999-02-24T15:00:00.0,0.17750581166740115,1.3247311827956998,1.3247311827956998,0.8783333333333422,NaN,-41.63757734375001,0.155,-9.6,NaN,4.63,5.4,-35.78,-35.61,NaN,NaN,2.5,10.0,75.0089,-159.17685,1007.3,124.2,172.7,0.0,0.0,-9.6
420.6667,1999-02-24T16:00:02.88,0.1989421529629235,1.452873563218391,1.452873563218391,1.1599999999999937,NaN,-37.446122301136356,0.145,-8.8,NaN,4.43,5.22,-36.03,-35.81,NaN,NaN,2.5,10.0,75.00883,-159.17351,1007.8,125.4,172.6,0.0,0.0,-8.8
420.7083,1999-02-24T16:59:57.12,0.37208003242510834,1.6695652173913036,1.6695652173913036,1.0770731707317163,NaN,-20.225782774390247,0.115,-8.2,NaN,3.8,4.52,-36.35,-36.11,NaN,NaN,2.5,10.0,75.00874,-159.17048,1008.4,127.1,171.3,0.0,0.0,-8.2
420.75,1999-02-24T18:00:00.0,0.4036930451414558,1.6888888888888884,1.6888888888888884,1.0265346534653583,NaN,-18.765053465346536,0.12,-10.1,NaN,3.38,4.14,-36.56,-36.29,NaN,NaN,2.5,10.0,75.0086,-159.1678,1009.2,125.5,170.2,0.0,0.8,-10.1
420.7917,1999-02-24T19:00:02.88,0.42024063714744464,2.06060606060606,2.06060606060606,1.3037037037037222,NaN,-18.00793703703704,0.11,-8.1,NaN,3.49,4.34,-36.53,-36.23,NaN,NaN,2.5,10.0,75.00843,-159.16483,1009.9,126.3,171.1,10.5,9.9,-8.1
420.8333,1999-02-24T19:59:57.12,0.32683312315757773,1.842424242424243,1.842424242424243,1.732063492063505,NaN,-23.146723809523813,0.11,-6.3,NaN,3.6,4.36,-36.52,-36.21,NaN,NaN,2.5,10.0,75.00812,-159.16235,1010.6,126.5,171.0,35.1,27.1,-6.3
420.875,1999-02-24T21:00:00.0,0.37036623248292466,2.105263157894737,2.105263157894737,2.1147826086956543,NaN,-20.386886413043484,0.095,-4.6,NaN,3.29,4.04,-36.46,-36.14,NaN,NaN,2.5,10.0,75.00797,-159.16001,1011.2,126.6,171.4,60.3,44.8,-4.6
420.9167,1999-02-24T22:00:02.88,0.45487100599000446,2.48888888888889,2.48888888888889,1.8000000000000256,NaN,-16.689543750000002,0.09,-4.8,NaN,2.88,3.72,-36.63,-36.33,NaN,NaN,2.5,10.0,75.0077,-159.15831,1011.6,126.7,171.4,74.0,54.5,-4.8
421.4167,1999-02-25T10:00:02.88,3.6563393405476377,7.786666666666666,7.786666666666666,3.22424242424242,NaN,-2.1426136363636368,0.05,-6.6,NaN,2.17,3.63,-37.71,-36.38,NaN,NaN,2.5,10.0,75.00349,-159.15838,1017.7,131.6,165.1,0.0,0.0,-6.6
421.6667,1999-02-25T16:00:02.88,1.134982952053535,4.40888888888889,4.40888888888889,2.713043478260873,NaN,-6.95726902173913,0.075,-6.9,NaN,2.42,3.66,-37.93,-37.15,NaN,NaN,2.5,10.0,75.00189,-159.17898,1019.4,135.8,165.9,0.0,0.0,-6.9
421.7083,1999-02-25T16:59:57.12,0.750449258614349,3.2888888888888888,3.2888888888888888,2.041518987341754,NaN,-10.334267088607593,0.09,-7.9,NaN,2.64,3.75,-37.33,-36.77,NaN,NaN,2.5,10.0,75.00173,-159.18355,1019.5,141.0,169.2,0.0,0.0,-7.9
421.75,1999-02-25T18:00:00.0,0.42736790326703583,1.0000000000000004,1.0000000000000004,1.471401869158892,NaN,-17.66435887850467,0.12,-10.7,NaN,3.36,3.81,-36.46,-36.05,NaN,NaN,2.5,10.0,75.00158,-159.18952,1019.8,139.5,171.3,0.0,1.4,-10.7
421.7917,1999-02-25T19:00:02.88,0.45118017419571343,1.9692307692307682,1.9692307692307682,1.5599999999999974,NaN,-16.431729166666663,0.13,-14.4,NaN,3.68,4.64,-35.9,-35.36,NaN,NaN,2.5,10.0,75.00185,-159.19652,1020.2,136.5,172.9,14.6,13.0,-14.4
421.8333,1999-02-25T19:59:57.12,0.32503475859087005,1.9862068965517246,1.9862068965517246,1.0955555555555436,NaN,-22.68685104166666,0.145,-14.4,NaN,4.2,5.28,-35.72,-35.38,NaN,NaN,2.5,10.0,75.00218,-159.20567,1020.1,132.9,174.1,36.3,28.6,-14.4
421.875,1999-02-25T21:00:00.0,0.3024501709710928,1.6551724137931032,1.6551724137931032,0.969552238805974,NaN,-24.352598507462684,0.145,-13.4,NaN,3.89,4.79,-35.68,-35.4,NaN,NaN,2.5,10.0,75.00267,-159.21615,1020.4,131.7,174.2,66.9,50.8,-13.4
421.9167,1999-02-25T22:00:02.88,0.10243108863693978,0.9600000000000006,0.9600000000000006,0.7199999999999772,NaN,-70.37396139705882,0.225,-17.0,NaN,5.13,5.94,-35.01,-34.84,NaN,NaN,2.5,10.0,75.00344,-159.22831,1020.2,131.9,176.8,79.9,60.1,-17.0
421.9583,1999-02-25T22:59:57.12,0.06557420853377308,0.7540229885057474,0.7540229885057474,0.6741880341880127,NaN,-106.34229358974358,0.29,-23.4,NaN,6.37,7.19,-34.01,-33.84,NaN,NaN,2.5,10.0,75.00433,-159.24146,1019.6,133.8,179.5,76.1,57.3,-23.4
422.0,1999-02-26T00:00:00.0,0.12306480061247249,1.066666666666667,1.066666666666667,0.6427350427350518,NaN,-56.07107532051282,0.235,-23.4,NaN,6.17,7.11,-33.7,-33.5,NaN,NaN,2.5,10.0,75.00526,-159.25642,1019.7,133.5,179.8,31.9,27.4,-23.4
422.0417,1999-02-26T01:00:02.88,0.10408914293515381,0.879012345679012,0.879012345679012,0.6335999999999967,NaN,-66.62695500000001,0.27,-30.0,NaN,6.17,7.06,-33.85,-33.63,NaN,NaN,2.5,10.0,75.00654,-159.27425,1019.4,139.3,179.9,12.2,12.1,-30.0
422.0833,1999-02-26T01:59:57.12,0.02696359791852597,0.705376344086021,0.705376344086021,0.16813559322030552,NaN,-249.7899610169491,0.31,-11.8,NaN,7.62,8.44,-32.98,-32.96,NaN,NaN,2.5,10.0,75.00813,-159.29396,1019.0,188.2,188.7,5.1,4.5,-11.8
422.1667,1999-02-26T04:00:02.88,0.01021508694427849,0.5400843881856544,0.5400843881856544,-0.4034042553191165,NaN,-570.6008533244682,0.395,-9.4,NaN,9.7,10.5,-29.01,-29.04,NaN,NaN,2.5,10.0,75.01247,-159.34421,1018.3,210.2,201.9,0.3,0.0,-9.4
422.2083,1999-02-26T04:59:57.12,0.004848904287018598,0.5460317460317456,0.5460317460317456,-0.7466666666666065,NaN,-1126.5492,0.42,-5.4,NaN,10.32,11.18,-27.37,-27.4,NaN,NaN,2.5,10.0,75.01493,-159.37339,1017.7,218.7,207.2,0.0,0.0,-5.4
422.5417,1999-02-26T13:00:02.88,0.006469336119420798,0.6482051282051289,0.6482051282051289,-0.9176470588235643,NaN,-691.2068933823531,0.325,-3.4,NaN,8.35,9.14,-22.82,-22.85,NaN,NaN,2.5,10.0,75.03993,-159.59293,1014.3,224.4,221.8,0.0,0.0,-3.4
422.5833,1999-02-26T13:59:57.12,0.009497982776954923,0.6482051282051289,0.6482051282051289,-0.41599999999999115,NaN,-461.57596875000013,0.325,-5.0,NaN,8.35,9.14,-22.41,-22.43,NaN,NaN,2.5,10.0,75.04341,-159.61182,1013.9,222.4,223.0,0.0,0.0,-5.0
422.625,1999-02-26T15:00:00.0,0.014958268599360686,0.6804597701149427,0.6804597701149427,-0.16571428571425276,NaN,-289.66292678571426,0.29,-5.6,NaN,7.32,8.06,-22.17,-22.18,NaN,NaN,2.5,10.0,75.04667,-159.63054,1013.6,224.7,224.2,0.0,0.0,-5.6
422.6667,1999-02-26T16:00:02.88,0.020721465482872608,0.6769230769230761,0.6769230769230761,0.0,NaN,-204.79178571428574,0.26,-5.6,NaN,7.11,7.77,-21.75,-21.75,NaN,NaN,2.5,10.0,75.04959,-159.64885,1013.3,226.2,225.7,0.0,0.0,-5.6
422.7083,1999-02-26T16:59:57.12,0.030218156606466234,0.7111111111111118,0.7111111111111118,-0.13584905660374658,NaN,-137.91252948113208,0.225,-5.3,NaN,6.38,6.98,-21.39,-21.4,NaN,NaN,2.5,10.0,75.05251,-159.66735,1013.1,226.7,226.8,0.0,0.0,-5.3
422.75,1999-02-26T18:00:00.0,0.03649046759378658,0.8533333333333342,0.8533333333333342,-0.14222222222224445,NaN,-112.58666666666669,0.2,-4.5,NaN,5.55,6.19,-21.11,-21.12,NaN,NaN,2.5,10.0,75.05516,-159.68455,1012.9,230.5,228.1,0.2,0.3,-4.5
422.7917,1999-02-26T19:00:02.88,0.010972881726641761,0.7716312056737585,0.7716312056737585,-1.3672727272726979,NaN,-363.4984806818181,0.235,-2.2,NaN,6.38,7.06,-20.54,-20.58,NaN,NaN,2.5,10.0,75.05781,-159.701,1012.0,240.1,231.0,12.6,11.1,-2.2
422.8333,1999-02-26T19:59:57.12,0.01066753446228958,0.6974358974358971,0.6974358974358971,-1.1475862068966292,NaN,-368.00507586206896,0.26,-2.9,NaN,6.58,7.26,-20.24,-20.28,NaN,NaN,2.5,10.0,75.06052,-159.7168,1011.7,231.8,231.4,24.9,21.9,-2.9
422.875,1999-02-26T21:00:00.0,0.020268963404846994,0.6379084967320255,0.6379084967320255,0.0,NaN,-193.04546971153843,0.255,-5.2,NaN,6.48,7.09,-20.18,-20.18,NaN,NaN,2.5,10.0,75.06308,-159.73094,1011.6,225.6,231.3,33.3,30.0,-5.2
423.3333,1999-02-27T07:59:57.12,0.0726924807578449,1.1946666666666659,1.1946666666666659,0.0,NaN,-52.73437499999999,0.125,-2.2,NaN,3.79,4.35,-19.8,-19.8,NaN,NaN,2.5,10.0,75.08198,-159.80141,1011.2,217.9,231.5,0.0,0.0,-2.2
426.5417,1999-03-02T13:00:02.88,1.181728762772147,1.3000000000000005,1.3000000000000005,2.7022222222222303,NaN,-5.191680000000001,0.08,-9.0,NaN,2.29,2.68,-30.42,-29.47,NaN,NaN,2.5,10.0,75.14773,-159.56323,1032.5,157.6,189.4,0.0,0.0,-9.0
426.5833,1999-03-02T13:59:57.12,0.9214524764005112,1.299999999999999,1.299999999999999,2.925714285714288,NaN,-6.793508571428573,0.08,-7.0,NaN,2.14,2.53,-30.96,-30.16,NaN,NaN,2.5,10.0,75.14812,-159.5695,1032.5,167.4,191.1,0.0,0.0,-7.0
426.7083,1999-03-02T16:59:57.12,0.1337843918817317,0.6000000000000001,0.6000000000000001,0.32914285714283065,NaN,-37.96169142857142,0.12,-3.5,NaN,2.69,2.96,-25.63,-25.6,NaN,NaN,2.5,10.0,75.1497,-159.58835,1032.1,205.3,213.2,0.0,0.0,-3.5
426.75,1999-03-02T18:00:00.0,0.38115048500525023,1.0666666666666662,1.0666666666666662,3.2914285714285745,NaN,-13.668749999999996,0.09,-4.2,NaN,2.48,2.84,-26.25,-25.77,NaN,NaN,2.5,10.0,75.15033,-159.59356,1032.1,183.5,205.0,3.6,3.6,-4.2
426.875,1999-03-02T21:00:00.0,0.7492055245434137,4.333333333333334,4.333333333333334,6.488275862068976,NaN,-7.0629517241379345,0.08,-5.8,NaN,2.19,3.49,-26.67,-25.2,NaN,NaN,2.5,10.0,75.15018,-159.60394,1031.8,194.6,209.4,106.1,85.3,-5.8
426.9167,1999-03-02T22:00:02.88,0.10461980951807003,1.0285714285714287,1.0285714285714287,0.5090909090908802,NaN,-42.245127272727274,0.14,-4.4,NaN,2.89,3.43,-22.58,-22.53,NaN,NaN,2.5,10.0,75.14974,-159.60686,1031.8,216.3,222.8,72.4,62.5,-4.4
426.9583,1999-03-02T22:59:57.12,0.15450860357770108,1.2923076923076928,1.2923076923076928,0.6400000000000148,NaN,-28.810275000000004,0.13,-5.2,NaN,2.78,3.41,-22.73,-22.65,NaN,NaN,2.5,10.0,75.14921,-159.61096,1031.7,201.8,219.7,71.8,61.7,-5.2
427.0,1999-03-03T00:00:00.0,1.45969358534212,4.761904761904761,4.761904761904761,3.0947368421052555,NaN,-3.451211842105264,0.07,-7.6,NaN,2.43,3.68,-25.49,-24.44,NaN,NaN,2.5,10.0,75.14878,-159.615,1031.5,162.2,200.5,46.5,41.9,-7.6
427.0417,1999-03-03T01:00:02.88,0.6253026018674858,2.8800000000000003,2.8800000000000003,1.6680851063829734,NaN,-8.811702127659576,0.1,-9.4,NaN,2.81,3.89,-27.61,-27.12,NaN,NaN,2.5,10.0,75.14851,-159.62105,1031.4,161.9,198.8,42.6,37.5,-9.4
427.0833,1999-03-03T01:59:57.12,0.2701971092266584,1.9619047619047614,1.9619047619047614,1.210810810810814,NaN,-21.15104864864865,0.14,-11.1,NaN,3.15,4.18,-28.52,-28.22,NaN,NaN,2.5,10.0,75.14832,-159.62599,1031.1,165.8,198.0,16.8,14.5,-11.1
427.125,1999-03-03T03:00:00.0,0.10880842101312219,1.2235294117647062,1.2235294117647062,0.9520000000000038,NaN,-52.58138250000002,0.17,-8.0,NaN,3.34,4.12,-28.54,-28.4,NaN,NaN,2.5,10.0,75.14806,-159.63028,1031.2,171.8,199.4,2.4,2.0,-8.0
427.1667,1999-03-03T04:00:02.88,0.4137300037248662,2.0363636363636375,2.0363636363636375,1.0731707317073171,NaN,-14.516015853658535,0.11,-8.2,NaN,2.82,3.66,-29.81,-29.56,NaN,NaN,2.5,10.0,75.1479,-159.63455,1031.1,158.0,192.7,0.0,0.0,-8.2
427.2083,1999-03-03T04:59:57.12,0.5733055567014562,2.186666666666666,2.186666666666666,1.35529411764707,NaN,-10.912941176470591,0.1,-8.5,NaN,2.68,3.5,-30.92,-30.56,NaN,NaN,2.5,10.0,75.14785,-159.6382,1030.9,153.4,188.9,0.0,0.0,-8.5
427.25,1999-03-03T06:00:00.0,0.7328193810854817,2.2222222222222223,2.2222222222222223,1.312405063291137,NaN,-8.7341582278481,0.09,-7.9,NaN,2.45,3.2,-31.55,-31.19,NaN,NaN,2.5,10.0,75.14772,-159.64166,1030.9,158.7,188.6,0.0,0.0,-7.9
427.2917,1999-03-03T07:00:02.88,0.3504317540135606,1.2266666666666666,1.2266666666666666,0.8000000000000159,NaN,-17.65384615384616,0.1,-5.2,NaN,2.46,2.92,-30.6,-30.47,NaN,NaN,2.5,10.0,75.1476,-159.64371,1030.7,170.0,193.2,0.0,0.0,-5.2
427.3333,1999-03-03T07:59:57.12,0.2693242185891364,0.9333333333333336,0.9333333333333336,0.48000000000001825,NaN,-22.762500000000003,0.1,-4.0,NaN,2.65,3.0,-30.35,-30.29,NaN,NaN,2.5,10.0,75.14748,-159.64454,1030.7,176.5,195.4,0.0,0.0,-4.0
427.4167,1999-03-03T10:00:02.88,0.20062170231911325,0.8800000000000002,0.8800000000000002,0.4266666666666576,NaN,-28.680000000000003,0.1,-3.0,NaN,2.57,2.9,-28.68,-28.64,NaN,NaN,2.5,10.0,75.14744,-159.64896,1030.8,183.2,200.2,0.0,0.0,-3.0
427.7083,1999-03-03T16:59:57.12,1.1942567795353105,3.199999999999999,3.199999999999999,1.4769230769230806,NaN,-4.338276923076923,0.06,-3.9,NaN,2.1,2.82,-26.11,-25.81,NaN,NaN,2.5,10.0,75.14622,-159.66291,1030.5,180.3,203.4,0.0,0.0,-3.9
429.5833,1999-03-05T13:59:57.12,1.0095941926919727,4.000000000000001,4.000000000000001,2.658461538461535,NaN,-5.285415384615385,0.08,-7.8,NaN,3.09,4.29,-26.84,-26.03,NaN,NaN,2.5,10.0,75.16878,-159.79598,1044.0,160.8,195.9,0.0,0.0,-7.8
429.625,1999-03-05T15:00:00.0,2.1720797795431945,6.441025641025641,6.441025641025641,2.7811235955056213,NaN,-2.7585926966292136,0.065,-8.9,NaN,2.87,4.44,-29.8,-28.61,NaN,NaN,2.5,10.0,75.16975,-159.80099,1043.9,151.8,187.3,0.0,0.0,-8.9
429.6667,1999-03-05T16:00:02.88,0.6472844240999629,2.9066666666666663,2.9066666666666663,1.533333333333336,NaN,-9.653125000000003,0.1,-9.6,NaN,3.08,4.17,-30.89,-30.43,NaN,NaN,2.5,10.0,75.1707,-159.80596,1044.2,153.0,187.9,0.0,0.0,-9.6
429.7083,1999-03-05T16:59:57.12,0.4738626295750024,2.4242424242424256,2.4242424242424256,1.3247311827957042,NaN,-13.8424,0.11,-9.3,NaN,3.07,4.07,-32.24,-31.89,NaN,NaN,2.5,10.0,75.17193,-159.81212,1044.5,159.7,186.3,0.0,0.0,-9.3
429.8333,1999-03-05T19:59:57.12,0.12558212871234312,0.6153846153846149,0.6153846153846149,0.3043902439024146,NaN,-48.54834146341464,0.13,-4.1,NaN,3.58,3.88,-30.2,-30.17,NaN,NaN,2.5,10.0,75.17656,-159.82989,1044.6,168.5,195.0,66.9,55.1,-4.1
429.875,1999-03-05T21:00:00.0,0.20255998342353168,0.7272727272727268,0.7272727272727268,0.6160000000000024,NaN,-30.5564325,0.11,-4.0,NaN,2.95,3.25,-30.61,-30.54,NaN,NaN,2.5,10.0,75.17844,-159.83502,1044.6,165.3,193.5,98.5,77.8,-4.0
429.9167,1999-03-05T22:00:02.88,0.15611286415831968,0.8222222222222216,0.8222222222222216,0.6720000000000026,NaN,-39.852,0.12,-4.0,NaN,2.95,3.32,-30.75,-30.68,NaN,NaN,2.5,10.0,75.18014,-159.84042,1044.4,160.1,193.0,125.7,96.9,-4.0
429.9583,1999-03-05T22:59:57.12,0.18277868598676095,1.1878787878787873,1.1878787878787873,0.8799999999999986,NaN,-34.66145833333333,0.11,-3.6,NaN,3.27,3.76,-31.25,-31.16,NaN,NaN,2.5,10.0,75.18231,-159.84562,1044.1,157.2,191.5,112.9,93.7,-3.6
430.0833,1999-03-06T01:59:57.12,0.6447294688998195,2.8,2.8,1.7178947368421107,NaN,-10.260000000000003,0.1,-9.5,NaN,3.09,4.14,-32.49,-31.98,NaN,NaN,2.5,10.0,75.18771,-159.86085,1043.0,148.5,184.0,19.3,17.3,-9.5
430.2917,1999-03-06T07:00:02.88,0.26172344011014825,1.6500000000000004,1.6500000000000004,0.8478980891719682,NaN,-26.477900636942678,0.16,-15.7,NaN,4.21,5.2,-33.83,-33.57,NaN,NaN,2.5,10.0,75.19891,-159.89024,1041.5,144.6,179.9,0.0,0.0,-15.7
430.3333,1999-03-06T07:59:57.12,0.22711895983683714,1.5333333333333332,1.5333333333333332,0.9411764705882353,NaN,-30.945882352941176,0.16,-13.6,NaN,4.01,4.93,-34.25,-34.0,NaN,NaN,2.5,10.0,75.20196,-159.89751,1041.4,145.4,179.9,0.0,0.0,-13.6
430.375,1999-03-06T09:00:00.0,0.1880684221079834,1.3333333333333341,1.3333333333333341,0.7656296296296207,NaN,-37.51348444444445,0.17,-13.5,NaN,4.52,5.37,-34.36,-34.17,NaN,NaN,2.5,10.0,75.20513,-159.90396,1041.1,146.3,180.1,0.0,0.0,-13.5
430.4167,1999-03-06T10:00:02.88,0.15735474754118933,1.25925925925926,1.25925925925926,0.7737313432835808,NaN,-45.04567164179104,0.18,-13.4,NaN,4.52,5.37,-34.5,-34.32,NaN,NaN,2.5,10.0,75.20832,-159.90932,1040.7,145.5,179.2,0.0,0.0,-13.4
430.4583,1999-03-06T10:59:57.12,0.10411909888388983,1.1030303030303032,1.1030303030303032,0.6953086419753247,NaN,-67.67395555555555,0.22,-16.2,NaN,5.25,6.16,-34.32,-34.16,NaN,NaN,2.5,10.0,75.21193,-159.91539,1040.0,144.7,180.3,0.0,0.0,-16.2
430.5,1999-03-06T12:00:00.0,0.1091488516394146,0.9696969696969696,0.9696969696969696,0.5383529411764812,NaN,-64.00074352941176,0.22,-17.0,NaN,5.76,6.56,-34.06,-33.93,NaN,NaN,2.5,10.0,75.21554,-159.92219,1039.6,146.1,182.0,0.0,0.0,-17.0
430.5417,1999-03-06T13:00:02.88,0.1418469739730323,1.2266666666666666,1.2266666666666666,0.5783132530120427,NaN,-49.22891566265061,0.2,-16.6,NaN,5.24,6.16,-34.05,-33.9,NaN,NaN,2.5,10.0,75.219,-159.92899,1039.1,146.9,181.8,0.0,0.0,-16.6
430.5833,1999-03-06T13:59:57.12,0.13046524013665944,1.1508771929824555,1.1508771929824555,0.6497709923664148,NaN,-53.20175496183206,0.19,-13.1,NaN,5.24,6.06,-33.87,-33.73,NaN,NaN,2.5,10.0,75.22254,-159.93667,1038.7,149.0,182.2,0.0,0.0,-13.1
430.625,1999-03-06T15:00:00.0,0.0916792744539746,0.9818181818181825,0.9818181818181825,0.5415384615384586,NaN,-75.28061538461539,0.22,-14.3,NaN,5.76,6.57,-33.7,-33.59,NaN,NaN,2.5,10.0,75.2263,-159.94552,1038.1,151.1,183.0,0.0,0.0,-14.3
430.6667,1999-03-06T16:00:02.88,0.043758960218798076,0.6974358974358971,0.6974358974358971,0.2945132743363292,NaN,-153.7511150442478,0.26,-11.3,NaN,6.37,7.05,-32.95,-32.91,NaN,NaN,2.5,10.0,75.23023,-159.9564,1037.5,158.6,186.6,0.0,0.0,-11.3
430.7083,1999-03-06T16:59:57.12,0.05033783577662131,0.7044025157232705,0.7044025157232705,0.3686956521739271,NaN,-130.7528434782609,0.265,-13.8,NaN,6.79,7.49,-32.32,-32.26,NaN,NaN,2.5,10.0,75.23447,-159.96713,1036.9,155.8,188.0,1.5,0.7,-13.8
430.75,1999-03-06T18:00:00.0,0.05627924388195745,0.6666666666666661,0.6666666666666661,0.39890410958904277,NaN,-115.06260821917809,0.26,-14.6,NaN,6.69,7.34,-31.86,-31.79,NaN,NaN,2.5,10.0,75.23901,-159.97878,1036.5,156.3,188.8,11.3,9.4,-14.6
430.7917,1999-03-06T19:00:02.88,0.0168154318740003,0.659887005649718,0.659887005649718,0.147500000000023,NaN,-370.1635570312499,0.295,-6.4,NaN,7.51,8.24,-30.76,-30.75,NaN,NaN,2.5,10.0,75.2439,-159.98998,1036.2,167.5,193.6,30.5,25.6,-6.4
430.8333,1999-03-06T19:59:57.12,0.02022042848711163,0.5635220125786159,0.5635220125786159,0.0,NaN,-297.3884537946429,0.265,-5.6,NaN,7.08,7.64,-29.83,-29.83,NaN,NaN,2.5,10.0,75.24935,-160.00018,1035.8,161.5,196.1,75.4,61.5,-5.6
430.875,1999-03-06T21:00:00.0,0.05786387262765239,0.7757575757575754,0.7757575757575754,0.22956521739131308,NaN,-100.79720869565219,0.22,-9.2,NaN,6.36,7.0,-29.03,-29.0,NaN,NaN,2.5,10.0,75.25483,-160.00936,1035.5,154.3,197.2,113.5,90.4,-9.2
430.9167,1999-03-06T22:00:02.88,0.04780567919897726,0.8197530864197522,0.8197530864197522,0.3676595744680773,NaN,-118.0142425531915,0.27,-14.1,NaN,6.69,7.52,-28.18,-28.12,NaN,NaN,2.5,10.0,75.26029,-160.01785,1035.2,152.9,199.3,126.6,98.6,-14.1
430.9583,1999-03-06T22:59:57.12,0.03527843414179275,0.711111111111111,0.711111111111111,0.40279720279719416,NaN,-157.01538461538462,0.3,-14.3,NaN,7.31,8.11,-27.72,-27.66,NaN,NaN,2.5,10.0,75.26568,-160.0254,1034.6,152.7,201.4,127.4,99.6,-14.3
431.0,1999-03-07T00:00:00.0,0.04502805550384801,0.9086419753086418,0.9086419753086418,0.4547368421052419,NaN,-123.55892255639098,0.27,-13.3,NaN,7.0,7.92,-27.83,-27.76,NaN,NaN,2.5,10.0,75.27083,-160.03344,1033.8,148.5,200.3,115.0,89.1,-13.3
431.0417,1999-03-07T01:00:02.88,0.04431930409278886,0.9287356321839079,0.9287356321839079,0.5155555555555548,NaN,-127.13895370370368,0.29,-16.2,NaN,7.0,8.01,-28.15,-28.06,NaN,NaN,2.5,10.0,75.27598,-160.04246,1032.9,149.5,199.3,81.4,64.4,-16.2
431.0833,1999-03-07T01:59:57.12,0.05897244337431189,0.8344086021505368,0.8344086021505368,0.45090909090909465,NaN,-93.16458181818183,0.31,-26.4,NaN,7.73,8.7,-27.52,-27.4,NaN,NaN,2.5,10.0,75.28101,-160.05184,1032.1,151.3,200.9,36.0,29.1,-26.4
431.125,1999-03-07T03:00:00.0,0.06838127605030546,0.880000000000001,0.880000000000001,0.5179856115107864,NaN,-78.78561151079136,0.3,-27.8,NaN,7.72,8.71,-27.04,-26.89,NaN,NaN,2.5,10.0,75.28599,-160.06259,1031.6,151.9,201.7,6.9,5.8,-27.8
431.1667,1999-03-07T04:00:02.88,0.054901159599324484,0.7999999999999992,0.7999999999999992,0.4912177121771315,NaN,-97.65105830258302,0.32,-27.1,NaN,7.82,8.78,-26.92,-26.79,NaN,NaN,2.5,10.0,75.29084,-160.07218,1031.0,153.1,202.3,0.0,0.0,-27.1
431.2083,1999-03-07T04:59:57.12,0.07539440540700222,0.9379310344827584,0.9379310344827584,0.5360288808664264,NaN,-71.13311588447652,0.29,-27.7,NaN,7.0,8.02,-26.93,-26.77,NaN,NaN,2.5,10.0,75.29565,-160.08211,1030.7,153.8,201.5,0.0,0.0,-27.7
431.25,1999-03-07T06:00:00.0,0.06992663381519697,0.9287356321839079,0.9287356321839079,0.541634241245131,NaN,-76.41254007782099,0.29,-25.7,NaN,7.1,8.11,-26.84,-26.69,NaN,NaN,2.5,10.0,75.30083,-160.0939,1030.2,156.2,201.9,0.0,0.0,-25.7
431.2917,1999-03-07T07:00:02.88,0.04852986290793661,0.775757575757575,0.775757575757575,0.48182509505702403,NaN,-109.24574714828897,0.33,-26.3,NaN,8.24,9.2,-26.65,-26.53,NaN,NaN,2.5,10.0,75.30651,-160.10546,1029.5,157.6,203.8,0.0,0.0,-26.3
431.3333,1999-03-07T07:59:57.12,0.05461994449902612,0.7607843137254906,0.7607843137254906,0.4029629629629663,NaN,-96.25840740740743,0.34,-32.4,NaN,8.34,9.31,-26.45,-26.33,NaN,NaN,2.5,10.0,75.3124,-160.1166,1028.9,156.0,204.3,0.0,0.0,-32.4
431.375,1999-03-07T09:00:00.0,0.06905814016208045,0.8516129032258074,0.8516129032258074,0.5103536977491966,NaN,-74.91813858520901,0.31,-31.1,NaN,7.72,8.71,-26.07,-25.91,NaN,NaN,2.5,10.0,75.31824,-160.12508,1028.8,155.6,204.2,0.0,0.0,-31.1
431.4167,1999-03-07T10:00:02.88,0.048251512618283726,0.8380952380952378,0.8380952380952378,0.5725239616613423,NaN,-106.26972843450477,0.35,-31.3,NaN,8.34,9.44,-25.86,-25.7,NaN,NaN,2.5,10.0,75.32388,-160.13124,1028.2,156.7,205.7,0.0,0.0,-31.3
431.4583,1999-03-07T10:59:57.12,0.0473026607069307,0.8380952380952378,0.8380952380952378,0.547231270358314,NaN,-107.80199511400649,0.35,-30.7,NaN,8.24,9.34,-25.73,-25.58,NaN,NaN,2.5,10.0,75.32915,-160.13599,1027.5,157.2,206.6,0.0,0.0,-30.7
431.5,1999-03-07T12:00:00.0,0.055689864957956095,0.8705882352941172,0.8705882352941172,0.5571084337349337,NaN,-89.6415325301205,0.34,-33.2,NaN,8.33,9.44,-25.24,-25.07,NaN,NaN,2.5,10.0,75.3343,-160.13991,1026.8,157.5,207.4,0.0,0.0,-33.2
431.5417,1999-03-07T13:00:02.88,0.061534506848236775,0.8666666666666666,0.8666666666666666,0.6358169934640565,NaN,-80.69923137254902,0.32,-30.6,NaN,7.81,8.85,-25.12,-24.93,NaN,NaN,2.5,10.0,75.33922,-160.1434,1026.3,157.3,207.3,0.0,0.0,-30.6
431.5833,1999-03-07T13:59:57.12,0.0644554160227165,0.8946236559139779,0.8946236559139779,0.6136082474226794,NaN,-78.1936969072165,0.31,-29.1,NaN,7.4,8.44,-25.46,-25.28,NaN,NaN,2.5,10.0,75.34371,-160.14659,1026.0,157.9,206.3,0.0,0.0,-29.1
431.625,1999-03-07T15:00:00.0,0.07785961191870999,0.9619047619047616,0.9619047619047616,0.7610810810810772,NaN,-64.83891891891894,0.28,-25.9,NaN,6.57,7.58,-25.5,-25.28,NaN,NaN,2.5,10.0,75.34805,-160.14971,1025.6,158.5,205.1,0.0,0.0,-25.9
431.6667,1999-03-07T16:00:02.88,0.10505952248450488,0.9435897435897443,0.9435897435897443,0.6834285714285727,NaN,-47.71883999999999,0.26,-28.0,NaN,6.56,7.48,-25.34,-25.11,NaN,NaN,2.5,10.0,75.35243,-160.15592,1025.3,157.8,206.3,0.0,0.0,-28.0
431.7083,1999-03-07T16:59:57.12,0.09175560503765046,0.9543859649122812,0.9543859649122812,0.5098136645962724,NaN,-54.73833470496893,0.285,-32.2,NaN,7.29,8.31,-25.38,-25.2,NaN,NaN,2.5,10.0,75.35666,-160.16425,1025.0,157.5,206.4,0.9,1.0,-32.2
431.75,1999-03-07T18:00:00.0,0.09689864696934306,0.9948717948717946,0.9948717948717946,0.5482170542635714,NaN,-52.21706976744186,0.26,-25.8,NaN,6.98,7.95,-25.55,-25.38,NaN,NaN,2.5,10.0,NaN,NaN,1024.6,157.6,205.5,18.7,14.4,-25.8
431.7917,1999-03-07T19:00:02.88,0.07613712143252677,0.8790123456790128,0.8790123456790128,0.6851101321585893,NaN,-66.54067929515419,0.27,-22.7,NaN,6.76,7.65,-25.58,-25.4,NaN,NaN,2.5,10.0,NaN,NaN,1024.2,157.9,206.0,59.9,45.0,-22.7
431.8333,1999-03-07T19:59:57.12,0.0683455173141547,0.8790123456790128,0.8790123456790128,0.6776470588235302,NaN,-73.20339264705882,0.27,-20.4,NaN,6.76,7.65,-25.29,-25.13,NaN,NaN,2.5,10.0,NaN,NaN,1023.8,158.2,207.6,105.8,77.1,-20.4
431.875,1999-03-07T21:00:00.0,0.05339762346283538,0.7428571428571431,0.7428571428571431,0.6040449438202298,NaN,-92.235397752809,0.28,-17.8,NaN,6.67,7.45,-24.93,-24.81,NaN,NaN,2.5,10.0,NaN,NaN,1023.5,158.0,209.3,138.2,100.8,-17.8
431.9167,1999-03-07T22:00:02.88,0.0778559324085112,1.0434782608695656,1.0434782608695656,0.6644444444444576,NaN,-62.533310416666666,0.23,-14.4,NaN,5.83,6.73,-24.67,-24.54,NaN,NaN,2.5,10.0,NaN,NaN,1023.2,158.4,210.0,155.7,113.4,-14.4
431.9583,1999-03-07T22:59:57.12,0.08828968487374017,1.1030303030303032,1.1030303030303032,0.7876923076923084,NaN,-54.79624615384615,0.22,-14.3,NaN,5.43,6.34,-24.53,-24.37,NaN,NaN,2.5,10.0,75.35979,-160.17001,1022.7,158.2,209.9,149.7,111.6,-14.3
432.75,1999-03-08T18:00:00.0,0.680482910173986,2.177777777777779,2.177777777777779,1.7454545454545702,NaN,-8.403381818181817,0.06,-2.2,NaN,2.17,2.66,-28.53,-28.33,NaN,NaN,2.5,10.0,75.42934,-160.28521,1015.2,204.1,203.6,38.5,30.8,-2.2
432.9583,1999-03-08T22:59:57.12,0.479187326430144,2.2095238095238097,2.2095238095238097,1.075200000000009,NaN,-10.092432000000002,0.07,-2.5,NaN,2.36,2.94,-24.52,-24.4,NaN,NaN,2.5,10.0,75.43929,-160.29762,1013.9,179.2,212.5,116.5,95.7,-2.5
433.0,1999-03-09T00:00:00.0,0.11026415957850562,1.2000000000000002,1.2000000000000002,0.2648275862068909,NaN,-43.456220689655176,0.12,-2.9,NaN,3.09,3.63,-24.31,-24.29,NaN,NaN,2.5,10.0,75.44159,-160.29798,1013.5,206.5,215.8,74.2,64.1,-2.9
433.2917,1999-03-09T07:00:02.88,0.04601548424060127,0.8156862745098047,0.8156862745098047,0.15542857142859573,NaN,-84.34919142857146,0.17,-3.5,NaN,3.67,4.19,-20.03,-20.02,NaN,NaN,2.5,10.0,75.4555,-160.30091,1011.9,220.5,230.5,0.3,0.4,-3.5
433.3333,1999-03-09T07:59:57.12,0.28087687182531834,1.5777777777777777,1.5777777777777777,0.7168000000000029,NaN,-14.217984000000001,0.12,-7.5,NaN,3.17,3.88,-20.57,-20.43,NaN,NaN,2.5,10.0,75.45762,-160.30259,1011.7,210.5,226.0,0.0,0.3,-7.5
433.375,1999-03-09T09:00:00.0,0.09054762245730161,1.0370370370370372,1.0370370370370372,0.21073170731708118,NaN,-41.13693658536585,0.18,-8.2,NaN,3.76,4.46,-19.28,-19.25,NaN,NaN,2.5,10.0,75.45968,-160.30384,1011.5,240.5,234.1,1.3,0.8,-8.2
433.4167,1999-03-09T10:00:02.88,0.05758732022307014,0.8133333333333326,0.8133333333333326,-0.08888888888887121,NaN,-58.73333333333334,0.2,-7.2,NaN,4.15,4.76,-17.62,-17.63,NaN,NaN,2.5,10.0,75.46174,-160.30511,1011.3,248.9,240.3,1.3,0.8,-7.2
433.4583,1999-03-09T10:59:57.12,0.04921967399777907,0.9925925925925931,0.9925925925925931,-0.3840000000000146,NaN,-65.39616,0.18,-4.5,NaN,3.86,4.53,-16.82,-16.85,NaN,NaN,2.5,10.0,75.46372,-160.30518,1011.0,257.7,243.8,1.3,0.7,-4.5
433.5,1999-03-09T12:00:00.0,0.04562787065928676,0.8845528455284555,0.8845528455284555,-0.42322580645160385,NaN,-63.571285282258046,0.205,-6.2,NaN,3.94,4.62,-15.25,-15.29,NaN,NaN,2.5,10.0,75.46553,-160.30473,1010.6,262.3,249.2,1.5,0.8,-6.2
433.5417,1999-03-09T13:00:02.88,0.08499816934487468,1.508045977011494,1.508045977011494,-0.11317073170733476,NaN,-32.233632621951216,0.145,-4.1,NaN,3.4,4.22,-14.45,-14.46,NaN,NaN,2.5,10.0,75.46715,-160.30422,1010.4,259.0,251.8,1.1,0.5,-4.1
433.5833,1999-03-09T13:59:57.12,0.050127770392123794,0.9725490196078432,0.9725490196078432,0.13948717948717654,NaN,-53.81624615384617,0.17,-3.9,NaN,3.19,3.81,-14.24,-14.23,NaN,NaN,2.5,10.0,75.46883,-160.30215,1010.2,258.3,252.2,0.9,0.4,-3.9
433.9583,1999-03-09T22:59:57.12,0.03413842475936355,0.7529411764705882,0.7529411764705882,0.6276923076923316,NaN,-111.73295769230772,0.17,-2.6,NaN,2.96,3.44,-19.71,-19.68,NaN,NaN,2.5,10.0,75.47789,-160.28836,1012.2,209.6,232.3,79.8,69.3,-2.6
434.125,1999-03-10T03:00:00.0,1.1456977968967137,4.977777777777778,4.977777777777778,4.143157894736843,NaN,-3.8368421052631576,0.06,-3.8,NaN,1.93,3.05,-22.5,-21.68,NaN,NaN,2.5,10.0,75.47929,-160.28542,1013.1,177.5,214.7,11.5,10.5,-3.8
434.25,1999-03-10T06:00:00.0,1.5341167066382984,4.16969696969697,4.16969696969697,3.6553846153846097,NaN,-3.036983653846154,0.055,-3.9,NaN,2.04,2.9,-23.73,-22.92,NaN,NaN,2.5,10.0,75.48026,-160.28418,1013.6,200.9,215.8,0.7,0.1,-3.9
436.75,1999-03-12T18:00:00.0,0.05842979632719422,1.0567901234567902,1.0567901234567902,0.6274860335195485,NaN,-61.82001452513966,0.27,-17.9,NaN,6.46,7.53,-18.74,-18.61,NaN,NaN,2.5,10.0,75.6071,-160.34869,1012.9,187.9,231.9,29.8,24.3,-17.9
436.8333,1999-03-12T19:59:57.12,0.4485965302540335,2.5555555555555554,2.5555555555555554,1.7747899159663887,NaN,-9.771186554621847,0.12,-11.9,NaN,3.39,4.54,-22.43,-21.88,NaN,NaN,2.5,10.0,75.61171,-160.36026,1012.2,173.9,215.9,131.1,107.5,-11.9
436.875,1999-03-12T21:00:00.0,0.49119287421239965,2.787878787878789,2.787878787878789,1.513599999999999,NaN,-9.295704,0.11,-10.0,-0.2,3.29,4.44,-23.28,-22.85,NaN,NaN,2.5,10.0,75.61382,-160.36651,1011.8,172.4,213.9,163.0,133.5,-10.0
436.9167,1999-03-12T22:00:02.88,0.6295574326763413,3.259259259259259,3.259259259259259,1.7691428571428558,NaN,-7.495161428571427,0.09,-7.0,-0.1,2.85,3.95,-23.99,-23.56,NaN,NaN,2.5,10.0,75.61568,-160.37178,1011.5,173.3,212.3,171.2,142.2,-7.0
436.9583,1999-03-12T22:59:57.12,0.885618154642283,3.633333333333334,3.633333333333334,1.855072463768116,NaN,-5.476173913043478,0.08,-6.9,-0.1,2.76,3.85,-24.6,-24.1,NaN,NaN,2.5,10.0,75.61736,-160.37679,1010.9,176.9,211.6,147.8,124.1,-6.9
437.0,1999-03-13T00:00:00.0,0.5637224172517553,3.233333333333334,3.233333333333334,1.9781818181818172,NaN,-8.402618181818182,0.08,-4.4,NaN,2.53,3.5,-24.07,-23.73,NaN,NaN,2.5,10.0,75.61858,-160.3821,1010.5,190.8,215.6,111.8,96.1,-4.4
437.7917,1999-03-13T19:00:02.88,0.10411981299957405,1.0522522522522528,1.0522522522522528,0.3552000000000135,NaN,-47.810100375,0.185,-10.0,NaN,3.71,4.44,-25.17,-25.11,NaN,NaN,2.5,10.0,75.61578,-160.43129,1010.3,170.3,210.1,88.5,71.8,-10.0
437.8333,1999-03-13T19:59:57.12,0.10311552079748065,0.8946236559139785,0.8946236559139785,0.0,NaN,-50.44566530172415,0.155,-5.8,0.0,3.28,3.8,-26.19,-26.19,NaN,NaN,2.5,10.0,75.6144,-160.43133,1011.1,167.8,207.1,136.9,110.8,-5.8
437.875,1999-03-13T21:00:00.0,0.05293510593091728,0.6755555555555562,0.6755555555555562,-1.5999999999999972,NaN,-97.5375,0.15,-2.7,NaN,3.28,3.66,-26.01,-26.1,NaN,NaN,2.5,10.0,75.61261,-160.43035,1011.8,183.4,211.1,142.9,117.1,-2.7
438.0833,1999-03-14T01:59:57.12,0.035560056428175404,1.3142857142857143,1.3142857142857143,0.5183471074380186,NaN,-107.4922314049587,0.28,-12.1,NaN,5.24,6.62,-19.75,-19.68,NaN,NaN,2.5,10.0,75.60049,-160.43254,1013.5,194.0,230.2,52.9,46.1,-12.1
438.125,1999-03-14T03:00:00.0,0.31389851166098837,1.9126436781609188,1.9126436781609188,0.9153741496598612,NaN,-13.774807653061224,0.145,-14.7,NaN,3.14,4.18,-22.14,-21.85,NaN,NaN,2.5,10.0,75.59809,-160.43808,1014.4,182.8,219.1,22.5,21.2,-14.7
438.1667,1999-03-14T04:00:02.88,0.20768466278616027,1.3166666666666675,1.3166666666666675,0.5513846153846176,NaN,-22.08059076923077,0.16,-13.0,NaN,3.61,4.4,-23.36,-23.22,NaN,NaN,2.5,10.0,75.59607,-160.44323,1015.0,191.6,218.2,2.5,3.1,-13.0
438.2083,1999-03-14T04:59:57.12,0.08681307152205422,1.0234234234234234,1.0234234234234234,0.2819047619047559,NaN,-52.710778125,0.185,-8.4,NaN,3.71,4.42,-23.31,-23.27,NaN,NaN,2.5,10.0,75.59427,-160.4466,1015.5,200.1,220.1,0.0,0.0,-8.4
438.25,1999-03-14T06:00:00.0,0.11230277469132763,1.1607843137254892,1.1607843137254892,0.5180952380952271,NaN,-42.58518214285715,0.17,-8.4,NaN,4.19,4.93,-24.27,-24.19,NaN,NaN,2.5,10.0,75.5925,-160.44895,1016.3,183.0,214.8,0.0,0.0,-8.4
438.2917,1999-03-14T07:00:02.88,0.18486864863596983,1.6156862745098042,1.6156862745098042,0.7941605839416032,NaN,-28.649603649635047,0.17,-13.7,NaN,3.63,4.66,-26.63,-26.43,NaN,NaN,2.5,10.0,75.59072,-160.45129,1017.0,171.2,206.1,0.0,0.0,-13.7
438.3333,1999-03-14T07:59:57.12,0.10079603914957522,1.2210526315789476,1.2210526315789476,0.584615384615393,NaN,-53.91569711538462,0.19,-10.4,NaN,4.21,5.08,-27.25,-27.15,NaN,NaN,2.5,10.0,75.58877,-160.45379,1017.4,174.4,205.7,0.0,0.0,-10.4
438.375,1999-03-14T09:00:00.0,0.06776636608707137,1.066666666666667,1.066666666666667,0.8068965517241539,NaN,-81.04036907327588,0.225,-11.6,NaN,4.04,4.94,-27.51,-27.38,NaN,NaN,2.5,10.0,75.58655,-160.45675,1017.9,167.9,204.5,0.0,0.0,-11.6
438.4167,1999-03-14T10:00:02.88,0.09399867104084807,1.3333333333333341,1.3333333333333341,0.6570666666666692,NaN,-60.033424000000004,0.22,-15.0,NaN,4.14,5.24,-28.19,-28.05,NaN,NaN,2.5,10.0,75.58448,-160.46083,1018.3,165.1,201.7,0.0,0.0,-15.0
438.4583,1999-03-14T10:59:57.12,0.07965841972982571,1.0439716312056737,1.0439716312056737,0.5821935483871016,NaN,-70.50753895161289,0.235,-15.5,NaN,4.29,5.21,-28.07,-27.95,NaN,NaN,2.5,10.0,75.58241,-160.46696,1018.8,165.4,201.9,0.0,0.1,-15.5
438.5,1999-03-14T12:00:00.0,0.08449765333877782,1.1707317073170724,1.1707317073170724,0.902752293577973,NaN,-67.36395447247705,0.205,-10.9,0.0,3.74,4.64,-28.41,-28.26,NaN,NaN,2.5,10.0,75.58043,-160.47395,1019.2,165.9,200.6,0.0,0.0,-10.9
438.5417,1999-03-14T13:00:02.88,0.3147780046087744,2.095238095238095,2.095238095238095,1.2155038759689971,NaN,-18.595386046511635,0.14,-12.9,0.0,2.67,3.77,-29.14,-28.79,NaN,NaN,2.5,10.0,75.57894,-160.48138,1019.5,164.2,196.9,0.0,0.1,-12.9
438.5833,1999-03-14T13:59:57.12,0.4833405185687011,2.96,2.96,1.91111111111111,NaN,-12.420833333333334,0.1,-7.2,0.0,2.37,3.48,-29.81,-29.38,NaN,NaN,2.5,10.0,75.5775,-160.48749,1020.1,165.0,194.7,0.0,0.4,-7.2
438.625,1999-03-14T15:00:00.0,0.27657392576804035,2.0380952380952384,2.0380952380952384,1.0704424778761046,NaN,-21.738307964601773,0.14,-11.3,0.0,2.78,3.85,-29.84,-29.57,NaN,NaN,2.5,10.0,75.5761,-160.49294,1020.5,164.3,195.6,0.0,0.2,-11.3
438.6667,1999-03-14T16:00:02.88,0.1267690681612856,1.333333333333333,1.333333333333333,0.8901818181818085,NaN,-47.66864727272726,0.18,-11.0,0.0,3.44,4.34,-29.97,-29.8,NaN,NaN,2.5,10.0,75.57455,-160.49681,1020.9,163.1,196.0,0.2,1.1,-11.0
438.7083,1999-03-14T16:59:57.12,0.16015669544548958,1.3960784313725492,1.3960784313725492,0.6974358974358909,NaN,-37.93087948717951,0.17,-11.7,0.0,3.48,4.37,-30.11,-29.96,NaN,NaN,2.5,10.0,75.57321,-160.49945,1021.1,160.9,195.4,9.2,9.0,-11.7
438.75,1999-03-14T18:00:00.0,0.10587164103175065,1.263157894736842,1.263157894736842,0.5066666666666658,NaN,-57.21549166666667,0.19,-10.8,NaN,3.64,4.54,-30.03,-29.94,NaN,NaN,2.5,10.0,75.57176,-160.50283,1021.4,164.4,196.4,38.3,32.9,-10.8
438.7917,1999-03-14T19:00:02.88,0.2330117579803293,1.6205128205128203,1.6205128205128203,0.6568421052631633,NaN,-26.43337894736842,0.13,-7.6,NaN,2.43,3.22,-30.48,-30.36,NaN,NaN,2.5,10.0,75.57024,-160.50586,1021.9,158.2,194.5,91.6,75.5,-7.6
438.8333,1999-03-14T19:59:57.12,0.069640896150582,0.9543859649122804,0.9543859649122804,0.4281690140844827,NaN,-87.3797957746479,0.19,-7.1,0.0,3.45,4.13,-30.15,-30.1,NaN,NaN,2.5,10.0,75.5686,-160.50981,1022.2,156.2,196.0,140.3,112.9,-7.1
438.875,1999-03-14T21:00:00.0,0.04111566122299783,0.6175438596491222,0.6175438596491222,-1.1580952380952647,NaN,-145.06785,0.19,-4.2,-0.1,3.7,4.14,-29.61,-29.69,NaN,NaN,2.5,10.0,75.56701,-160.51544,1022.4,156.0,197.2,177.4,140.3,-4.2
438.9167,1999-03-14T22:00:02.88,0.01764181673810254,0.509090909090909,0.509090909090909,-1.2571428571427858,NaN,-335.6401714285715,0.22,-2.8,-0.1,4.22,4.64,-29.42,-29.47,NaN,NaN,2.5,10.0,75.56518,-160.52172,1022.6,155.6,198.4,193.4,154.1,-2.8
438.9583,1999-03-14T22:59:57.12,0.07155458909448983,0.6400000000000006,0.6400000000000006,0.0,NaN,-82.74374999999999,0.15,-3.6,0.0,3.09,3.45,-29.42,-29.42,NaN,NaN,2.5,10.0,75.56383,-160.52846,1022.5,156.0,198.2,190.3,153.7,-3.6
439.0,1999-03-15T00:00:00.0,0.06557984283305306,0.6596491228070178,0.6596491228070178,0.27223880597012734,NaN,-90.99947910447762,0.19,-6.7,-0.2,3.36,3.83,-29.63,-29.6,NaN,NaN,2.5,10.0,75.56262,-160.53658,1022.7,154.3,197.4,153.8,126.7,-6.7
439.0417,1999-03-15T01:00:02.88,0.06391097622110578,0.6984126984126988,0.6984126984126988,0.15272727272726944,NaN,-94.93577386363633,0.21,-8.8,NaN,3.89,4.44,-30.07,-30.05,NaN,NaN,2.5,10.0,75.56137,-160.54393,1022.9,153.0,195.8,112.6,93.7,-8.8
439.0833,1999-03-15T01:59:57.12,0.10401088889041568,0.6666666666666662,0.6666666666666662,0.7039999999999964,NaN,-59.525279999999995,0.18,-9.0,NaN,3.61,4.06,-30.62,-30.51,NaN,NaN,2.5,10.0,75.56032,-160.55186,1022.9,153.6,193.3,59.5,51.2,-9.0
439.125,1999-03-15T03:00:00.0,1.8942011295694812,4.32,4.32,2.6971428571428566,NaN,-3.4028571428571435,0.05,-3.5,0.0,1.85,2.66,-31.76,-31.17,NaN,NaN,2.5,10.0,75.55969,-160.55795,1023.3,153.7,184.4,18.6,18.2,-3.5
439.1667,1999-03-15T04:00:02.88,0.45325583322565083,2.0363636363636375,2.0363636363636375,1.7797752808988876,NaN,-14.433124719101121,0.11,-8.9,NaN,2.59,3.43,-32.17,-31.72,NaN,NaN,2.5,10.0,75.55886,-160.56399,1023.2,159.1,188.7,4.7,5.3,-8.9
439.2083,1999-03-15T04:59:57.12,0.26108566124734284,1.0844444444444452,1.0844444444444452,0.8492307692307576,NaN,-24.962019230769226,0.15,-13.0,NaN,3.11,3.72,-32.05,-31.82,NaN,NaN,2.5,10.0,75.55767,-160.56707,1023.3,153.7,189.0,0.0,0.6,-13.0
439.25,1999-03-15T06:00:00.0,0.3799048982455886,1.1282051282051289,1.1282051282051289,0.777886178861778,NaN,-17.318790243902438,0.13,-12.3,0.0,3.13,3.68,-32.32,-32.09,NaN,NaN,2.5,10.0,75.5567,-160.57055,1023.4,153.0,187.7,0.0,0.3,-12.3
439.2917,1999-03-15T07:00:02.88,0.08792950665800213,0.5333333333333332,0.5333333333333332,0.6148314606741806,NaN,-73.79975730337078,0.19,-8.9,0.0,3.56,3.94,-31.92,-31.83,NaN,NaN,2.5,10.0,75.55582,-160.5749,1023.7,165.1,190.8,0.0,0.5,-8.9
439.3333,1999-03-15T07:59:57.12,0.051483613339413675,0.3666666666666668,0.3666666666666668,0.3657142857142909,NaN,-126.23286857142857,0.24,-10.5,0.0,4.07,4.4,-31.96,-31.91,NaN,NaN,2.5,10.0,75.55485,-160.57944,1023.6,163.8,191.2,0.0,0.2,-10.5
439.375,1999-03-15T09:00:00.0,0.0721264389800174,0.6456140350877193,0.6456140350877193,0.3331506849314998,NaN,-89.9468589041096,0.19,-7.3,0.0,3.35,3.81,-31.91,-31.87,NaN,NaN,2.5,10.0,75.55382,-160.58487,1023.8,169.0,191.7,0.0,0.4,-7.3
439.4167,1999-03-15T10:00:02.88,0.03357434902340454,0.5052631578947366,0.5052631578947366,0.17882352941179266,NaN,-192.21338823529416,0.19,-3.4,0.0,3.45,3.81,-31.76,-31.75,NaN,NaN,2.5,10.0,75.55261,-160.59092,1023.9,171.1,192.5,0.0,0.4,-3.4
439.4583,1999-03-15T10:59:57.12,0.012717406197967535,0.4848484848484848,0.4848484848484848,-0.703999999999985,NaN,-505.6735199999999,0.22,-2.0,0.0,3.77,4.17,-31.66,-31.68,NaN,NaN,2.5,10.0,75.55148,-160.59933,1023.8,175.5,193.6,0.0,0.4,-2.0
439.7083,1999-03-15T16:59:57.12,0.07577239958805355,0.866666666666666,0.866666666666666,0.568888888888902,NaN,-81.17333333333336,0.2,-9.0,NaN,4.32,4.97,-30.44,-30.36,NaN,NaN,2.5,10.0,75.54634,-160.65557,1023.1,166.9,195.2,9.0,8.4,-9.0
439.75,1999-03-15T18:00:00.0,0.05475270479134467,0.8800000000000002,0.8800000000000002,0.49230769230769933,NaN,-112.80000000000003,0.2,-6.5,0.0,4.21,4.87,-30.55,-30.5,NaN,NaN,2.5,10.0,75.54633,-160.66441,1023.0,172.2,196.4,34.4,30.0,-6.5
439.9167,1999-03-15T22:00:02.88,0.015630506322591387,0.6252873563218388,0.6252873563218388,0.6512280701754246,NaN,-368.4022631578946,0.29,-5.7,-0.2,6.2,6.88,-28.7,-28.66,NaN,NaN,2.5,10.0,75.54762,-160.71664,1021.7,164.3,201.6,133.2,111.3,-5.7
440.9583,1999-03-16T22:59:57.12,0.16149630408799626,1.644444444444445,1.644444444444445,0.8930232558139345,NaN,-25.642716279069766,0.12,-4.3,0.0,3.59,4.33,-21.27,-21.17,NaN,NaN,2.5,10.0,75.59942,-161.14041,1008.7,183.4,222.2,161.6,128.2,-4.3
441.375,1999-03-17T09:00:00.0,1.0507896258990284,3.1619047619047618,3.1619047619047618,2.688000000000001,NaN,-4.486440000000001,0.07,-5.5,NaN,2.35,3.18,-23.98,-23.32,NaN,NaN,2.5,10.0,75.59775,-161.18493,1006.1,158.8,204.1,0.1,0.0,-5.5
441.4167,1999-03-17T10:00:02.88,1.178696945120303,4.337777777777777,4.337777777777777,3.2639999999999985,NaN,-4.566375,0.075,-7.5,NaN,2.45,3.67,-27.06,-26.04,NaN,NaN,2.5,10.0,75.59735,-161.18257,1006.4,153.2,196.1,0.0,0.0,-7.5
441.4583,1999-03-17T10:59:57.12,1.171827219073636,4.0666666666666655,4.0666666666666655,2.616888888888894,NaN,-4.838400000000001,0.08,-9.0,NaN,2.45,3.67,-28.35,-27.43,NaN,NaN,2.5,10.0,75.59658,-161.17864,1006.4,151.6,193.5,0.0,0.0,-9.0
441.5,1999-03-17T12:00:00.0,0.5180737729107363,2.377777777777778,2.377777777777778,1.8340298507462602,NaN,-11.118519402985072,0.12,-13.4,NaN,2.96,4.03,-28.74,-28.1,NaN,NaN,2.5,10.0,75.59607,-161.17295,1006.7,150.8,192.6,0.0,0.0,-13.4
441.5417,1999-03-17T13:00:02.88,0.24181718932277277,1.4499999999999993,1.4499999999999993,1.2108108108108033,NaN,-24.09444324324324,0.16,-14.8,-0.2,3.69,4.56,-29.02,-28.67,NaN,NaN,2.5,10.0,75.59518,-161.16611,1007.2,148.9,193.2,0.0,0.0,-14.8
441.5833,1999-03-17T13:59:57.12,0.1759798130166052,1.1760683760683763,1.1760683760683763,0.8639999999999987,NaN,-33.0247125,0.195,-19.5,NaN,4.21,5.07,-28.95,-28.68,NaN,NaN,2.5,10.0,75.5943,-161.15836,1007.7,148.8,195.0,0.0,0.0,-19.5
441.625,1999-03-17T15:00:00.0,0.13328315082517228,1.0418604651162788,1.0418604651162788,0.7991919191919207,NaN,-43.4728615530303,0.215,-19.8,-0.3,4.51,5.35,-28.87,-28.64,NaN,NaN,2.5,10.0,75.59342,-161.15042,1008.3,150.0,194.9,0.0,0.0,-19.8
441.6667,1999-03-17T16:00:02.88,0.12514239529775587,0.8927536231884053,0.8927536231884053,0.6456140350877285,NaN,-45.49817631578947,0.23,-22.8,-0.2,5.24,6.01,-28.42,-28.22,NaN,NaN,2.5,10.0,75.59256,-161.14207,1009.0,149.5,196.9,2.1,1.1,-22.8
441.7083,1999-03-17T16:59:57.12,0.11467873224592032,0.8695652173913043,0.8695652173913043,0.5986602870813332,NaN,-49.477192822966515,0.23,-20.9,NaN,5.66,6.41,-28.33,-28.16,NaN,NaN,2.5,10.0,75.5917,-161.13172,1009.8,148.4,197.5,18.3,13.4,-20.9
441.75,1999-03-17T18:00:00.0,0.050957981535090215,0.6814814814814809,0.6814814814814809,0.4032000000000016,NaN,-112.862322,0.27,-15.0,NaN,6.28,6.97,-28.67,-28.6,NaN,NaN,2.5,10.0,75.59096,-161.1214,1010.7,147.7,197.8,58.4,45.9,-15.0
441.7917,1999-03-17T19:00:02.88,0.03808502547392051,0.6153846153846149,0.6153846153846149,0.416000000000006,NaN,-152.48937600000002,0.26,-10.0,-0.1,5.86,6.46,-28.92,-28.87,NaN,NaN,2.5,10.0,75.59032,-161.10882,1011.6,146.5,197.5,112.5,87.6,-10.0
441.8333,1999-03-17T19:59:57.12,0.017914630766229962,0.5948717948717949,0.5948717948717949,-0.17702127659577235,NaN,-326.3526638297872,0.26,-4.7,0.0,6.17,6.75,-29.09,-29.1,NaN,NaN,2.5,10.0,75.58948,-161.09549,1012.5,146.0,197.7,160.0,122.8,-4.7
446.25,1999-03-22T06:00:00.0,0.01195396847475371,0.7741935483870963,0.7741935483870963,-0.5221052631579146,NaN,-179.3731789473684,0.31,-5.7,NaN,7.39,8.29,-11.44,-11.47,NaN,NaN,2.5,10.0,75.81524,-162.4229,1001.5,272.4,265.7,1.3,0.1,-5.7
446.2917,1999-03-22T07:00:02.88,0.02155793051444018,0.7369696969696967,0.7369696969696967,-0.24444444444443925,NaN,-91.59290364583336,0.275,-7.2,NaN,7.17,7.93,-10.57,-10.59,NaN,NaN,2.5,10.0,75.8196,-162.4297,1001.1,278.9,269.4,1.3,0.0,-7.2
446.3333,1999-03-22T07:59:57.12,0.05396351997234008,0.8585365853658539,0.8585365853658539,0.08746666666666479,NaN,-32.3584095,0.205,-7.5,NaN,6.22,6.88,-9.39,-9.38,NaN,NaN,2.5,10.0,75.82408,-162.43408,1001.0,283.4,273.5,1.5,0.1,-7.5
450.2917,1999-03-26T07:00:02.88,0.08301162608614149,1.1826086956521744,1.1826086956521744,0.5849006622516605,NaN,-69.54528278145695,0.23,-15.1,NaN,4.35,5.37,-28.77,-28.65,NaN,NaN,2.5,10.0,NaN,NaN,1016.5,148.4,196.9,0.0,0.0,-15.1
450.3333,1999-03-26T07:59:57.12,0.07996465388896856,1.133333333333334,1.133333333333334,0.605090909090921,NaN,-73.31746909090909,0.24,-16.5,NaN,4.55,5.57,-29.17,-29.04,NaN,NaN,2.5,10.0,NaN,NaN,1016.5,147.9,195.6,0.0,0.0,-16.5
450.375,1999-03-26T09:00:00.0,0.05789088250342145,1.0074074074074069,1.0074074074074069,0.6098823529411815,NaN,-101.70321882352943,0.27,-17.0,NaN,4.65,5.67,-29.28,-29.16,NaN,NaN,2.5,10.0,NaN,NaN,1016.7,149.9,196.8,0.1,0.0,-17.0
450.4167,1999-03-26T10:00:02.88,0.10636221701795477,1.2190476190476192,1.2190476190476192,0.7314285714285722,NaN,-55.244699999999995,0.21,-14.7,NaN,3.92,4.88,-29.23,-29.07,NaN,NaN,2.5,10.0,NaN,NaN,1016.8,149.7,195.4,0.1,0.0,-14.7
450.4583,1999-03-26T10:59:57.12,0.08388604999150401,1.1087719298245609,1.1087719298245609,0.5655813953488251,NaN,-68.93295,0.19,-8.6,NaN,3.6,4.39,-28.81,-28.73,NaN,NaN,2.5,10.0,NaN,NaN,1016.6,180.0,199.1,0.9,0.0,-8.6
450.5,1999-03-26T12:00:00.0,0.09920453689466814,1.0947368421052628,1.0947368421052628,0.47686274509805027,NaN,-56.68761764705882,0.19,-10.2,NaN,3.61,4.39,-28.1,-28.02,NaN,NaN,2.5,10.0,NaN,NaN,1016.6,173.7,200.6,0.7,0.0,-10.2
450.5417,1999-03-26T13:00:02.88,0.07796792228004913,0.9904761904761902,0.9904761904761902,0.4977777777777892,NaN,-73.67639999999999,0.21,-10.8,NaN,3.81,4.59,-28.64,-28.56,NaN,NaN,2.5,10.0,NaN,NaN,1016.7,163.8,199.0,0.2,0.0,-10.8
450.5833,1999-03-26T13:59:57.12,0.1323548408120606,1.2862745098039219,1.2862745098039219,0.6169072164948421,NaN,-44.53609175257733,0.17,-9.7,NaN,3.38,4.2,-29.31,-29.2,NaN,NaN,2.5,10.0,NaN,NaN,1016.7,153.0,195.3,0.1,0.0,-9.7
450.7083,1999-03-26T16:59:57.12,0.49100109015364984,2.56,2.56,1.1835616438356147,NaN,-12.410958904109592,0.1,-7.3,NaN,2.4,3.36,-30.2,-29.93,NaN,NaN,2.5,10.0,76.08557,-163.95867,1016.4,148.2,191.3,47.3,37.0,-7.3
450.75,1999-03-26T18:00:00.0,0.45693853646507604,2.1066666666666665,2.1066666666666665,1.1764705882352944,NaN,-13.217647058823532,0.1,-6.8,NaN,2.28,3.07,-29.96,-29.71,NaN,NaN,2.5,10.0,76.08264,-163.96766,1016.3,149.7,192.0,106.1,81.4,-6.8
450.7917,1999-03-26T19:00:02.88,0.12907398298446016,1.1555555555555561,1.1555555555555561,0.7384615384615226,NaN,-45.54692307692307,0.15,-6.5,NaN,3.09,3.74,-29.24,-29.14,NaN,NaN,2.5,10.0,76.07943,-163.97626,1016.2,151.0,195.2,163.7,122.8,-6.5
450.8333,1999-03-26T19:59:57.12,0.09495933539396008,0.9904761904761904,0.9904761904761904,-0.11487179487181283,NaN,-60.00916923076925,0.14,-3.9,NaN,2.88,3.4,-28.43,-28.44,NaN,NaN,2.5,10.0,76.07648,-163.98395,1016.0,150.8,198.1,216.2,160.5,-3.9
450.9583,1999-03-26T22:59:57.12,0.0674387544742623,0.6857142857142854,0.6857142857142854,0.9599999999999799,NaN,-75.82260000000002,0.14,-2.8,NaN,3.19,3.55,-25.79,-25.73,NaN,NaN,2.5,10.0,76.06734,-164.00715,1014.6,156.0,205.9,280.8,213.5,-2.8
451.25,1999-03-27T06:00:00.0,0.15238415277078052,0.8571428571428565,0.8571428571428565,0.4135384615384528,NaN,-24.08809846153847,0.14,-6.5,NaN,3.73,4.18,-19.02,-18.96,NaN,NaN,2.5,10.0,76.04832,-164.04137,1009.8,210.2,231.1,2.3,1.0,-6.5
451.2917,1999-03-27T07:00:02.88,0.464240497399857,1.6000000000000005,1.6000000000000005,0.44000000000000367,NaN,-7.981840625,0.11,-9.6,NaN,3.03,3.69,-19.19,-19.07,NaN,NaN,2.5,10.0,76.04558,-164.04666,1009.5,223.1,230.6,1.5,0.3,-9.6
451.3333,1999-03-27T07:59:57.12,0.053317863000484765,0.8140350877192983,0.8140350877192983,0.10666666666668334,NaN,-66.13519999999998,0.19,-5.7,NaN,3.31,3.89,-18.32,-18.31,NaN,NaN,2.5,10.0,76.04322,-164.0528,1009.3,236.9,236.1,1.7,0.4,-5.7
451.375,1999-03-27T09:00:00.0,0.023238546138916665,0.5866666666666666,0.5866666666666666,0.2206896551723699,NaN,-149.87586206896557,0.2,-2.9,NaN,3.43,3.87,-18.11,-18.1,NaN,NaN,2.5,10.0,76.04094,-164.05881,1009.1,237.1,237.6,1.1,0.0,-2.9
451.4167,1999-03-27T10:00:02.88,0.020070788611063723,0.6857142857142852,0.6857142857142852,0.0,NaN,-173.02102758620688,0.21,-2.9,NaN,3.24,3.78,-18.06,-18.06,NaN,NaN,2.5,10.0,76.03894,-164.06397,1009.2,236.3,238.2,0.7,0.0,-2.9
451.4583,1999-03-27T10:59:57.12,0.01685080620102012,0.6060606060606061,0.6060606060606061,-0.25142857142861075,NaN,-205.35428571428574,0.22,-2.8,NaN,3.48,3.98,-18.0,-18.01,NaN,NaN,2.5,10.0,76.03701,-164.0699,1009.2,237.3,238.4,0.5,0.0,-2.8
451.5,1999-03-27T12:00:00.0,0.040429937789425316,0.6901960784313724,0.6901960784313724,0.0,NaN,-85.48620000000001,0.17,-3.1,NaN,2.97,3.41,-17.98,-17.98,NaN,NaN,2.5,10.0,76.03543,-164.07474,1009.0,236.4,238.2,0.6,0.0,-3.1
451.5417,1999-03-27T13:00:02.88,0.056102222502651296,0.6117647058823531,0.6117647058823531,0.0,NaN,-61.972353488372114,0.17,-4.3,NaN,2.94,3.33,-18.08,-18.08,NaN,NaN,2.5,10.0,76.03424,-164.07973,1009.0,233.1,238.0,0.7,0.0,-4.3
451.5833,1999-03-27T13:59:57.12,0.07044313215700308,0.5166666666666667,0.5166666666666667,-0.11377777777779556,NaN,-49.5616,0.16,-4.5,NaN,2.8,3.11,-18.15,-18.16,NaN,NaN,2.5,10.0,76.03342,-164.08214,1009.1,232.9,237.5,1.2,0.0,-4.5
451.7083,1999-03-27T16:59:57.12,0.04071245084242115,0.7333333333333333,0.7333333333333333,-0.39384615384614546,NaN,-86.11052307692307,0.16,-2.6,NaN,2.64,3.08,-18.22,-18.24,NaN,NaN,2.5,10.0,76.03257,-164.08774,1009.2,235.5,238.1,32.8,28.3,-2.6
453.2083,1999-03-29T04:59:57.12,0.00974869574461126,0.8111111111111117,0.8111111111111117,-1.0971428571428987,NaN,-362.58377142857137,0.24,-2.1,NaN,4.88,5.61,-18.36,-18.39,NaN,NaN,2.5,10.0,76.00849,-164.16549,998.1,228.4,238.1,15.4,13.0,-2.1
453.25,1999-03-29T06:00:00.0,0.018007206618793428,0.7873015873015874,0.7873015873015874,-0.5169230769230659,NaN,-194.801573076923,0.21,-2.6,NaN,4.18,4.8,-18.23,-18.25,NaN,NaN,2.5,10.0,76.00779,-164.16996,998.1,229.1,237.9,3.7,2.6,-2.6
453.2917,1999-03-29T07:00:02.88,0.0853819553428193,1.0888888888888895,1.0888888888888895,0.0,NaN,-41.178991304347825,0.12,-2.3,NaN,2.67,3.16,-18.27,-18.27,NaN,NaN,2.5,10.0,76.00686,-164.17594,998.0,228.6,237.1,1.6,0.9,-2.3
453.3333,1999-03-29T07:59:57.12,0.026455272912703238,0.7866666666666665,0.7866666666666665,-0.1939393939393554,NaN,-132.43636363636367,0.2,-3.3,NaN,3.39,3.98,-18.21,-18.22,NaN,NaN,2.5,10.0,76.00578,-164.18085,998.0,228.1,237.7,1.3,0.6,-3.3
453.375,1999-03-29T09:00:00.0,0.02494969432046533,0.8761904761904767,0.8761904761904767,-0.37333333333339164,NaN,-142.00199999999995,0.21,-3.6,NaN,4.25,4.94,-18.4,-18.42,NaN,NaN,2.5,10.0,76.00472,-164.18522,998.2,227.3,237.6,1.2,0.2,-3.6
453.4167,1999-03-29T10:00:02.88,0.00669086344794803,0.6709677419354834,0.6709677419354834,-0.6399999999999864,NaN,-543.7338,0.31,-3.1,NaN,5.73,6.51,-18.86,-18.88,NaN,NaN,2.5,10.0,76.00373,-164.18841,998.3,224.8,236.1,1.0,0.1,-3.1
454.0,1999-03-30T00:00:00.0,0.03528729913479196,0.9682539682539687,0.9682539682539687,-0.6203076923077159,NaN,-104.33414104615386,0.168,-2.6,NaN,3.84,4.45,-19.07,-19.1,NaN,NaN,2.5,10.0,75.99074,-164.2235,997.6,190.7,231.9,233.6,194.4,-2.6
454.0417,1999-03-30T01:00:02.88,0.054286408551249284,1.025641025641026,1.025641025641026,-0.46800000000001774,NaN,-68.58462779999998,0.156,-3.2,NaN,3.3,3.9,-19.27,-19.3,NaN,NaN,2.5,10.0,75.99009,-164.22603,997.3,198.0,231.6,179.2,151.8,-3.2
454.0833,1999-03-30T01:59:57.12,0.05480428541301971,0.8888888888888885,0.8888888888888885,-0.34844444444443695,NaN,-69.03643319999998,0.147,-2.7,NaN,2.99,3.48,-19.56,-19.58,NaN,NaN,2.5,10.0,75.98969,-164.22713,997.1,202.3,231.5,138.9,119.0,-2.7
454.125,1999-03-30T03:00:00.0,0.0970528267248676,1.1707317073170733,1.1707317073170733,0.14057142857145055,NaN,-39.217772025,0.123,-2.8,NaN,2.66,3.2,-19.67,-19.66,NaN,NaN,2.5,10.0,75.98921,-164.22784,996.9,204.4,231.2,91.1,78.6,-2.8
454.1667,1999-03-30T04:00:02.88,0.11339777557502159,1.3567251461988303,1.3567251461988303,0.28061538461537866,NaN,-34.41170852307693,0.114,-2.6,NaN,2.33,2.91,-20.13,-20.11,NaN,NaN,2.5,10.0,75.98911,-164.22854,996.7,208.3,229.7,49.9,43.3,-2.6
454.2083,1999-03-30T04:59:57.12,0.23392050284676782,1.9793814432989694,1.9793814432989694,0.6584242424242451,NaN,-16.9757178,0.097,-3.3,NaN,2.17,2.89,-20.46,-20.39,NaN,NaN,2.5,10.0,75.98897,-164.22799,996.4,210.0,228.5,18.4,16.1,-3.3
454.25,1999-03-30T06:00:00.0,0.11408800713502618,1.5345911949685531,1.5345911949685531,0.1615238095237774,NaN,-34.82871074285713,0.106,-2.1,NaN,2.48,3.09,-20.47,-20.46,NaN,NaN,2.5,10.0,75.98897,-164.22768,996.2,220.3,230.4,4.3,3.4,-2.1
454.2917,1999-03-30T07:00:02.88,0.10550152394897779,1.4205607476635511,1.4205607476635511,-0.34239999999999265,NaN,-36.99017338499999,0.107,-2.0,NaN,2.29,2.86,-20.13,-20.15,NaN,NaN,2.5,10.0,75.98938,-164.22721,996.0,223.4,231.8,1.8,1.1,-2.0
454.4583,1999-03-30T10:59:57.12,0.357704969836077,2.603921568627451,2.603921568627451,1.0399999999999923,NaN,-10.924200000000003,0.085,-3.4,NaN,2.55,3.38,-20.16,-20.03,NaN,NaN,2.5,10.0,75.99194,-164.22518,995.8,212.0,228.5,1.3,0.7,-3.4
454.5,1999-03-30T12:00:00.0,0.16273491853137242,1.5345911949685531,1.5345911949685531,0.4522666666666971,NaN,-23.939421599999992,0.106,-3.0,NaN,2.96,3.57,-20.1,-20.06,NaN,NaN,2.5,10.0,75.99292,-164.22423,995.7,217.2,229.7,1.5,0.7,-3.0
454.5417,1999-03-30T13:00:02.88,0.09851766192346045,1.3541666666666674,1.3541666666666674,0.38400000000001455,NaN,-39.18397439999999,0.128,-3.2,NaN,3.38,4.03,-19.93,-19.9,NaN,NaN,2.5,10.0,75.99415,-164.22306,995.6,218.8,230.6,1.4,0.5,-3.2
454.5833,1999-03-30T13:59:57.12,0.04653165706412947,1.2504708097928432,1.2504708097928432,0.0,NaN,-81.88922832749999,0.177,-4.0,NaN,3.89,4.72,-19.69,-19.69,NaN,NaN,2.5,10.0,75.99566,-164.223,995.5,216.9,231.0,1.4,0.8,-4.0
454.625,1999-03-30T15:00:00.0,0.04370404935024308,1.1428571428571426,1.1428571428571426,0.12298039215688199,NaN,-87.51978315294122,0.196,-5.1,NaN,4.2,5.04,-19.76,-19.75,NaN,NaN,2.5,10.0,75.99733,-164.2221,995.6,214.9,230.3,3.9,3.4,-5.1
454.6667,1999-03-30T16:00:02.88,0.059010624619340896,1.142857142857143,1.142857142857143,0.22857142857142365,NaN,-65.09999999999998,0.175,-4.9,NaN,3.88,4.63,-19.84,-19.82,NaN,NaN,2.5,10.0,75.99932,-164.22237,995.7,215.1,230.8,17.6,15.6,-4.9
454.7083,1999-03-30T16:59:57.12,0.03159318871617522,0.8983957219251336,0.8983957219251336,-0.37399999999999195,NaN,-121.93570094062498,0.187,-3.2,NaN,4.49,5.12,-19.89,-19.91,NaN,NaN,2.5,10.0,76.00164,-164.22267,995.8,215.6,231.1,48.2,42.2,-3.2
454.875,1999-03-30T21:00:00.0,0.038732519848113316,0.8015414258188832,0.8015414258188832,1.2500645161290371,NaN,-102.46868966129028,0.173,-3.1,NaN,4.06,4.58,-20.45,-20.38,NaN,NaN,2.5,10.0,76.01103,-164.23028,997.3,173.1,225.4,291.9,233.5,-3.1
454.9583,1999-03-30T22:59:57.12,0.07673577088595919,1.1594202898550716,1.1594202898550716,0.8547096774193873,NaN,-55.571006322580644,0.138,-3.1,NaN,3.46,4.06,-21.85,-21.79,NaN,NaN,2.5,10.0,76.0156,-164.23675,998.0,170.9,220.9,281.5,229.6,-3.1
455.0,1999-03-31T00:00:00.0,0.03574733540490066,0.9545454545454546,0.9545454545454546,0.9386666666666132,NaN,-117.15866623999996,0.176,-3.0,NaN,4.07,4.7,-21.49,-21.44,NaN,NaN,2.5,10.0,76.01788,-164.24128,998.2,177.0,222.7,256.0,213.6,-3.0
455.125,1999-03-31T03:00:00.0,0.0899045437589973,1.0158730158730154,1.0158730158730154,0.32072727272728485,NaN,-46.045144759090896,0.147,-4.4,NaN,3.87,4.43,-21.26,-21.23,NaN,NaN,2.5,10.0,76.02428,-164.2506,998.6,192.7,224.3,112.6,99.5,-4.4
455.1667,1999-03-31T04:00:02.88,0.057309637836869494,1.0858283433133726,1.0858283433133726,0.13034146341465455,NaN,-75.00787363170734,0.167,-4.1,NaN,4.49,5.17,-22.01,-22.0,NaN,NaN,2.5,10.0,76.02625,-164.25262,998.6,188.6,221.5,57.2,51.4,-4.1
455.2083,1999-03-31T04:59:57.12,0.7078553862239803,3.1161048689138577,3.1161048689138577,1.1242105263157922,NaN,-6.759354082894735,0.089,-7.6,NaN,2.75,3.79,-24.29,-23.99,NaN,NaN,2.5,10.0,76.02807,-164.25265,998.6,156.8,208.2,20.2,19.3,-7.6
455.25,1999-03-31T06:00:00.0,0.4807539309817702,3.0206489675516215,3.0206489675516215,1.4808380952380942,NaN,-10.669192674285714,0.113,-10.5,NaN,2.56,3.84,-25.88,-25.45,NaN,NaN,2.5,10.0,76.03009,-164.25021,998.7,153.0,202.5,4.5,4.6,-10.5
455.2917,1999-03-31T07:00:02.88,1.415204349624046,4.566210045662101,4.566210045662101,1.8293975903614514,NaN,-3.7936187927710834,0.073,-8.3,NaN,2.35,3.6,-26.98,-26.33,NaN,NaN,2.5,10.0,76.03164,-164.24815,998.9,148.9,197.0,0.2,0.6,-8.3
455.4583,1999-03-31T10:59:57.12,1.3656647228908025,4.251207729468598,4.251207729468598,2.9330149253731364,NaN,-4.327493185074627,0.069,-6.7,NaN,2.23,3.33,-29.42,-28.53,NaN,NaN,2.5,10.0,76.03745,-164.24364,1000.0,146.9,189.5,0.0,0.0,-6.7
455.5,1999-03-31T12:00:00.0,0.5406700975904566,2.3068783068783074,2.3068783068783074,1.3937777777777833,NaN,-10.568653200000002,0.126,-16.2,NaN,3.02,4.11,-28.53,-27.97,NaN,NaN,2.5,10.0,76.03887,-164.24478,1000.2,164.2,195.9,0.7,0.3,-16.2
455.5417,1999-03-31T13:00:02.88,0.5080978701453002,2.5359477124183014,2.5359477124183014,1.8133333333333448,NaN,-10.910790399999996,0.102,-8.1,NaN,2.52,3.49,-27.76,-27.31,NaN,NaN,2.5,10.0,76.04029,-164.24653,1000.5,156.4,195.7,0.0,0.0,-8.1
455.5833,1999-03-31T13:59:57.12,0.40651011172426854,2.368159203980099,2.368159203980099,1.1959727891156469,NaN,-13.567480310204086,0.134,-14.7,NaN,2.82,4.01,-27.63,-27.22,NaN,NaN,2.5,10.0,76.04167,-164.24751,1000.6,162.5,197.7,0.9,0.5,-14.7
455.625,1999-03-31T15:00:00.0,0.3819218110750731,1.7962962962962958,1.7962962962962958,0.8840930232558093,NaN,-13.916074269767437,0.144,-17.2,NaN,3.34,4.31,-26.72,-26.39,NaN,NaN,2.5,10.0,76.04291,-164.24866,1000.9,160.8,199.6,5.4,4.4,-17.2
455.6667,1999-03-31T16:00:02.88,0.07728150745641231,1.0434782608695656,1.0434782608695656,0.4839452054794704,NaN,-64.66737166027397,0.184,-7.3,NaN,3.64,4.36,-25.26,-25.2,NaN,NaN,2.5,10.0,76.04419,-164.24846,1001.0,198.6,210.5,26.9,22.4,-7.3
455.7083,1999-03-31T16:59:57.12,0.05263952667712103,0.8758169934640522,0.8758169934640522,0.096000000000015,NaN,-91.27637279999996,0.204,-6.8,NaN,4.15,4.82,-24.37,-24.36,NaN,NaN,2.5,10.0,76.04539,-164.24776,1001.3,189.5,212.0,60.5,50.2,-6.8
455.75,1999-03-31T18:00:00.0,0.06924489138102637,0.9453262786596118,0.9453262786596118,0.2555492957746576,NaN,-70.88832450000002,0.189,-7.1,NaN,3.76,4.43,-24.85,-24.82,NaN,NaN,2.5,10.0,76.0464,-164.24727,1001.6,175.8,209.6,123.8,101.3,-7.1
455.7917,1999-03-31T19:00:02.88,0.05122322010292924,0.8623548922056378,0.8623548922056378,0.20419047619047187,NaN,-98.72330644285717,0.201,-6.3,NaN,3.99,4.64,-25.53,-25.51,NaN,NaN,2.5,10.0,76.04737,-164.24707,1001.9,159.3,207.2,207.0,159.4,-6.3
455.8333,1999-03-31T19:59:57.12,0.2782906449130472,1.1428571428571435,1.1428571428571435,0.3754366197183114,NaN,-18.2638007112676,0.119,-7.1,NaN,3.61,4.12,-25.65,-25.58,NaN,NaN,2.5,10.0,76.04855,-164.24696,1002.2,150.1,205.5,266.5,200.2,-7.1
455.875,1999-03-31T21:00:00.0,0.21072746546315843,1.0491803278688534,1.0491803278688534,0.3365517241379358,NaN,-23.809524206896555,0.122,-5.8,NaN,3.92,4.4,-25.35,-25.3,NaN,NaN,2.5,10.0,76.04963,-164.24611,1002.6,150.6,207.3,296.9,226.9,-5.8
455.9167,1999-03-31T22:00:02.88,0.07394268159166414,0.949999999999999,0.949999999999999,0.11130434782606483,NaN,-66.32848695652176,0.16,-4.6,NaN,4.32,4.89,-24.83,-24.82,NaN,NaN,2.5,10.0,76.0505,-164.24585,1002.7,153.7,209.5,308.4,242.0,-4.6
455.9583,1999-03-31T22:59:57.12,0.05397906619815352,0.836036036036036,0.836036036036036,0.0,NaN,-89.09326947115383,0.185,-5.2,NaN,4.11,4.69,-24.39,-24.39,NaN,NaN,2.5,10.0,76.05158,-164.2454,1002.9,153.9,210.7,310.4,249.4,-5.2
456.0,1999-04-01T00:00:00.0,0.044645207645238986,0.812182741116752,0.812182741116752,0.12123076923078818,NaN,-106.16776621730772,0.197,-5.2,NaN,4.31,4.91,-24.07,-24.06,NaN,NaN,2.5,10.0,76.05215,-164.24516,1003.0,153.8,211.8,292.3,236.7,-5.2
456.0417,1999-04-01T01:00:02.88,0.08436844566936068,0.9682539682539687,0.9682539682539687,0.35252459016392695,NaN,-55.640330911475424,0.168,-6.1,NaN,4.21,4.82,-23.86,-23.82,NaN,NaN,2.5,10.0,76.05336,-164.24593,1003.1,156.9,211.9,251.6,209.3,-6.1
456.0833,1999-04-01T01:59:57.12,0.23448708158560413,1.452736318407961,1.452736318407961,0.5983255813953361,NaN,-20.135733125581396,0.134,-8.6,NaN,3.92,4.65,-23.99,-23.87,NaN,NaN,2.5,10.0,76.05437,-164.24733,1003.1,155.3,210.8,194.6,167.6,-8.6
456.125,1999-04-01T03:00:00.0,0.34160566859956165,1.7499999999999996,1.7499999999999996,0.7139816513761515,NaN,-14.129802099082568,0.128,-10.9,NaN,3.84,4.68,-24.48,-24.29,NaN,NaN,2.5,10.0,76.05559,-164.2489,1003.2,157.0,208.6,131.7,118.6,-10.9
456.1667,1999-04-01T04:00:02.88,0.3827480835667106,2.099737532808398,2.099737532808398,1.0586890756302598,NaN,-12.982272761344536,0.127,-11.9,NaN,3.64,4.64,-25.14,-24.83,NaN,NaN,2.5,10.0,76.0569,-164.25216,1003.2,152.5,205.1,82.6,79.1,-11.9
456.2083,1999-04-01T04:59:57.12,0.22948951442231202,1.5789473684210518,1.5789473684210518,1.0764590163934409,NaN,-22.262559895081967,0.152,-12.2,NaN,4.16,5.06,-25.78,-25.51,NaN,NaN,2.5,10.0,76.05827,-164.25447,1003.3,159.7,204.3,36.3,35.8,-12.2
456.25,1999-04-01T06:00:00.0,0.2049176606901047,1.7833333333333337,1.7833333333333337,1.1288188976377855,NaN,-25.05977952755906,0.16,-12.7,NaN,4.17,5.24,-25.9,-25.62,NaN,NaN,2.5,10.0,76.05979,-164.25666,1003.2,168.0,205.5,7.7,7.3,-12.7
456.2917,1999-04-01T07:00:02.88,0.20419985780003574,1.8354978354978349,1.8354978354978349,1.133876106194697,NaN,-24.773985451327434,0.154,-11.3,NaN,4.07,5.13,-25.55,-25.29,NaN,NaN,2.5,10.0,76.06119,-164.25911,1003.1,179.1,207.1,1.4,1.4,-11.3
456.3333,1999-04-01T07:59:57.12,0.25323433878619567,1.9903381642512072,1.9903381642512072,1.2242376237623813,NaN,-19.640284609900995,0.138,-10.1,NaN,3.78,4.81,-25.16,-24.88,NaN,NaN,2.5,10.0,76.06253,-164.26201,1003.0,176.8,207.2,0.7,0.7,-10.1
456.375,1999-04-01T09:00:00.0,0.1621552382253417,1.821946169772256,1.821946169772256,0.9503689320388413,NaN,-29.646502016504858,0.161,-10.3,NaN,4.2,5.3,-24.39,-24.2,NaN,NaN,2.5,10.0,76.06401,-164.26391,1003.1,198.2,212.8,1.3,0.9,-10.3
456.4167,1999-04-01T10:00:02.88,0.12221208350002351,1.6794871794871788,1.6794871794871788,0.7131428571428559,NaN,-37.731152457142855,0.208,-16.8,NaN,4.73,6.04,-23.48,-23.3,NaN,NaN,2.5,10.0,76.06518,-164.26591,1003.0,191.6,214.1,0.6,0.4,-16.8
456.4583,1999-04-01T10:59:57.12,0.051982336088954494,1.0710382513661207,1.0710382513661207,0.26924137931036296,NaN,-82.68996099310345,0.244,-11.6,NaN,5.55,6.53,-22.01,-21.97,NaN,NaN,2.5,10.0,76.06658,-164.27235,1002.7,219.0,222.6,1.3,0.7,-11.6
456.5,1999-04-01T12:00:00.0,0.020006143598379857,0.7325102880658434,0.7325102880658434,-0.0987428571428375,NaN,-202.61567725714286,0.324,-10.5,NaN,7.0,7.89,-20.85,-20.86,NaN,NaN,2.5,10.0,76.06815,-164.28087,1002.3,222.4,227.1,0.8,0.0,-10.5
456.5417,1999-04-01T13:00:02.88,0.012793984019887017,0.8008008008008014,0.8008008008008014,-0.29194520547944586,NaN,-311.0892158219179,0.333,-7.3,NaN,7.21,8.21,-20.5,-20.52,NaN,NaN,2.5,10.0,76.06991,-164.29054,1001.5,225.8,229.2,0.8,0.1,-7.3
456.5833,1999-04-01T13:59:57.12,0.0045515325131599465,0.8697214734950584,0.8697214734950584,-0.9893333333333708,NaN,-846.3992423249999,0.371,-3.6,NaN,7.95,9.16,-19.89,-19.92,NaN,NaN,2.5,10.0,76.07146,-164.2996,1000.8,231.8,231.8,1.3,0.4,-3.6
456.6667,1999-04-01T16:00:02.88,0.0016009420195233594,0.8703703703703706,0.8703703703703706,-2.7647999999999406,NaN,-2392.0419225599994,0.432,-2.0,NaN,8.57,9.98,-19.78,-19.82,NaN,NaN,2.5,10.0,76.07537,-164.32096,999.3,224.1,232.1,22.7,19.1,-2.0
456.7083,1999-04-01T16:59:57.12,0.00236985518369737,0.6410912190963338,0.6410912190963338,-2.843636363636404,NaN,-1565.8718289681822,0.391,-2.2,NaN,8.24,9.18,-19.21,-19.26,NaN,NaN,2.5,10.0,76.07742,-164.33009,NaN,234.0,234.9,53.6,46.2,-2.2
457.875,1999-04-02T21:00:00.0,0.519031625184206,2.708333333333335,2.708333333333335,2.5356190476190283,NaN,-7.838105599999999,0.064,-2.1,NaN,2.03,2.68,-20.93,-20.67,NaN,NaN,2.5,10.0,76.11547,-164.40353,1005.8,183.3,220.7,294.2,217.8,-2.1
458.25,1999-04-03T06:00:00.0,0.04567743531942004,0.7834274952919015,0.7834274952919015,0.0,NaN,-62.17592501249998,0.177,-4.0,NaN,4.94,5.46,-14.95,-14.95,NaN,NaN,2.5,10.0,76.12179,-164.41299,1006.9,242.2,249.3,10.3,7.7,-4.0
458.2917,1999-04-03T07:00:02.88,0.033014291360905626,0.5283797729618168,0.5283797729618168,-0.23490909090908588,NaN,-83.23089014147727,0.1615,-2.2,NaN,4.3,4.62,-14.49,-14.5,NaN,NaN,2.5,10.0,76.12269,-164.41294,1007.2,248.2,252.1,2.6,0.8,-2.2
459.7083,1999-04-04T16:59:57.12,0.01734147825689616,0.2406015037593987,0.2406015037593987,0.33380392156862043,NaN,-195.73939840000003,0.266,-5.1,NaN,5.62,5.86,-17.68,-17.66,NaN,NaN,2.5,10.0,76.12132,-164.54931,1005.5,204.3,238.5,87.6,69.8,-5.1
459.75,1999-04-04T18:00:00.0,0.03987769515286822,0.5950413223140497,0.5950413223140497,0.7039999999999849,NaN,-89.91477329999996,0.242,-8.8,NaN,4.82,5.36,-18.61,-18.53,NaN,NaN,2.5,10.0,76.1212,-164.5549,1005.2,190.0,233.7,149.9,120.8,-8.8
459.7917,1999-04-04T19:00:02.88,0.034709850208608194,0.7772795216741398,0.7772795216741398,0.4757333333333232,NaN,-101.52498588499998,0.223,-6.0,NaN,5.15,5.8,-18.31,-18.27,NaN,NaN,2.5,10.0,76.12108,-164.55956,1004.8,202.2,236.1,178.4,144.2,-6.0
459.9167,1999-04-04T22:00:02.88,0.006772300775309867,0.7721661054994392,0.7721661054994392,0.0,NaN,-424.40878259999994,0.297,-2.8,NaN,6.51,7.37,-15.12,-15.12,NaN,NaN,2.5,10.0,76.12129,-164.57473,1003.8,211.4,248.4,297.6,240.3,-2.8
459.9583,1999-04-04T22:59:57.12,0.009636674380950176,0.720955483170467,0.720955483170467,0.6698181818181675,NaN,-299.0769244636363,0.307,-4.4,NaN,6.51,7.34,-15.16,-15.13,NaN,NaN,2.5,10.0,76.12126,-164.5806,1003.4,193.6,247.3,335.4,268.5,-4.4
460.0417,1999-04-05T01:00:02.88,0.007215702552945624,0.7422680412371131,0.7422680412371131,0.9977142857142646,NaN,-414.5165193214286,0.291,-2.8,NaN,6.07,6.88,-15.7,-15.67,NaN,NaN,2.5,10.0,76.12121,-164.59648,1002.7,197.1,245.4,262.1,220.5,-2.8
460.0833,1999-04-05T01:59:57.12,0.012374343519741206,0.6795698924731184,0.6795698924731184,0.6841379310344681,NaN,-245.4675672413793,0.31,-5.8,NaN,6.28,7.07,-15.93,-15.89,NaN,NaN,2.5,10.0,76.12119,-164.60346,1002.4,194.3,244.3,224.2,192.2,-5.8
460.125,1999-04-05T03:00:00.0,0.017075693773084887,0.7397849462365594,0.7397849462365594,0.3719999999999701,NaN,-179.192865,0.31,-8.0,NaN,6.6,7.46,-16.04,-16.01,NaN,NaN,2.5,10.0,76.1212,-164.60897,1002.3,211.3,245.0,121.8,103.9,-8.0
460.1667,1999-04-05T04:00:02.88,0.024433151193817063,0.7558386411889595,0.7558386411889595,0.42218487394958587,NaN,-124.56502644705881,0.314,-11.9,NaN,6.5,7.39,-15.96,-15.91,NaN,NaN,2.5,10.0,76.1213,-164.61278,1002.3,210.2,245.0,76.8,65.4,-11.9
460.2083,1999-04-05T04:59:57.12,0.046101015788928904,0.8761904761904761,0.8761904761904761,0.6762264150943254,NaN,-67.63701132075472,0.28,-15.9,NaN,6.08,7.0,-16.33,-16.21,NaN,NaN,2.5,10.0,76.12139,-164.61299,1002.1,196.7,241.5,42.3,36.7,-15.9
460.25,1999-04-05T06:00:00.0,0.04006999035160733,0.7224080267558532,0.7224080267558532,0.6264761904762075,NaN,-80.00176200714286,0.299,-16.8,NaN,5.34,6.15,-16.76,-16.65,NaN,NaN,2.5,10.0,76.12159,-164.61502,1001.9,208.8,240.5,12.8,9.4,-16.8
460.2917,1999-04-05T07:00:02.88,0.032213197411064626,0.7523809523809524,0.7523809523809524,0.5650450450450474,NaN,-98.13137297297298,0.28,-11.1,NaN,5.33,6.12,-16.54,-16.47,NaN,NaN,2.5,10.0,76.12173,-164.6166,1001.8,218.7,242.4,2.7,0.3,-11.1
460.3333,1999-04-05T07:59:57.12,0.041807617825125654,0.8366013071895423,0.8366013071895423,0.5988990825687945,NaN,-73.52090401376145,0.255,-10.9,NaN,5.03,5.83,-16.11,-16.03,NaN,NaN,2.5,10.0,76.1217,-164.61682,1001.9,227.3,244.6,1.6,0.0,-10.9
460.375,1999-04-05T09:00:00.0,0.023815377443995412,0.6520681265206811,0.6520681265206811,0.22774025974025489,NaN,-129.6763372675325,0.274,-7.7,NaN,5.43,6.1,-16.18,-16.16,NaN,NaN,2.5,10.0,76.12175,-164.61722,1001.7,229.2,245.0,1.1,0.0,-7.7
460.4167,1999-04-05T10:00:02.88,0.03443092938100159,0.7482014388489202,0.7482014388489202,0.5368275862068987,NaN,-93.34841213793109,0.278,-11.6,NaN,5.23,6.01,-16.8,-16.73,NaN,NaN,2.5,10.0,76.12168,-164.61973,1001.5,219.1,242.2,1.0,0.0,-11.6
460.4583,1999-04-05T10:59:57.12,0.025369185830677286,0.6899766899766901,0.6899766899766901,0.39363440860214205,NaN,-127.98593734193543,0.286,-9.3,NaN,5.43,6.17,-16.96,-16.92,NaN,NaN,2.5,10.0,76.12141,-164.62136,1001.4,221.9,242.2,1.1,0.0,-9.3
460.5,1999-04-05T12:00:00.0,0.01808497158193845,0.6205450733752622,0.6205450733752622,0.3354725274725005,NaN,-183.7214164483516,0.318,-9.1,NaN,5.75,6.49,-17.33,-17.3,NaN,NaN,2.5,10.0,76.12109,-164.62337,1001.3,220.3,241.0,1.0,0.0,-9.1
460.5417,1999-04-05T13:00:02.88,0.016651938525086032,0.513842746400886,0.513842746400886,0.27132394366196605,NaN,-201.99671599859155,0.301,-7.1,NaN,5.85,6.43,-17.53,-17.51,NaN,NaN,2.5,10.0,76.12074,-164.62588,1001.3,222.3,240.5,1.3,0.0,-7.1
460.5833,1999-04-05T13:59:57.12,0.00900051521748112,0.49315068493150693,0.49315068493150693,0.0,NaN,-379.43162111999993,0.292,-3.5,NaN,5.63,6.17,-17.78,-17.78,NaN,NaN,2.5,10.0,76.12044,-164.62823,1001.3,224.4,240.1,2.9,0.3,-3.5
460.625,1999-04-05T15:00:00.0,0.05570112085495432,0.9404186795491137,0.9404186795491137,0.688207792207808,NaN,-63.482017757142856,0.207,-7.7,NaN,3.95,4.68,-18.37,-18.29,NaN,NaN,2.5,10.0,76.12024,-164.63095,1001.5,207.5,235.9,11.1,7.7,-7.7
460.6667,1999-04-05T16:00:02.88,0.09127315692311011,1.03370786516854,1.03370786516854,0.5695999999999878,NaN,-40.37357462999998,0.178,-8.0,NaN,3.71,4.4,-19.09,-19.01,NaN,NaN,2.5,10.0,76.11997,-164.63174,1001.5,212.1,234.0,34.5,27.7,-8.0
460.7083,1999-04-05T16:59:57.12,0.01253423346981509,0.6976090014064699,0.6976090014064699,-0.583384615384603,NaN,-282.16432339615386,0.237,-2.6,NaN,4.68,5.3,-18.37,-18.39,NaN,NaN,2.5,10.0,76.11999,-164.6316,1001.5,223.5,237.9,66.7,55.1,-2.6
460.75,1999-04-05T18:00:00.0,0.023447244724568245,0.7766990291262131,0.7766990291262131,0.6180000000000233,NaN,-146.78055427499993,0.206,-3.2,NaN,4.25,4.85,-17.91,-17.88,NaN,NaN,2.5,10.0,76.11999,-164.63172,1001.4,210.6,238.3,115.2,94.0,-3.2
462.5833,1999-04-07T13:59:57.12,1.1940830272001455,4.717948717948717,4.717948717948717,4.3519999999999985,NaN,-3.293472,0.052,-2.6,NaN,1.87,2.79,-20.3,-19.62,NaN,NaN,2.5,10.0,76.12581,-164.64221,1020.8,210.0,225.8,5.4,3.3,-2.6
462.6667,1999-04-07T16:00:02.88,0.5284680668571377,2.2483660130718954,2.2483660130718954,2.6262068965517216,NaN,-7.2674451310344805,0.102,-8.7,NaN,3.19,4.05,-19.86,-19.16,NaN,NaN,2.5,10.0,76.12544,-164.64629,1021.3,191.4,225.0,56.3,47.5,-8.7
462.7083,1999-04-07T16:59:57.12,0.27135710605529856,1.5757575757575768,1.5757575757575768,2.074285714285704,NaN,-14.125237499999999,0.11,-5.6,NaN,2.51,3.16,-19.81,-19.48,NaN,NaN,2.5,10.0,76.12544,-164.6478,1021.3,201.9,229.7,143.8,116.2,-5.6
462.75,1999-04-07T18:00:00.0,0.05957938324931896,0.9171974522292995,0.9171974522292995,0.9768888888888928,NaN,-57.72590391666666,0.157,-3.6,NaN,3.35,3.89,-17.9,-17.83,NaN,NaN,2.5,10.0,76.12538,-164.64922,1021.1,216.9,238.9,194.9,160.4,-3.6
462.875,1999-04-07T21:00:00.0,0.029402006931647743,0.8186046511627898,0.8186046511627898,-0.7478260869565059,NaN,-102.01957989130436,0.215,-4.6,NaN,4.48,5.14,-15.74,-15.79,NaN,NaN,2.5,10.0,76.12489,-164.6574,1021.2,205.1,244.9,309.9,242.0,-4.6
462.9583,1999-04-07T22:59:57.12,0.02162588620477028,0.6390168970814127,0.6390168970814127,-0.39679999999999155,NaN,-124.19629571999998,0.217,-3.5,NaN,4.7,5.22,-14.18,-14.2,NaN,NaN,2.5,10.0,76.12436,-164.66218,1020.8,215.6,250.9,294.2,238.8,-3.5
463.0,1999-04-08T00:00:00.0,0.01835907370730714,0.8000000000000003,0.8000000000000003,-0.681290322580671,NaN,-142.82059354838705,0.22,-3.1,NaN,4.8,5.46,-13.86,-13.89,NaN,NaN,2.5,10.0,76.12424,-164.66428,1020.6,213.1,252.1,317.5,257.1,-3.1
463.0833,1999-04-08T01:59:57.12,0.0707044013069383,0.8533333333333328,0.8533333333333328,0.42666666666665765,NaN,-34.74666666666667,0.2,-9.0,NaN,4.49,5.13,-13.03,-12.97,NaN,NaN,2.5,10.0,76.12417,-164.66929,1020.5,214.5,253.7,207.0,176.0,-9.0
463.125,1999-04-08T03:00:00.0,0.13597710897974621,1.2777777777777777,1.2777777777777777,0.8031372549019579,NaN,-18.499656282352937,0.192,-15.3,NaN,4.29,5.21,-13.33,-13.13,NaN,NaN,2.5,10.0,76.12409,-164.66988,1020.5,200.2,249.6,159.1,139.2,-15.3
463.1667,1999-04-08T04:00:02.88,0.08704214586966652,1.014844804318489,1.014844804318489,0.6460000000000065,NaN,-30.341300925,0.247,-20.8,NaN,5.02,5.96,-13.96,-13.79,NaN,NaN,2.5,10.0,76.12406,-164.67,1020.3,194.2,247.4,118.9,111.6,-20.8
463.2083,1999-04-08T04:59:57.12,0.1008506241265781,1.0777777777777775,1.0777777777777775,0.6632727272727255,NaN,-28.728785454545452,0.24,-22.0,NaN,5.32,6.29,-15.24,-15.05,NaN,NaN,2.5,10.0,76.12403,-164.67196,1020.1,192.0,243.3,61.8,64.2,-22.0
463.25,1999-04-08T06:00:00.0,0.11630116028823514,1.1965811965811974,1.1965811965811974,0.8639999999999987,NaN,-27.169927200000004,0.234,-23.4,NaN,5.02,6.07,-16.54,-16.27,NaN,NaN,2.5,10.0,76.12426,-164.67601,1020.0,189.9,238.5,20.6,22.5,-23.4
463.2917,1999-04-08T07:00:02.88,0.13235800349122903,1.304221251819505,1.304221251819505,0.9417510040160653,NaN,-24.85716036385542,0.229,-24.9,NaN,4.79,5.91,-17.18,-16.86,NaN,NaN,2.5,10.0,76.12432,-164.68026,1019.7,189.5,235.7,4.4,3.8,-24.9
463.3333,1999-04-08T07:59:57.12,0.1694681387079131,1.4533965244865723,1.4533965244865723,1.0304257028112425,NaN,-19.930978904819273,0.211,-24.9,NaN,4.47,5.62,-17.61,-17.23,NaN,NaN,2.5,10.0,76.12446,-164.68148,1019.7,186.2,233.5,0.8,0.3,-24.9
463.375,1999-04-08T09:00:00.0,0.1477145267266151,1.4395280235988197,1.4395280235988197,1.0059548872180477,NaN,-23.78501791578947,0.226,-26.6,NaN,4.79,6.01,-18.27,-17.9,NaN,NaN,2.5,10.0,76.12457,-164.68156,1019.7,183.3,231.9,0.4,0.0,-26.6
463.4167,1999-04-08T10:00:02.88,0.08941173544938592,1.0084848484848483,1.0084848484848483,0.7889655172413733,NaN,-39.349121767241385,0.275,-29.0,NaN,5.52,6.56,-18.29,-18.03,NaN,NaN,2.5,10.0,76.12461,-164.68176,1019.5,181.2,232.1,0.3,0.0,-29.0
463.4583,1999-04-08T10:59:57.12,0.11686080908169066,1.1336032388663975,1.1336032388663975,0.8365547445255451,NaN,-31.183392120437947,0.247,-27.4,NaN,5.02,6.07,-18.9,-18.61,NaN,NaN,2.5,10.0,76.12467,-164.68136,1019.5,178.8,229.0,0.2,0.0,-27.4
463.5,1999-04-08T12:00:00.0,0.07779447493347898,0.8510638297872345,0.8510638297872345,0.7658745387453888,NaN,-47.88853114981547,0.282,-27.1,NaN,5.63,6.53,-19.29,-19.06,NaN,NaN,2.5,10.0,76.12456,-164.68237,1019.2,180.6,229.0,0.3,0.0,-27.1
463.5417,1999-04-08T13:00:02.88,0.09932301940574775,1.0623306233062337,1.0623306233062337,0.6875109170305775,NaN,-39.0635800978166,0.246,-22.9,NaN,5.0,5.98,-20.03,-19.83,NaN,NaN,2.5,10.0,76.12453,-164.68462,1019.1,185.3,226.9,0.9,0.0,-22.9
463.5833,1999-04-08T13:59:57.12,0.10343955902518479,0.9719626168224291,0.9719626168224291,0.8287388535031903,NaN,-37.509724264968156,0.214,-15.7,NaN,4.48,5.26,-20.03,-19.84,NaN,NaN,2.5,10.0,76.12456,-164.68982,1019.0,195.7,228.2,5.5,4.0,-15.7
463.625,1999-04-08T15:00:00.0,0.024990744996470936,0.6520681265206811,0.6520681265206811,0.3288000000000125,NaN,-144.48432507000004,0.274,-8.0,NaN,5.11,5.78,-18.73,-18.7,NaN,NaN,2.5,10.0,76.12451,-164.6947,1018.8,219.9,235.8,21.8,18.0,-8.0
464.5833,1999-04-09T13:59:57.12,0.4250100168585957,2.0353356890459366,2.0353356890459366,1.6205473684210518,NaN,-6.933757865131576,0.1415,-19.0,NaN,2.37,3.45,-15.5,-14.82,NaN,NaN,2.5,10.0,76.12698,-164.71087,1020.9,209.4,239.5,5.9,4.6,-19.0
464.875,1999-04-09T21:00:00.0,0.5179218166878637,2.2105263157894735,2.2105263157894735,1.0808888888888897,NaN,-5.2457632,0.076,-3.6,NaN,2.2,2.83,-14.34,-14.18,NaN,NaN,2.5,10.0,76.13407,-164.71465,1023.8,207.7,246.7,333.1,268.0,-3.6
465.25,1999-04-10T06:00:00.0,0.015575551482208115,0.9404761904761905,0.9404761904761905,-1.0240000000000238,NaN,-139.93082880000003,0.224,-2.8,NaN,4.33,5.12,-11.62,-11.66,NaN,NaN,2.5,10.0,76.14968,-164.75452,1023.7,259.8,264.5,20.3,17.1,-2.8
465.3333,1999-04-10T07:59:57.12,0.01178658696764774,0.9322493224932253,0.9322493224932253,-0.8434285714285535,NaN,-195.07202922857144,0.246,-2.8,NaN,5.05,5.91,-12.23,-12.26,NaN,NaN,2.5,10.0,76.1531,-164.77074,1023.6,256.6,261.9,1.9,1.1,-2.8
465.375,1999-04-10T09:00:00.0,0.02217665425698531,0.9420289855072469,0.9420289855072469,-1.0705454545454791,NaN,-108.39336959999999,0.184,-2.2,NaN,3.79,4.44,-12.76,-12.8,NaN,NaN,2.5,10.0,76.15459,-164.77986,1023.5,256.4,260.1,1.5,0.7,-2.2
465.4583,1999-04-10T10:59:57.12,0.011312624852231761,0.8052287581699342,0.8052287581699342,-0.5439999999999884,NaN,-193.17301874999995,0.255,-3.0,NaN,4.83,5.6,-11.65,-11.67,NaN,NaN,2.5,10.0,76.15711,-164.79778,1022.7,261.8,264.2,1.3,0.2,-3.0
465.5,1999-04-10T12:00:00.0,0.018518671332979155,0.847352024922118,0.847352024922118,-0.2361379310344777,NaN,-120.5442312,0.214,-2.9,NaN,4.63,5.31,-11.89,-11.9,NaN,NaN,2.5,10.0,76.1575,-164.80474,1022.4,261.8,263.7,1.6,0.4,-2.9
465.5417,1999-04-10T13:00:02.88,0.01722396107216194,0.8658008658008658,0.8658008658008658,-0.21741176470587772,NaN,-123.01013136176475,0.231,-3.4,NaN,5.47,6.22,-11.31,-11.32,NaN,NaN,2.5,10.0,76.15777,-164.81104,1022.0,262.5,265.9,2.4,1.1,-3.4
465.5833,1999-04-10T13:59:57.12,0.006944178994177085,0.764444444444444,0.764444444444444,-0.6400000000000432,NaN,-311.3099999999999,0.3,-3.0,NaN,6.61,7.47,-11.53,-11.55,NaN,NaN,2.5,10.0,76.15784,-164.8185,1021.7,259.4,264.3,6.0,4.4,-3.0
465.625,1999-04-10T15:00:00.0,0.0068671839505026755,0.6889564336372843,0.6889564336372843,-0.2699487179487122,NaN,-339.67691046153845,0.329,-3.9,NaN,7.23,8.08,-12.4,-12.41,NaN,NaN,2.5,10.0,76.1577,-164.82585,1021.3,254.8,261.1,17.8,15.1,-3.9
465.6667,1999-04-10T16:00:02.88,0.010996912459677814,0.7272727272727275,0.7272727272727275,-0.22321951219511718,NaN,-215.16457750243896,0.286,-4.1,NaN,6.3,7.08,-12.57,-12.58,NaN,NaN,2.5,10.0,76.15787,-164.83537,1021.0,254.7,260.5,31.5,27.6,-4.1
466.2083,1999-04-11T04:59:57.12,0.07072594267746117,1.0328638497652578,1.0328638497652578,0.5702274509803926,NaN,-42.79436559058822,0.284,-25.5,NaN,6.62,7.72,-15.88,-15.72,NaN,NaN,2.5,10.0,76.16228,-164.98624,1018.8,182.5,240.8,74.5,76.1,-25.5
466.25,1999-04-11T06:00:00.0,0.07664767791101064,1.0648148148148144,1.0648148148148144,0.6743414634146254,NaN,-42.37392207386758,0.288,-28.7,NaN,6.4,7.55,-16.97,-16.76,NaN,NaN,2.5,10.0,76.16328,-164.99791,1018.7,188.3,238.0,31.9,34.3,-28.7
466.2917,1999-04-11T07:00:02.88,0.048791654534451855,0.8296296296296292,0.8296296296296292,0.5482845188284476,NaN,-66.61817039748954,0.315,-23.9,NaN,7.03,8.01,-16.98,-16.85,NaN,NaN,2.5,10.0,76.16382,-165.00836,1018.7,196.9,239.1,10.5,10.5,-23.9
466.3333,1999-04-11T07:59:57.12,0.03981859386244899,0.8115942028985508,0.8115942028985508,0.47437499999999744,NaN,-82.86511201171872,0.345,-25.6,NaN,7.55,8.6,-17.22,-17.11,NaN,NaN,2.5,10.0,76.1644,-165.01965,1018.9,197.9,238.5,1.8,1.3,-25.6
466.375,1999-04-11T09:00:00.0,0.06596410231085947,0.8743169398907104,0.8743169398907104,0.6016438356164374,NaN,-52.90717230308219,0.305,-29.2,NaN,7.34,8.34,-18.15,-17.97,NaN,NaN,2.5,10.0,76.16456,-165.02926,1019.2,177.9,232.7,0.0,0.0,-29.2
466.4167,1999-04-11T10:00:02.88,0.08914221751251995,1.0270906949352179,1.0270906949352179,0.6344968152866208,NaN,-41.49028499235668,0.283,-31.4,NaN,6.82,7.91,-19.16,-18.94,NaN,NaN,2.5,10.0,76.16457,-165.03811,1019.4,175.3,228.8,0.0,0.0,-31.4
466.4583,1999-04-11T10:59:57.12,0.030044126128962557,0.7676767676767677,0.7676767676767677,0.3142857142857188,NaN,-120.45312321428571,0.33,-16.8,NaN,7.45,8.4,-18.77,-18.72,NaN,NaN,2.5,10.0,76.16485,-165.04664,1019.5,222.4,236.2,1.3,0.4,-16.8
466.5417,1999-04-11T13:00:02.88,0.04089786454578266,0.8290598290598296,0.8290598290598296,0.46557512953367797,NaN,-90.40584422797926,0.312,-19.3,NaN,7.24,8.21,-19.15,-19.06,NaN,NaN,2.5,10.0,76.16654,-165.0731,1019.8,195.6,232.3,2.1,1.3,-19.3
466.5833,1999-04-11T13:59:57.12,0.06200194595816691,0.9001051524710832,0.9001051524710832,0.528677524429968,NaN,-59.4246447723127,0.317,-30.7,NaN,7.24,8.31,-19.09,-18.93,NaN,NaN,2.5,10.0,76.16737,-165.08543,1019.9,178.9,230.2,9.9,8.9,-30.7
466.625,1999-04-11T15:00:00.0,0.0677667193273506,0.8861538461538462,0.8861538461538462,0.6033149171270641,NaN,-53.56894423342541,0.325,-36.2,NaN,7.35,8.43,-18.83,-18.62,NaN,NaN,2.5,10.0,76.16808,-165.09511,1020.2,174.8,230.9,38.3,32.9,-36.2
466.6667,1999-04-11T16:00:02.88,0.05077280624846197,0.8533333333333334,0.8533333333333334,0.4941176470588188,NaN,-67.56595588235291,0.35,-34.0,NaN,7.97,9.09,-17.86,-17.71,NaN,NaN,2.5,10.0,76.16852,-165.10438,1020.4,177.0,234.4,90.6,72.4,-34.0
466.7083,1999-04-11T16:59:57.12,0.03988686118330494,0.7424242424242429,0.7424242424242429,0.4969411764705923,NaN,-84.5185626352941,0.352,-27.2,NaN,7.75,8.73,-17.57,-17.45,NaN,NaN,2.5,10.0,76.16906,-165.11455,1020.7,178.0,235.5,142.5,108.6,-27.2
466.75,1999-04-11T18:00:00.0,0.0348208926185206,0.8143712574850296,0.8143712574850296,0.526502463054176,NaN,-95.70054022463053,0.334,-20.3,NaN,7.65,8.67,-17.38,-17.28,NaN,NaN,2.5,10.0,76.16944,-165.12672,1020.9,178.7,236.7,226.7,172.5,-20.3
466.7917,1999-04-11T19:00:02.88,0.021524194531764754,0.7992087042532143,0.7992087042532143,0.6687751937984651,NaN,-152.7349863906977,0.337,-12.9,NaN,7.85,8.86,-17.16,-17.08,NaN,NaN,2.5,10.0,76.16973,-165.1382,1021.3,182.8,238.5,290.5,221.9,-12.9
466.8333,1999-04-11T19:59:57.12,0.009263033367781778,0.6647780925401329,0.6647780925401329,4.059500000000007,NaN,-339.1808304609374,0.353,-6.4,NaN,7.76,8.64,-16.45,-16.22,NaN,NaN,2.5,10.0,76.16981,-165.14963,1021.7,191.1,241.1,329.6,253.6,-6.4
466.875,1999-04-11T21:00:00.0,0.006966703864444537,0.6879227053140088,0.6879227053140088,7.114666666666645,NaN,-441.02333249999987,0.345,-4.5,NaN,7.65,8.54,-16.11,-15.82,NaN,NaN,2.5,10.0,76.16981,-165.16164,1022.1,183.1,242.0,386.6,297.4,-4.5
466.9167,1999-04-11T22:00:02.88,0.01252055579470448,0.7017543859649118,0.7017543859649118,5.125670886075939,NaN,-234.5415428050633,0.342,-7.9,NaN,7.55,8.45,-15.44,-15.07,NaN,NaN,2.5,10.0,76.16981,-165.17471,1022.3,178.7,243.9,397.8,312.0,-7.9
466.9583,1999-04-11T22:59:57.12,0.015475422429282357,0.725146198830409,0.725146198830409,4.801959183673466,NaN,-177.92587550204084,0.342,-9.8,NaN,7.35,8.28,-14.53,-14.1,NaN,NaN,2.5,10.0,76.16983,-165.1879,1022.3,180.2,247.1,391.4,317.0,-9.8
467.0,1999-04-12T00:00:00.0,0.015838203787001418,0.7279693486590033,0.7279693486590033,4.727547169811332,NaN,-163.76596872452825,0.348,-10.6,NaN,7.23,8.18,-13.73,-13.28,NaN,NaN,2.5,10.0,76.16976,-165.20031,1022.3,181.0,249.6,364.9,308.2,-10.6
467.0417,1999-04-12T01:00:02.88,0.022156972722015812,0.8670756646216773,0.8670756646216773,3.3348196721311525,NaN,-115.01328098360658,0.326,-12.2,NaN,6.92,7.98,-13.5,-13.11,NaN,NaN,2.5,10.0,76.16967,-165.2126,1022.3,179.4,249.7,321.8,283.1,-12.2
467.0833,1999-04-12T01:59:57.12,0.02164668609338742,0.8072072072072073,0.8072072072072073,1.7691954022988492,NaN,-120.69387241379309,0.37,-17.4,NaN,7.64,8.76,-13.82,-13.56,NaN,NaN,2.5,10.0,76.16941,-165.22524,1022.1,177.6,248.8,265.9,241.9,-17.4
467.125,1999-04-12T03:00:00.0,0.02940815290170004,0.7713498622589524,0.7713498622589524,1.0417937219730997,NaN,-90.40919264798205,0.363,-22.3,NaN,7.32,8.37,-14.05,-13.85,NaN,NaN,2.5,10.0,76.16892,-165.23746,1022.0,178.0,246.5,202.3,191.9,-22.3
467.1667,1999-04-12T04:00:02.88,0.029465063307267402,0.7216494845360824,0.7216494845360824,0.9585882352941135,NaN,-95.73402903529413,0.388,-27.2,NaN,6.8,7.85,-14.86,-14.65,NaN,NaN,2.5,10.0,76.16842,-165.24871,1021.8,178.1,243.0,136.2,138.3,-27.2
467.2083,1999-04-12T04:59:57.12,0.03226050916192276,0.7619047619047625,0.7619047619047625,0.8198692810457486,NaN,-93.24813603137255,0.392,-30.6,NaN,7.02,8.14,-15.79,-15.59,NaN,NaN,2.5,10.0,76.16784,-165.25911,1021.5,177.1,239.9,77.2,85.8,-30.6
467.25,1999-04-12T06:00:00.0,0.04782780399039641,0.8030303030303034,0.8030303030303034,0.6544831804281389,NaN,-67.78208105688073,0.352,-32.7,NaN,6.59,7.65,-16.94,-16.75,NaN,NaN,2.5,10.0,76.16702,-165.26715,1021.3,173.8,235.5,33.5,41.3,-32.7
467.2917,1999-04-12T07:00:02.88,0.056432636282488506,0.9025641025641021,0.9025641025641021,0.5854304635761648,NaN,-62.57494308774836,0.325,-30.2,NaN,6.07,7.17,-18.35,-18.18,NaN,NaN,2.5,10.0,76.16606,-165.2739,1021.2,172.9,230.8,10.3,11.9,-30.2
467.3333,1999-04-12T07:59:57.12,0.08506053125928266,1.1201982651796776,1.1201982651796776,0.5024124513618748,NaN,-44.17140688249029,0.269,-25.7,NaN,5.65,6.78,-19.44,-19.29,NaN,NaN,2.5,10.0,76.16497,-165.27921,1021.1,174.4,227.5,2.4,2.2,-25.7
467.375,1999-04-12T09:00:00.0,0.0789529880003191,1.051643192488263,1.051643192488263,0.4219428571428539,NaN,-49.281276891428554,0.284,-28.0,NaN,5.86,6.98,-20.08,-19.95,NaN,NaN,2.5,10.0,76.16374,-165.28452,1020.8,172.8,225.6,0.6,0.5,-28.0
467.4167,1999-04-12T10:00:02.88,0.13432195732082816,1.2911010558069385,1.2911010558069385,0.5367142857142799,NaN,-29.822859700446433,0.221,-22.4,NaN,5.52,6.59,-20.63,-20.46,NaN,NaN,2.5,10.0,76.1624,-165.28998,1020.6,171.8,223.2,0.4,0.2,-22.4
467.4583,1999-04-12T10:59:57.12,0.10718767813721079,1.1761723700887199,1.1761723700887199,0.5032823920265772,NaN,-37.80315647342193,0.263,-30.1,NaN,5.53,6.69,-20.85,-20.67,NaN,NaN,2.5,10.0,76.16094,-165.29365,1020.3,170.7,223.0,0.5,0.3,-30.1
467.5,1999-04-12T12:00:00.0,0.11097544986986936,1.206349206349206,1.206349206349206,0.5003211678832168,NaN,-36.7601942890511,0.252,-27.4,NaN,5.74,6.88,-20.98,-20.81,NaN,NaN,2.5,10.0,76.15937,-165.29648,1019.8,171.9,222.8,0.7,0.4,-27.4
467.5417,1999-04-12T13:00:02.88,0.08097957122250234,1.0074074074074069,1.0074074074074069,0.4214634146341498,NaN,-50.09563536585366,0.27,-24.6,NaN,6.25,7.27,-20.87,-20.75,NaN,NaN,2.5,10.0,76.15801,-165.29809,1019.2,181.0,224.4,2.8,2.2,-24.6
467.5833,1999-04-12T13:59:57.12,0.055878386179997026,0.9082125603864729,0.9082125603864729,0.5823296703296752,NaN,-69.03454185494506,0.276,-18.2,NaN,5.62,6.56,-19.92,-19.8,NaN,NaN,2.5,10.0,76.15667,-165.30148,1019.0,213.1,231.7,11.3,9.0,-18.2
467.625,1999-04-12T15:00:00.0,0.026321996240062265,0.7239404352806416,0.7239404352806416,0.0,NaN,-135.8491169584158,0.291,-10.1,NaN,6.36,7.15,-18.56,-18.56,NaN,NaN,2.5,10.0,76.15473,-165.30865,1018.5,220.3,236.4,33.9,27.9,-10.1
467.6667,1999-04-12T16:00:02.88,0.02022461758501546,0.7417218543046356,0.7417218543046356,0.0,NaN,-169.06076634482758,0.302,-8.7,NaN,6.67,7.51,-17.8,-17.8,NaN,NaN,2.5,10.0,76.15305,-165.31549,1018.0,220.8,239.1,72.0,59.8,-8.7
467.7083,1999-04-12T16:59:57.12,0.01887740271247639,0.6556169429097604,0.6556169429097604,0.4964571428571323,NaN,-178.60379891999997,0.362,-14.0,NaN,7.2,8.09,-17.57,-17.51,NaN,NaN,2.5,10.0,76.15132,-165.32074,1017.4,208.4,238.2,103.4,87.5,-14.0
467.75,1999-04-12T18:00:00.0,0.012324418032654548,0.6319845857418114,0.6319845857418114,1.6607999999999645,NaN,-263.9082354899999,0.346,-8.0,NaN,6.68,7.5,-16.99,-16.87,NaN,NaN,2.5,10.0,76.14946,-165.32876,1017.1,214.0,240.9,170.3,135.2,-8.0
467.7917,1999-04-12T19:00:02.88,0.009936412019271488,0.612137203166227,0.612137203166227,1.569505882352933,NaN,-312.99762575647054,0.379,-8.5,NaN,6.79,7.66,-16.29,-16.18,NaN,NaN,2.5,10.0,76.14728,-165.33765,1016.7,213.5,242.6,190.4,157.1,-8.5
468.2083,1999-04-13T04:59:57.12,0.00905663587340441,0.8373151308304891,0.8373151308304891,1.3022222222222406,NaN,-310.22966966666655,0.293,-3.6,NaN,6.71,7.63,-14.8,-14.75,NaN,NaN,2.5,10.0,NaN,NaN,1014.5,234.5,251.4,65.7,55.9,-3.6
468.2917,1999-04-13T07:00:02.88,0.03328716213867738,0.8261437908496732,0.8261437908496732,0.09379310344827388,NaN,-88.28152758620688,0.255,-8.7,NaN,6.19,6.98,-15.44,-15.43,NaN,NaN,2.5,10.0,76.13324,-165.44205,1014.2,226.3,248.2,9.4,7.5,-8.7
469.375,1999-04-14T09:00:00.0,0.043284415239116615,0.997289972899729,0.997289972899729,0.46305882352940203,NaN,-62.91919715294117,0.246,-10.2,-0.7,5.57,6.49,-14.37,-14.31,NaN,NaN,2.5,10.0,76.13215,-165.51381,1009.3,215.9,250.8,-2.3,-1.8,-10.2
469.4167,1999-04-14T10:00:02.88,0.11486217115686204,1.2705882352941182,1.2705882352941182,0.6112359550561777,NaN,-25.404074157303377,0.17,-8.9,-0.2,4.43,5.24,-15.34,-15.24,NaN,NaN,2.5,10.0,76.13227,-165.51328,1009.3,217.7,247.0,-2.2,-1.8,-8.9
469.4583,1999-04-14T10:59:57.12,0.12597398799252,1.43126177024482,1.43126177024482,0.7208727272727301,NaN,-23.834419658181815,0.177,-11.0,NaN,4.32,5.27,-15.76,-15.62,NaN,NaN,2.5,10.0,76.13227,-165.51366,1009.3,216.5,245.4,-2.2,-1.7,-11.0
469.5,1999-04-14T12:00:00.0,0.10900771868955256,1.2859560067681897,1.2859560067681897,0.6737099236641249,NaN,-28.398767189312977,0.197,-13.1,NaN,4.74,5.69,-16.22,-16.08,NaN,NaN,2.5,10.0,76.13214,-165.51419,1009.1,215.4,243.2,-1.9,-1.4,-13.1
469.5417,1999-04-14T13:00:02.88,0.026493740153801133,0.9382716049382713,0.9382716049382713,-0.1645714285714543,NaN,-114.81375085714282,0.216,-4.2,NaN,5.16,5.92,-15.95,-15.96,NaN,NaN,2.5,10.0,76.13214,-165.51399,1008.9,247.4,248.9,0.9,0.6,-4.2
469.5833,1999-04-14T13:59:57.12,0.01226734551435214,0.7229629629629624,0.7229629629629624,-1.9636363636363796,NaN,-243.86292613636365,0.225,-2.2,NaN,5.78,6.39,-15.7,-15.76,NaN,NaN,2.5,10.0,76.13224,-165.51418,1008.9,243.0,249.7,11.1,9.4,-2.2
469.75,1999-04-14T18:00:00.0,0.02828575640387288,0.8186046511627909,0.8186046511627909,0.6254545454545876,NaN,-116.95660397727272,0.215,-4.4,NaN,5.56,6.22,-17.26,-17.22,NaN,NaN,2.5,10.0,76.13205,-165.51523,1008.7,189.0,240.4,239.3,181.4,-4.4
470.0833,1999-04-15T01:59:57.12,0.022232099583226653,0.7772795216741408,0.7772795216741408,7.136000000000011,NaN,-125.48271582307696,0.223,-3.9,0.1,5.47,6.12,-14.71,-14.32,NaN,NaN,2.5,10.0,76.1301,-165.53878,1006.6,186.7,246.9,285.5,240.6,-3.9
470.125,1999-04-15T03:00:00.0,0.048636070675761735,0.9170437405731521,0.9170437405731521,2.2153253012048175,NaN,-57.66262611325301,0.221,-8.3,-0.2,5.36,6.12,-14.78,-14.52,NaN,NaN,2.5,10.0,NaN,NaN,1006.4,186.4,245.6,223.5,196.3,-8.3
470.2083,1999-04-15T04:59:57.12,0.023305025801820135,0.74931129476584,0.74931129476584,0.2978461538461475,NaN,-128.77885730769228,0.242,-5.2,-0.1,5.15,5.83,-15.75,-15.73,NaN,NaN,2.5,10.0,76.12954,-165.54953,1005.9,225.3,246.7,84.5,76.3,-5.2
470.25,1999-04-15T06:00:00.0,0.10255370763526381,1.2907801418439717,1.2907801418439717,0.8995887850467298,NaN,-30.739370467289714,0.188,-10.7,-0.1,4.1,5.01,-16.5,-16.34,NaN,NaN,2.5,10.0,76.12934,-165.55109,1005.8,192.0,240.4,37.9,37.9,-10.7
470.2917,1999-04-15T07:00:02.88,0.2083070481472386,1.7225672877846783,1.7225672877846783,1.0228235294117631,NaN,-16.110092095588236,0.161,-13.6,0.1,3.98,5.02,-17.5,-17.23,NaN,NaN,2.5,10.0,76.1293,-165.55112,1005.7,198.2,236.7,11.1,11.1,-13.6
470.3333,1999-04-15T07:59:57.12,0.09226452803775001,1.0837138508371382,1.0837138508371382,0.8760000000000059,NaN,-34.82725878947368,0.219,-15.2,-0.5,4.41,5.3,-16.8,-16.61,NaN,NaN,2.5,10.0,76.12913,-165.55151,1005.7,206.7,239.1,1.7,2.0,-15.2
470.375,1999-04-15T09:00:00.0,0.15134717207582615,1.325536062378167,1.325536062378167,0.8276974789915954,NaN,-20.34539635462185,0.171,-11.9,-0.2,4.32,5.17,-16.14,-15.96,NaN,NaN,2.5,10.0,76.12914,-165.55121,1005.7,217.1,241.5,-1.3,-1.0,-11.9
470.4167,1999-04-15T10:00:02.88,0.03821857994184977,0.9912739965095985,0.9912739965095985,0.14552380952380642,NaN,-76.09910542142855,0.191,-4.2,-0.1,4.73,5.44,-15.29,-15.28,NaN,NaN,2.5,10.0,76.12908,-165.55157,1005.7,249.0,249.0,-1.1,-1.3,-4.2
472.375,1999-04-17T09:00:00.0,0.5627050737018999,3.6714975845410627,3.6714975845410627,3.3119999999999954,NaN,-2.6379272699999996,0.069,-3.0,-0.1,2.42,3.37,-8.03,-7.58,NaN,NaN,2.5,10.0,76.12805,-165.55533,1007.2,256.0,270.7,-0.9,-0.4,-3.0
472.4583,1999-04-17T10:59:57.12,0.286391495240194,2.974358974358975,2.974358974358975,5.105454545454557,NaN,-5.636383527272727,0.078,-2.2,0.0,2.11,2.98,-8.71,-8.26,NaN,NaN,2.5,10.0,76.12801,-165.55472,NaN,286.6,277.9,0.1,0.1,-2.2
475.3333,1999-04-20T07:59:57.12,0.02078523367035027,1.0999200639488405,1.0999200639488405,-0.22240000000003474,NaN,-115.92810115874995,0.2085,-3.0,-0.3,7.91,8.77,-12.79,-12.8,NaN,NaN,2.5,10.0,76.09219,-165.61755,1008.6,233.9,258.9,7.7,6.7,-3.0
475.5417,1999-04-20T13:00:02.88,0.03788248029362269,0.5875706214689269,0.5875706214689269,0.4935947712418305,NaN,-80.38977034313723,0.295,-15.3,-0.6,6.83,7.48,-15.97,-15.89,NaN,NaN,2.5,10.0,76.07504,-165.58818,1010.7,206.4,243.9,5.4,5.0,-15.3
475.5833,1999-04-20T13:59:57.12,0.020616917338994817,0.37094281298299786,0.37094281298299786,0.18821818181817782,NaN,-143.02199850920456,0.3235,-11.0,-0.4,6.82,7.27,-15.49,-15.47,NaN,NaN,2.5,10.0,76.07185,-165.58064,1011.1,225.4,247.5,13.5,12.1,-11.0
476.1667,1999-04-21T04:00:02.88,0.07507760139408573,0.6030624263839818,0.6030624263839818,0.5488484848485219,NaN,-50.249749814772706,0.1415,-3.3,0.1,3.4,3.72,-19.51,-19.47,NaN,NaN,2.5,10.0,76.04983,-165.48358,1017.9,174.8,230.9,201.9,186.7,-3.3
476.2083,1999-04-21T04:59:57.12,0.27445040234606133,1.5202492211838003,1.5202492211838003,1.5144615384615414,NaN,-14.410746213461538,0.107,-5.2,-0.1,2.67,3.28,-20.39,-20.16,NaN,NaN,2.5,10.0,76.04978,-165.48241,1018.2,173.1,226.3,129.3,128.7,-5.2
476.25,1999-04-21T06:00:00.0,1.5448094230645981,3.6284153005464463,3.6284153005464463,2.2773333333333423,NaN,-2.732599038888889,0.061,-5.4,NaN,2.47,3.3,-21.67,-21.04,NaN,NaN,2.5,10.0,76.05007,-165.48147,1018.6,171.1,220.4,71.9,79.9,-5.4
476.2917,1999-04-21T07:00:02.88,1.4260624505963762,4.348717948717948,4.348717948717948,3.258666666666658,NaN,-3.176038125,0.065,-6.0,NaN,2.27,3.33,-23.13,-22.19,NaN,NaN,2.5,10.0,76.05023,-165.48131,1018.9,169.9,214.5,31.5,40.6,-6.0
476.4583,1999-04-21T10:59:57.12,1.7453397519010247,4.129032258064517,4.129032258064517,2.078476190476191,NaN,-2.9337041904761905,0.062,-6.3,NaN,1.95,2.91,-25.85,-25.19,NaN,NaN,2.5,10.0,76.05216,-165.47466,1020.0,189.8,211.6,1.6,2.0,-6.3
476.5,1999-04-21T12:00:00.0,1.1404602407081283,4.723809523809523,4.723809523809523,2.8895999999999984,NaN,-4.459171499999999,0.0525,-2.5,NaN,1.7,2.63,-25.68,-25.25,NaN,NaN,2.5,10.0,76.05294,-165.4719,1020.3,188.3,211.2,3.6,4.0,-2.5
476.5417,1999-04-21T13:00:02.88,0.7649636343291935,2.9511111111111115,2.9511111111111115,1.2734693877551093,NaN,-6.465019132653061,0.075,-4.9,NaN,2.38,3.21,-25.03,-24.77,NaN,NaN,2.5,10.0,76.05352,-165.46975,1020.3,189.4,213.3,10.1,9.6,-4.9
476.5833,1999-04-21T13:59:57.12,1.4209954532651996,4.213333333333332,4.213333333333332,1.777777777777782,NaN,-3.4402777777777778,0.05,-2.7,NaN,1.84,2.63,-24.77,-24.47,NaN,NaN,2.5,10.0,76.05404,-165.46659,1020.4,193.3,214.7,23.8,21.1,-2.7
477.1667,1999-04-22T04:00:02.88,0.35200684368476076,2.1792114695340508,2.1792114695340508,0.9469090909090946,NaN,-10.496858849999999,0.093,-4.4,-0.1,3.17,3.93,-19.14,-19.0,NaN,NaN,2.5,10.0,76.06198,-165.47947,1021.1,191.4,231.6,149.0,134.2,-4.4
477.25,1999-04-22T06:00:00.0,0.2269813049065141,1.8616352201257858,1.8616352201257858,1.372952380952366,NaN,-16.350948228571422,0.106,-4.2,-0.2,3.27,4.01,-19.22,-19.05,NaN,NaN,2.5,10.0,76.06258,-165.47942,1021.2,199.1,231.1,51.9,46.8,-4.2
477.2917,1999-04-22T07:00:02.88,0.5977704435205554,3.5772357723577235,3.5772357723577235,2.4181960784313667,NaN,-6.613172658823531,0.082,-5.1,0.0,2.76,3.86,-20.39,-19.92,NaN,NaN,2.5,10.0,76.06299,-165.47956,1021.4,196.0,225.7,29.2,26.3,-5.1
477.3333,1999-04-22T07:59:57.12,0.18807464179390004,1.9495798319327735,1.9495798319327735,1.2434285714285724,NaN,-21.09887849999999,0.119,-4.9,0.0,3.16,4.03,-20.45,-20.29,NaN,NaN,2.5,10.0,76.06359,-165.48019,1021.6,217.0,230.4,11.8,10.4,-4.9
477.375,1999-04-22T09:00:00.0,0.09363808795390158,1.3873873873873868,1.3873873873873868,0.40306382978722544,NaN,-41.425963302127656,0.148,-4.7,0.1,3.79,4.56,-20.02,-19.98,NaN,NaN,2.5,10.0,76.06443,-165.47985,1021.8,213.9,231.0,2.7,2.6,-4.7
477.4167,1999-04-22T10:00:02.88,0.08297822594306897,1.1601731601731593,1.1601731601731593,0.5242553191489436,NaN,-45.71546619574468,0.154,-4.7,-0.2,3.89,4.56,-19.61,-19.56,NaN,NaN,2.5,10.0,76.06514,-165.48034,1022.1,213.4,231.8,0.2,0.5,-4.7
477.4583,1999-04-22T10:59:57.12,0.4594895529376077,2.564102564102564,2.564102564102564,1.372799999999993,NaN,-8.541936,0.104,-8.0,0.0,3.71,4.71,-20.25,-19.92,NaN,NaN,2.5,10.0,76.0658,-165.48088,1022.4,193.3,225.1,-0.4,0.1,-8.0
477.5,1999-04-22T12:00:00.0,0.3076078753726863,2.1016949152542366,2.1016949152542366,1.258666666666657,NaN,-13.239046307692304,0.118,-7.8,-0.2,3.59,4.52,-20.95,-20.69,NaN,NaN,2.5,10.0,76.06631,-165.48127,1022.5,200.9,225.0,3.1,3.1,-7.8
477.5417,1999-04-22T13:00:02.88,0.17589265944227434,1.833333333333334,1.833333333333334,1.0808888888888961,NaN,-23.323852799999994,0.144,-8.1,0.0,3.8,4.79,-21.09,-20.9,NaN,NaN,2.5,10.0,76.06679,-165.48264,1022.5,198.6,224.9,11.4,10.3,-8.1
477.5833,1999-04-22T13:59:57.12,0.5695024627225104,3.1890034364261166,3.1890034364261166,1.7848000000000033,NaN,-7.437144108750002,0.097,-8.0,0.0,3.29,4.45,-21.73,-21.27,NaN,NaN,2.5,10.0,76.067,-165.48347,1022.5,189.8,220.1,27.4,25.1,-8.0
477.625,1999-04-22T15:00:00.0,0.05597787748803716,1.333333333333333,1.333333333333333,0.5074285714285908,NaN,-72.55825165714286,0.148,-2.8,0.0,3.48,4.22,-20.89,-20.86,NaN,NaN,2.5,10.0,76.06731,-165.48504,1022.6,221.0,230.1,60.6,52.4,-2.8
477.7083,1999-04-22T16:59:57.12,0.26855228146250126,1.7111111111111104,1.7111111111111104,0.8000000000000114,NaN,-14.075999999999999,0.12,-7.2,-0.1,3.91,4.68,-19.55,-19.4,NaN,NaN,2.5,10.0,76.06803,-165.48938,1022.8,183.7,227.3,153.9,130.9,-7.2
477.75,1999-04-22T18:00:00.0,0.2436258503701285,2.113207547169812,2.113207547169812,0.5276444444444466,NaN,-15.57848928,0.106,-4.5,-0.2,3.28,4.12,-19.62,-19.55,NaN,NaN,2.5,10.0,76.06822,-165.49273,1023.1,204.7,232.0,242.7,195.8,-4.5
478.2083,1999-04-23T04:59:57.12,0.20368057386875985,1.3708920187793436,1.3708920187793436,0.6990769230769258,NaN,-17.085333890109887,0.142,-9.1,-0.1,4.17,4.9,-18.1,-17.96,NaN,NaN,2.5,10.0,76.06606,-165.52332,1024.7,187.2,233.2,104.4,100.3,-9.1
478.25,1999-04-23T06:00:00.0,0.5950736072031819,2.822006472491909,2.822006472491909,1.3379801980198023,NaN,-6.296704099009898,0.103,-10.1,-0.1,3.55,4.64,-19.4,-18.99,NaN,NaN,2.5,10.0,76.06534,-165.52289,1025.0,184.0,226.8,58.7,58.5,-10.1
478.2917,1999-04-23T07:00:02.88,0.48670468208690343,2.810810810810811,2.810810810810811,1.4483883495145566,NaN,-8.110184609708739,0.111,-10.3,0.0,3.42,4.59,-20.36,-19.94,NaN,NaN,2.5,10.0,76.06454,-165.52253,1025.2,188.4,224.8,35.6,34.9,-10.3
478.3333,1999-04-23T07:59:57.12,0.38254520350661625,2.7111111111111117,2.7111111111111117,1.4682352941176358,NaN,-10.703435294117646,0.12,-10.2,0.1,3.39,4.61,-21.06,-20.67,NaN,NaN,2.5,10.0,76.06388,-165.52146,1025.7,190.9,223.0,16.5,15.6,-10.2
478.375,1999-04-23T09:00:00.0,0.26937878751756056,1.9903381642512072,1.9903381642512072,1.255926605504582,NaN,-15.602067809174315,0.138,-10.9,0.0,3.68,4.71,-21.57,-21.26,NaN,NaN,2.5,10.0,76.06341,-165.5204,1026.2,189.8,221.6,3.5,3.5,-10.9
478.4167,1999-04-23T10:00:02.88,0.31204897727056025,2.1449275362318847,2.1449275362318847,1.226666666666672,NaN,-13.841179200000004,0.138,-12.6,0.0,3.79,4.9,-22.12,-21.77,NaN,NaN,2.5,10.0,76.06297,-165.51942,1026.8,185.8,219.6,0.7,1.1,-12.6
478.4583,1999-04-23T10:59:57.12,0.5772135562078623,2.8965517241379315,2.8965517241379315,1.4525217391304326,NaN,-7.801086747826087,0.116,-13.8,0.2,3.48,4.74,-22.99,-22.45,NaN,NaN,2.5,10.0,76.06264,-165.51876,1027.2,173.1,213.8,0.3,1.0,-13.8
478.5,1999-04-23T12:00:00.0,0.6935115118633473,3.0825688073394493,3.0825688073394493,1.8076496350364986,NaN,-6.834350124087591,0.109,-13.7,NaN,3.45,4.71,-24.1,-23.39,NaN,NaN,2.5,10.0,76.06206,-165.5178,1027.7,170.3,210.1,3.0,3.6,-13.7
478.5417,1999-04-23T13:00:02.88,0.6553500150087829,2.923976608187135,2.923976608187135,1.6514594594594636,NaN,-7.285592724324325,0.114,-14.8,NaN,3.36,4.61,-24.26,-23.59,NaN,NaN,2.5,10.0,76.06164,-165.51688,1028.1,170.7,209.7,11.4,11.0,-14.8
478.5833,1999-04-23T13:59:57.12,0.9839110571829268,3.714285714285714,3.714285714285714,2.204764044943811,NaN,-4.792910885393258,0.084,-8.9,NaN,2.92,4.09,-23.99,-23.26,NaN,NaN,2.5,10.0,76.06113,-165.5169,1028.6,178.1,211.3,34.8,30.2,-8.9
478.625,1999-04-23T15:00:00.0,0.20044484595937728,1.2517006802721096,1.2517006802721096,1.1520000000000092,NaN,-21.023396099999996,0.147,-9.8,-0.2,3.51,4.2,-21.62,-21.38,NaN,NaN,2.5,10.0,76.06073,-165.51622,1029.0,203.0,223.7,64.8,54.9,-9.8
478.6667,1999-04-23T16:00:02.88,0.14094766570704248,0.8888888888888891,0.8888888888888891,0.7326315789473614,NaN,-30.776350736842097,0.174,-11.4,-0.2,3.8,4.38,-22.2,-22.05,NaN,NaN,2.5,10.0,76.0599,-165.51594,1029.5,170.2,218.3,173.6,127.2,-11.4
478.7083,1999-04-23T16:59:57.12,0.11116936787404719,0.6956521739130427,0.6956521739130427,0.3628169014084559,NaN,-40.48670356056339,0.161,-7.1,-0.2,3.93,4.35,-22.96,-22.91,NaN,NaN,2.5,10.0,76.05909,-165.51516,1030.0,168.8,217.1,212.7,158.5,-7.1
478.75,1999-04-23T18:00:00.0,0.03821643012100561,0.5692883895131085,0.5692883895131085,-0.8630303030303154,NaN,-116.8454073454545,0.178,-3.3,-0.2,4.24,4.62,-22.79,-22.84,NaN,NaN,2.5,10.0,76.05818,-165.51481,1030.3,169.4,219.6,321.5,226.5,-3.3
479.125,1999-04-24T03:00:00.0,0.05124698193842016,0.6205450733752614,0.6205450733752614,-0.4770000000000181,NaN,-72.16579954687498,0.159,-3.2,-0.1,3.72,4.09,-19.15,-19.18,NaN,NaN,2.5,10.0,76.04955,-165.50912,1033.6,170.8,230.7,273.4,238.0,-3.2
479.1667,1999-04-24T04:00:02.88,0.10914103100082088,0.8774193548387095,0.8774193548387095,0.6298412698412564,NaN,-35.022157738095245,0.155,-6.3,-0.2,3.39,3.9,-19.75,-19.67,NaN,NaN,2.5,10.0,76.04879,-165.50739,1034.1,169.7,227.7,210.9,193.3,-6.3
479.2083,1999-04-24T04:59:57.12,0.2469621868658434,1.4583333333333337,1.4583333333333337,1.1264000000000123,NaN,-16.28700672,0.128,-8.0,-0.2,3.09,3.79,-20.71,-20.49,NaN,NaN,2.5,10.0,76.04825,-165.50588,1034.4,169.2,223.1,138.6,135.3,-8.0
479.25,1999-04-24T06:00:00.0,0.48072626627068427,2.2648401826484026,2.2648401826484026,1.4810721649484413,NaN,-8.965839228865978,0.1095,-9.7,0.0,2.88,3.81,-22.08,-21.67,NaN,NaN,2.5,10.0,76.04766,-165.50492,1034.7,170.1,217.1,65.7,65.7,-9.7
479.2917,1999-04-24T07:00:02.88,0.43537530047747447,1.8620689655172413,1.8620689655172413,1.3206153846153883,NaN,-10.409975630769232,0.116,-10.4,0.0,2.87,3.68,-23.12,-22.75,NaN,NaN,2.5,10.0,76.04721,-165.50365,1035.1,178.8,216.0,38.8,37.1,-10.4
479.3333,1999-04-24T07:59:57.12,0.48462914553276826,2.1829457364341085,2.1829457364341085,1.3834782608695557,NaN,-9.515723997961956,0.1075,-9.2,-0.1,2.79,3.67,-23.49,-23.12,NaN,NaN,2.5,10.0,76.04673,-165.50185,1035.5,185.9,215.7,18.1,17.4,-9.2
479.375,1999-04-24T09:00:00.0,0.3767394499745567,1.8540772532188843,1.8540772532188843,0.9832087912087848,NaN,-12.24970135302198,0.1165,-9.1,0.0,2.9,3.71,-23.5,-23.26,NaN,NaN,2.5,10.0,76.0462,-165.50127,1035.7,193.4,217.1,6.8,7.7,-9.1
479.4167,1999-04-24T10:00:02.88,0.28525687173741976,1.8181818181818183,1.8181818181818183,0.7889655172413732,NaN,-16.14411206896552,0.11,-5.8,-0.1,2.72,3.47,-23.45,-23.32,NaN,NaN,2.5,10.0,76.0458,-165.49992,1035.7,200.4,218.8,3.8,3.8,-5.8
479.4583,1999-04-24T10:59:57.12,0.1524465160543049,1.2609819121447026,1.2609819121447026,0.24768000000000942,NaN,-30.087993023999996,0.129,-5.0,-0.2,2.83,3.44,-23.36,-23.33,NaN,NaN,2.5,10.0,76.04548,-165.49842,1035.9,205.9,219.9,4.0,3.8,-5.0
479.5,1999-04-24T12:00:00.0,0.11950420041198996,1.1751412429378532,1.1751412429378532,0.0,NaN,-38.348366879999986,0.118,-3.0,-0.1,2.73,3.25,-23.34,-23.34,NaN,NaN,2.5,10.0,76.04515,-165.49686,1036.1,207.7,221.0,7.6,8.1,-3.0
480.125,1999-04-25T03:00:00.0,0.08198562818480871,0.6817042606516288,0.6817042606516288,0.851199999999982,NaN,-44.41778656000001,0.133,-3.0,-0.2,2.87,3.21,-18.88,-18.82,NaN,NaN,2.5,10.0,76.03573,-165.47088,1036.7,170.4,232.2,289.1,251.7,-3.0
480.1667,1999-04-25T04:00:02.88,0.23703783469488748,1.4746543778801848,1.4746543778801848,1.181957446808512,NaN,-15.832949877127659,0.1085,-4.7,-0.1,2.34,2.94,-19.42,-19.26,NaN,NaN,2.5,10.0,76.03473,-165.46856,1036.8,170.0,228.5,218.0,199.8,-4.7
480.2083,1999-04-25T04:59:57.12,1.6470606477318308,3.987538940809968,3.987538940809968,2.194871794871795,NaN,-2.4241716288461532,0.0535,-3.9,-0.1,2.0,2.8,-20.58,-20.08,NaN,NaN,2.5,10.0,76.0337,-165.46684,1036.7,168.9,222.2,147.9,144.2,-3.9
480.3333,1999-04-25T07:59:57.12,1.8410624700473788,6.322580645161292,6.322580645161292,4.027223880597024,NaN,-2.579278101492537,0.062,-6.7,0.1,2.13,3.6,-24.17,-22.81,NaN,NaN,2.5,10.0,76.03097,-165.46596,1036.6,165.3,206.7,19.8,23.7,-6.7
480.5417,1999-04-25T13:00:02.88,2.798069723659929,3.742690058479531,3.742690058479531,3.3206153846153885,NaN,-1.976579134615385,0.057,-7.8,0.2,2.47,3.27,-27.75,-26.33,NaN,NaN,2.5,10.0,76.02831,-165.46963,1035.9,162.7,198.8,24.5,25.2,-7.8
480.625,1999-04-25T15:00:00.0,1.0095288555188129,3.206751054852321,3.206751054852321,2.8650666666666713,NaN,-5.366236476000001,0.079,-7.5,0.0,2.38,3.33,-27.21,-26.36,NaN,NaN,2.5,10.0,76.02736,-165.46932,1035.2,164.1,203.1,107.0,89.1,-7.5
480.6667,1999-04-25T16:00:02.88,0.9493450769563353,2.5982905982905993,2.5982905982905993,2.165647058823529,NaN,-5.581568964705882,0.078,-6.8,0.1,2.36,3.12,-26.66,-26.07,NaN,NaN,2.5,10.0,76.02695,-165.46731,1034.9,164.4,206.3,170.9,134.8,-6.8
480.7083,1999-04-25T16:59:57.12,0.38099915773807375,1.0602409638554218,1.0602409638554218,1.609696969696964,NaN,-13.296646781818183,0.083,-3.3,0.0,2.48,2.81,-25.58,-25.38,NaN,NaN,2.5,10.0,76.02636,-165.46516,1034.5,164.6,209.7,215.0,166.0,-3.3
481.125,1999-04-26T03:00:00.0,0.1147187343647833,0.7164179104477608,0.7164179104477608,0.09972093023253831,NaN,-30.971594511627913,0.134,-4.3,-0.1,3.22,3.58,-18.45,-18.44,NaN,NaN,2.5,10.0,76.0132,-165.46764,1028.5,169.1,232.9,291.4,253.2,-4.3
481.1667,1999-04-26T04:00:02.88,0.18882473072471714,1.0335917312661498,1.0335917312661498,0.8518095238095408,NaN,-19.52464757142857,0.129,-6.3,-0.1,2.9,3.4,-19.1,-18.97,NaN,NaN,2.5,10.0,76.0123,-165.46787,1027.9,168.8,229.3,219.1,199.4,-6.3
481.2083,1999-04-26T04:59:57.12,0.48946108422809476,1.9838969404186797,1.9838969404186797,1.2617142857142867,NaN,-8.010486646875,0.1035,-8.4,-0.1,2.8,3.57,-20.23,-19.91,NaN,NaN,2.5,10.0,76.01163,-165.46893,1027.2,167.4,223.9,147.9,141.8,-8.4
481.25,1999-04-26T06:00:00.0,0.9965758637939804,2.92063492063492,2.92063492063492,1.5359999999999987,NaN,-4.204941784615385,0.084,-9.1,0.0,2.92,3.84,-21.52,-21.0,NaN,NaN,2.5,10.0,76.01099,-165.46971,1026.5,169.5,219.3,89.8,89.9,-9.1
481.2917,1999-04-26T07:00:02.88,0.47275734543930387,1.639344262295082,1.639344262295082,0.9168484848484809,NaN,-9.037970727272727,0.122,-13.2,-0.2,3.16,3.91,-21.9,-21.59,NaN,NaN,2.5,10.0,76.01076,-165.47262,1025.9,179.4,219.3,45.2,44.0,-13.2
481.3333,1999-04-26T07:59:57.12,2.30608286490614,5.147826086956523,5.147826086956523,2.087164179104482,NaN,-2.0140243936567166,0.0575,-6.7,0.0,2.32,3.43,-23.66,-22.9,NaN,NaN,2.5,10.0,76.0105,-165.47528,1025.4,165.1,209.7,22.1,24.6,-6.7
481.375,1999-04-26T09:00:00.0,1.6162836605679995,5.211195928753181,5.211195928753181,2.8250434782608687,NaN,-3.0825726048913045,0.0655,-6.9,0.0,2.59,3.87,-25.23,-24.3,NaN,NaN,2.5,10.0,76.01031,-165.47834,1024.9,163.6,204.8,8.8,10.5,-6.9
481.6667,1999-04-26T16:00:02.88,0.29387425716372767,1.6732026143790841,1.6732026143790841,0.5439999999999883,NaN,-14.286512699999998,0.102,-4.8,-0.2,2.87,3.51,-21.54,-21.46,NaN,NaN,2.5,10.0,76.01133,-165.50873,1020.6,173.7,221.8,183.6,147.9,-4.8
481.7083,1999-04-26T16:59:57.12,0.17978613011932965,1.5090439276485779,1.5090439276485779,0.34983050847458125,NaN,-25.356399391525418,0.129,-5.9,-0.2,3.49,4.22,-23.23,-23.18,NaN,NaN,2.5,10.0,76.01099,-165.5142,1019.9,163.4,216.4,188.8,165.1,-5.9
483.125,1999-04-28T03:00:00.0,0.005936898362043245,0.6823793490460156,0.6823793490460156,-3.167999999999932,NaN,-681.8048498249999,0.297,-2.4,0.6,6.91,7.67,-20.82,-20.9,NaN,NaN,2.5,10.0,76.01155,-166.00014,1012.6,157.7,226.3,314.7,273.5,-2.4
483.1667,1999-04-28T04:00:02.88,0.027769886536075036,0.8366013071895423,0.8366013071895423,-0.3447887323943385,NaN,-147.34069700704225,0.255,-7.1,0.0,6.49,7.29,-21.03,-21.06,NaN,NaN,2.5,10.0,76.01135,-166.01226,1012.9,157.3,224.3,240.2,218.9,-7.1
483.2083,1999-04-28T04:59:57.12,0.06939512609137115,1.0572687224669608,1.0572687224669608,0.46489600000001075,NaN,-60.10429128720001,0.227,-12.5,-0.1,5.35,6.25,-21.41,-21.33,NaN,NaN,2.5,10.0,76.01073,-166.0222,1013.1,157.3,222.0,169.4,163.6,-12.5
483.25,1999-04-28T06:00:00.0,0.11040211862072916,1.2716049382716041,1.2716049382716041,0.808421052631576,NaN,-38.82564985263157,0.216,-17.1,-0.2,4.94,5.97,-21.96,-21.76,NaN,NaN,2.5,10.0,76.01016,-166.03048,1013.4,157.1,218.6,107.6,110.9,-17.1
483.2917,1999-04-28T07:00:02.88,0.20330482256893329,1.5999999999999999,1.5999999999999999,1.03952095808384,NaN,-21.8643244760479,0.175,-16.7,-0.2,4.83,5.88,-22.71,-22.4,NaN,NaN,2.5,10.0,76.0095,-166.03575,1013.6,156.5,214.9,59.3,66.0,-16.7
483.3333,1999-04-28T07:59:57.12,0.5415214471159583,2.6666666666666656,2.6666666666666656,1.5095466666666713,NaN,-8.726965488,0.122,-15.0,-0.1,4.09,5.31,-24.03,-23.45,NaN,NaN,2.5,10.0,76.00835,-166.03921,1013.9,155.2,209.7,28.4,34.8,-15.0
483.375,1999-04-28T09:00:00.0,0.7361616914402336,3.333333333333335,3.333333333333335,1.691234042553186,NaN,-6.673793361702127,0.108,-14.1,0.0,4.09,5.44,-24.9,-24.21,NaN,NaN,2.5,10.0,76.0067,-166.04136,1014.1,154.7,207.1,14.1,18.0,-14.1
483.4167,1999-04-28T10:00:02.88,0.46301130924693956,2.5882352941176476,2.5882352941176476,1.6965423728813591,NaN,-10.667238833898308,0.136,-17.7,0.0,4.51,5.83,-25.02,-24.33,NaN,NaN,2.5,10.0,76.00504,-166.04565,1014.4,155.0,205.8,9.0,10.2,-17.7
483.4583,1999-04-28T10:59:57.12,0.38887977632325477,1.3333333333333328,1.3333333333333328,1.3876363636363664,NaN,-13.02974836363636,0.144,-17.6,0.0,4.61,5.33,-25.6,-25.07,NaN,NaN,2.5,10.0,76.00314,-166.05218,1014.4,153.6,204.1,7.7,7.4,-17.6
483.5,1999-04-28T12:00:00.0,0.3826916566464627,1.9287211740041932,1.9287211740041932,0.9132307692307652,NaN,-12.703216326923076,0.159,-23.4,0.2,5.33,6.48,-24.65,-24.23,NaN,NaN,2.5,10.0,76.00126,-166.06154,1014.4,161.4,208.0,13.6,11.9,-23.4
483.5417,1999-04-28T13:00:02.88,0.1240612230236039,1.010279001468428,1.010279001468428,0.6216936936936979,NaN,-36.54548094054055,0.227,-22.2,-0.4,5.65,6.51,-23.12,-22.93,NaN,NaN,2.5,10.0,75.9997,-166.07135,1014.4,170.0,214.8,43.6,32.4,-22.2
483.5833,1999-04-28T13:59:57.12,0.2373154338461813,1.617777777777778,1.617777777777778,0.7475409836065485,NaN,-20.08401639344262,0.15,-12.2,0.1,4.59,5.5,-24.2,-24.01,NaN,NaN,2.5,10.0,75.99816,-166.08074,1014.4,169.3,212.2,108.2,75.8,-12.2
483.625,1999-04-28T15:00:00.0,0.13677642493755068,1.1714836223506742,1.1714836223506742,0.41007407407408347,NaN,-34.30237512499999,0.173,-10.8,-0.1,5.0,5.76,-23.85,-23.77,NaN,NaN,2.5,10.0,75.99669,-166.08973,1014.6,180.5,214.9,98.2,78.2,-10.8
483.6667,1999-04-28T16:00:02.88,0.035997249106292185,0.7768115942028984,0.7768115942028984,-0.3295522388059827,NaN,-125.41089850746268,0.23,-6.7,-0.4,5.94,6.61,-23.02,-23.05,NaN,NaN,2.5,10.0,75.99511,-166.09655,1014.7,194.1,220.2,124.5,104.9,-6.7
484.1667,1999-04-29T04:00:02.88,0.011020574771275876,0.660968660968661,0.660968660968661,-1.7018181818182059,NaN,-321.3126880363636,0.234,-2.2,0.6,5.92,6.5,-18.39,-18.44,NaN,NaN,2.5,10.0,75.97281,-166.22249,1013.1,180.0,234.8,202.7,180.7,-2.2
484.2083,1999-04-29T04:59:57.12,0.14316041926596643,0.9078014184397158,0.9078014184397158,0.40648648648649227,NaN,-25.348525751351353,0.188,-14.8,-0.5,5.28,5.92,-18.82,-18.72,NaN,NaN,2.5,10.0,75.97155,-166.22292,1013.1,171.0,228.1,95.7,90.1,-14.8
484.25,1999-04-29T06:00:00.0,0.17161088999765944,1.0902394106814,1.0902394106814,0.6598481012658217,NaN,-21.819945679746834,0.181,-15.8,-0.6,4.33,5.07,-19.38,-19.2,NaN,NaN,2.5,10.0,75.97043,-166.22269,1013.1,171.4,226.0,89.7,84.7,-15.8
484.2917,1999-04-29T07:00:02.88,0.2579468664947332,1.4466230936819173,1.4466230936819173,0.8559440559440559,NaN,-15.177871762237759,0.153,-14.3,-0.1,4.14,4.97,-20.2,-19.95,NaN,NaN,2.5,10.0,75.96939,-166.22242,1013.3,175.4,222.7,46.4,42.1,-14.3
484.3333,1999-04-29T07:59:57.12,0.21589799621036151,1.2195121951219514,1.2195121951219514,0.7854149659863906,NaN,-18.79602259591837,0.164,-14.7,-0.3,4.23,4.98,-20.88,-20.66,NaN,NaN,2.5,10.0,75.96851,-166.22167,1013.3,177.8,221.6,30.4,27.3,-14.7
484.375,1999-04-29T09:00:00.0,0.18754732924344844,1.1751412429378536,1.1751412429378536,0.6371999999999989,NaN,-22.562166768749993,0.177,-16.0,-0.4,4.22,5.0,-21.7,-21.52,NaN,NaN,2.5,10.0,75.96768,-166.22209,1013.2,185.7,220.6,15.8,14.1,-16.0
484.4167,1999-04-29T10:00:02.88,0.29318185839924976,1.2266666666666675,1.2266666666666675,0.568421052631578,NaN,-14.707894736842103,0.15,-15.2,-0.1,4.01,4.7,-22.08,-21.9,NaN,NaN,2.5,10.0,75.96695,-166.22334,1013.0,176.4,218.2,7.9,7.2,-15.2
484.4583,1999-04-29T10:59:57.12,0.36740799294884846,1.462962962962963,1.462962962962963,0.7954285714285788,NaN,-12.221205942857138,0.144,-16.8,0.0,4.02,4.81,-22.92,-22.63,NaN,NaN,2.5,10.0,75.96677,-166.22372,1012.9,169.0,213.9,7.1,6.4,-16.8
484.5,1999-04-29T12:00:00.0,0.3662482313754552,1.5999999999999994,1.5999999999999994,0.8140350877192903,NaN,-12.247984649122804,0.145,-17.1,0.0,3.93,4.8,-22.9,-22.6,NaN,NaN,2.5,10.0,75.96658,-166.22361,1012.9,181.1,215.7,18.2,15.1,-17.1
485.5833,1999-04-30T13:59:57.12,0.13133597443640063,0.8438818565400836,0.8438818565400836,0.6951999999999963,NaN,-30.63251307,0.158,-8.0,-0.1,3.81,4.31,-20.71,-20.6,NaN,NaN,2.5,10.0,75.94096,-166.21813,1012.3,191.5,225.3,45.4,40.9,-8.0
485.625,1999-04-30T15:00:00.0,0.045623906650858116,0.6758832565284176,0.6758832565284176,0.9644444444444581,NaN,-88.09037332083334,0.217,-7.2,0.2,5.16,5.71,-20.69,-20.59,NaN,NaN,2.5,10.0,75.93977,-166.21345,1012.3,203.4,227.6,78.5,68.2,-7.2
487.5417,1999-05-02T13:00:02.88,0.01864194968829552,0.5853658536585368,0.5853658536585368,-1.0495999999999777,NaN,-192.49635299999994,0.205,-2.5,1.0,3.51,3.96,-18.62,-18.66,NaN,NaN,2.5,10.0,75.98609,-165.49372,1007.8,213.2,234.9,31.2,27.0,-2.5
487.5833,1999-05-02T13:59:57.12,0.21496834110508398,1.250000000000001,1.250000000000001,0.11702857142856894,NaN,-17.337455177142854,0.128,-7.0,0.2,3.84,4.44,-19.29,-19.27,NaN,NaN,2.5,10.0,75.98713,-165.49358,1007.7,195.5,230.8,54.4,47.5,-7.0
487.625,1999-05-02T15:00:00.0,0.5139055610002359,2.5904761904761906,2.5904761904761906,1.2782608695652224,NaN,-7.730921739130434,0.105,-9.2,0.0,2.83,3.85,-20.48,-20.13,NaN,NaN,2.5,10.0,75.98845,-165.49474,1007.6,166.5,220.4,81.8,73.6,-9.2
487.6667,1999-05-02T16:00:02.88,0.08250136660044684,1.093632958801499,1.093632958801499,0.55377777777778,NaN,-47.42091473333331,0.178,-7.2,-0.3,3.76,4.49,-20.18,-20.11,NaN,NaN,2.5,10.0,75.9899,-165.49623,1007.4,181.0,227.5,216.0,181.8,-7.2
491.4167,1999-05-06T10:00:02.88,0.10288719724576953,1.5047619047619047,1.5047619047619047,1.9345454545454674,NaN,-34.48085454545455,0.14,-4.4,-0.5,2.05,2.84,-18.43,-18.24,NaN,NaN,2.5,10.0,76.05409,-165.23671,1013.5,198.5,231.3,24.0,21.8,-4.4
491.4583,1999-05-06T10:59:57.12,0.2674673079291135,1.467889908256881,1.467889908256881,0.4521481481481499,NaN,-13.158933561111109,0.109,-5.4,-0.4,2.04,2.64,-18.29,-18.22,NaN,NaN,2.5,10.0,76.05501,-165.2378,1013.4,207.9,233.8,21.7,19.5,-5.4
491.5,1999-05-06T12:00:00.0,0.15449139436869425,1.7939393939393942,1.7939393939393942,1.7600000000000013,NaN,-23.446396874999994,0.11,-3.2,-0.2,1.72,2.46,-18.79,-18.63,NaN,NaN,2.5,10.0,76.24494,-165.18352,1013.3,197.9,230.2,27.2,24.7,-3.2
491.5417,1999-05-06T13:00:02.88,0.2180886634566405,1.9173553719008263,1.9173553719008263,2.968533333333316,NaN,-17.24614633499999,0.121,-6.0,-0.3,1.64,2.51,-19.47,-19.01,NaN,NaN,2.5,10.0,76.45658,-165.2379,1013.2,179.2,222.7,44.7,42.6,-6.0
491.5833,1999-05-06T13:59:57.12,0.7291557922111087,2.555555555555556,2.555555555555556,1.9968000000000066,NaN,-5.316378624,0.096,-10.0,-0.6,1.64,2.56,-20.03,-19.38,NaN,NaN,2.5,10.0,76.05613,-165.23536,1013.1,176.0,220.1,90.3,82.7,-10.0
492.2083,1999-05-07T04:59:57.12,0.3310544018401162,0.5844748858447495,0.5844748858447495,1.6351999999999651,NaN,-11.267877404999998,0.073,-2.0,0.2,2.03,2.19,-19.31,-19.17,NaN,NaN,2.5,10.0,76.0578,-165.20362,1015.1,166.9,229.9,221.5,211.6,-2.0
492.25,1999-05-07T06:00:00.0,1.8954202770023882,3.8317152103559886,3.8317152103559886,2.224799999999996,NaN,-2.131842081562499,0.0515,-4.0,0.1,1.94,2.68,-20.81,-20.27,NaN,NaN,2.5,10.0,76.0574,-165.19842,1015.2,161.5,221.7,148.9,153.2,-4.0
492.4167,1999-05-07T10:00:02.88,0.6732960124876298,1.837535014005602,1.837535014005602,0.17309090909090538,NaN,-5.612728442045452,0.0595,-2.2,0.1,1.97,2.38,-19.54,-19.52,NaN,NaN,2.5,10.0,76.05982,-165.1769,1015.7,231.4,235.9,20.4,17.8,-2.2
495.1667,1999-05-10T04:00:02.88,0.05551949240989964,0.7578947368421054,0.7578947368421054,-0.4053333333333427,NaN,-53.22584,0.19,-6.0,-0.3,4.49,5.03,-15.52,-15.56,NaN,NaN,2.5,10.0,76.12654,-164.87687,1013.8,176.9,245.1,318.7,269.5,-6.0
495.2083,1999-05-10T04:59:57.12,0.1144173681665989,0.977777777777778,0.977777777777778,0.16457142857143478,NaN,-26.47728,0.18,-10.5,-0.5,4.08,4.74,-15.89,-15.86,NaN,NaN,2.5,10.0,76.12701,-164.88365,1013.5,177.2,242.8,247.2,217.1,-10.5
495.25,1999-05-10T06:00:00.0,0.16327236980861268,1.2235294117647062,1.2235294117647062,0.3453968253968334,NaN,-19.14900238095239,0.17,-12.6,-0.5,4.18,4.96,-16.37,-16.29,NaN,NaN,2.5,10.0,76.12754,-164.89095,1013.2,179.6,241.0,179.7,164.1,-12.6
495.2917,1999-05-10T07:00:02.88,0.16627907023423996,1.1703703703703696,1.1703703703703696,0.49263157894737813,NaN,-19.498831578947367,0.18,-15.2,-0.7,3.98,4.77,-16.94,-16.81,NaN,NaN,2.5,10.0,76.1282,-164.90007,1013.1,181.3,238.3,122.5,117.1,-15.2
495.3333,1999-05-10T07:59:57.12,0.03989828986412618,0.7999999999999995,0.7999999999999995,0.0,NaN,-81.74400000000001,0.2,-5.0,-0.2,4.17,4.77,-17.03,-17.03,NaN,NaN,2.5,10.0,76.12877,-164.90865,1012.8,222.4,243.3,82.5,78.3,-5.0
496.4167,1999-05-11T10:00:02.88,0.010207248443010433,0.8533333333333332,0.8533333333333332,-1.8461538461538343,NaN,-118.6298076923077,0.25,-2.6,0.5,5.84,6.64,-6.58,-6.64,NaN,NaN,2.5,10.0,76.14343,-165.30352,1001.4,282.2,285.3,23.3,20.1,-2.6
496.5833,1999-05-11T13:59:57.12,0.01614457944628348,0.8399999999999999,0.8399999999999999,-1.828571428571417,NaN,-83.20000000000002,0.2,-2.1,0.3,4.9,5.53,-7.28,-7.34,NaN,NaN,2.5,10.0,76.14501,-165.35038,1000.4,271.1,282.1,81.0,70.6,-2.1
496.625,1999-05-11T15:00:00.0,0.03588535265228793,0.9543859649122804,0.9543859649122804,-0.7599999999999971,NaN,-38.170335,0.19,-4.0,0.1,4.57,5.25,-7.42,-7.47,NaN,NaN,2.5,10.0,76.14539,-165.35898,1000.1,259.7,279.5,140.3,121.7,-4.0
499.4583,1999-05-14T10:59:57.12,0.3971475816202043,1.5999999999999994,1.5999999999999994,-0.7127272727272755,NaN,-4.237609090909092,0.07,-2.2,0.4,2.89,3.31,-9.06,-9.13,NaN,NaN,2.5,10.0,76.23915,-165.08094,1011.4,262.4,275.5,40.0,34.9,-2.2
500.25,1999-05-15T06:00:00.0,0.02525247259932968,0.9925925925925924,0.9925925925925924,-1.200000000000017,NaN,-48.697199999999995,0.18,-2.4,0.5,4.64,5.31,-6.68,-6.73,NaN,NaN,2.5,10.0,76.26937,-165.13373,1014.8,265.4,284.0,126.1,109.3,-2.4
500.2917,1999-05-15T07:00:02.88,0.043722482914422656,0.9254901960784311,0.9254901960784311,-0.6217142857142726,NaN,-28.340991428571442,0.17,-3.5,0.1,4.63,5.22,-6.73,-6.77,NaN,NaN,2.5,10.0,76.27162,-165.14227,1014.8,265.0,283.7,91.2,78.8,-3.5
500.3333,1999-05-15T07:59:57.12,0.03843513747320118,0.9866666666666658,0.9866666666666658,-0.5120000000000006,NaN,-34.848000000000006,0.2,-5.0,0.2,4.86,5.6,-7.26,-7.3,NaN,NaN,2.5,10.0,76.27375,-165.15079,1015.0,260.3,281.2,66.3,57.0,-5.0
500.375,1999-05-15T09:00:00.0,0.021399940944016187,0.9333333333333332,0.9333333333333332,-0.480000000000004,NaN,-67.82399999999998,0.24,-4.8,0.2,5.48,6.32,-7.85,-7.88,NaN,NaN,2.5,10.0,76.27585,-165.15802,1015.0,262.7,279.5,50.2,43.1,-4.8
500.4167,1999-05-15T10:00:02.88,0.02895639330811269,1.1030303030303032,1.1030303030303032,-0.5631999999999879,NaN,-51.046512,0.22,-5.0,0.2,5.39,6.3,-7.99,-8.03,NaN,NaN,2.5,10.0,76.27794,-165.16537,1015.0,264.7,279.1,39.9,34.3,-5.0
500.4583,1999-05-15T10:59:57.12,0.025431602913530884,1.033333333333334,1.033333333333334,-0.6736842105263254,NaN,-58.49734736842103,0.24,-5.7,0.1,5.18,6.11,-8.04,-8.09,NaN,NaN,2.5,10.0,76.27986,-165.17327,1015.0,257.4,277.6,39.8,34.4,-5.7
500.5,1999-05-15T12:00:00.0,0.0290660184815363,1.042424242424243,1.042424242424243,-0.844799999999982,NaN,-57.371424000000005,0.22,-5.0,-0.1,4.97,5.83,-8.98,-9.04,NaN,NaN,2.5,10.0,76.28186,-165.17995,1015.0,253.9,274.3,57.7,51.0,-5.0
501.7083,1999-05-16T16:59:57.12,0.010770899929616069,0.7141242937853108,0.7141242937853108,-1.2586666666666584,NaN,-120.48901333333332,0.295,-4.5,1.3,6.5,7.29,-7.04,-7.1,NaN,NaN,2.5,10.0,76.3092,-165.54344,1015.3,239.6,280.3,183.7,155.2,-4.5
502.1667,1999-05-17T04:00:02.88,0.015934926736865567,0.7360000000000004,0.7360000000000004,-0.9756097560975575,NaN,-44.47408536585366,0.25,-4.1,-0.2,6.39,7.08,-3.89,-3.94,NaN,NaN,2.5,10.0,76.32355,-165.71603,1016.6,230.1,291.9,330.4,287.0,-4.1
502.2083,1999-05-17T04:59:57.12,0.0329395002073315,0.8777777777777779,0.8777777777777779,-0.3072000000000025,NaN,-21.233664,0.24,-7.5,-0.3,6.2,6.99,-3.84,-3.87,NaN,NaN,2.5,10.0,76.32424,-165.7281,1016.8,238.0,292.2,252.0,225.7,-7.5
502.25,1999-05-17T06:00:00.0,0.048525818626632085,0.8969696969696973,0.8969696969696973,-0.08282352941177029,NaN,-15.708931764705879,0.22,-8.5,-0.4,5.77,6.51,-4.18,-4.19,NaN,NaN,2.5,10.0,76.32485,-165.73916,1017.2,236.6,290.3,196.7,180.3,-8.5
502.2917,1999-05-17T07:00:02.88,0.06016785045481329,0.8695652173913043,0.8695652173913043,0.24533333333333357,NaN,-15.695429999999998,0.23,-12.0,-0.5,5.98,6.73,-5.16,-5.12,NaN,NaN,2.5,10.0,76.3254,-165.74883,1017.5,226.6,285.7,134.1,130.3,-12.0
502.3333,1999-05-17T07:59:57.12,0.11003720252005009,1.1466666666666672,1.1466666666666672,0.3999999999999994,NaN,-9.566666666666668,0.2,-14.4,-0.3,5.58,6.44,-5.74,-5.65,NaN,NaN,2.5,10.0,76.32595,-165.75864,1017.9,221.0,282.3,107.3,109.2,-14.4
502.375,1999-05-17T09:00:00.0,0.11872025259528537,1.146666666666666,1.146666666666666,0.41290322580645383,NaN,-9.863225806451615,0.2,-15.5,-0.4,5.48,6.34,-6.37,-6.27,NaN,NaN,2.5,10.0,76.32596,-165.76854,1018.2,224.4,280.1,85.9,89.6,-15.5
502.4167,1999-05-17T10:00:02.88,0.07199994487314312,1.0303030303030312,1.0303030303030312,0.33791999999999783,NaN,-16.866431999999996,0.22,-12.5,NaN,5.68,6.53,-6.6,-6.54,NaN,NaN,2.5,10.0,76.32609,-165.7788,1018.4,235.8,281.0,82.2,74.0,-12.5
502.4583,1999-05-17T10:59:57.12,0.03105198357629253,0.777777777777778,0.777777777777778,0.0,NaN,-38.68745142857143,0.24,-7.0,1.0,6.2,6.9,-6.53,-6.53,NaN,NaN,2.5,10.0,76.3261,-165.78933,1018.7,257.5,283.8,52.1,43.0,-7.0
502.5,1999-05-17T12:00:00.0,0.015923630218214375,0.7238095238095236,0.7238095238095236,0.0,NaN,-75.56109473684212,0.28,-5.7,NaN,6.5,7.26,-6.54,-6.54,NaN,NaN,2.5,10.0,76.32584,-165.79909,1018.8,249.7,283.3,60.6,49.9,-5.7
502.5417,1999-05-17T13:00:02.88,0.02448567544556185,0.7589743589743592,0.7589743589743592,0.0,NaN,-54.309839999999994,0.26,-7.0,0.3,6.3,7.04,-7.21,-7.21,NaN,NaN,2.5,10.0,76.3254,-165.80923,1018.9,239.4,279.8,98.8,78.9,-7.0
502.5833,1999-05-17T13:59:57.12,0.044840407871846746,0.7179487179487181,0.7179487179487181,0.1950000000000016,NaN,-31.389637499999996,0.26,-12.8,-0.4,6.09,6.79,-7.62,-7.59,NaN,NaN,2.5,10.0,76.32479,-165.82039,1019.0,219.0,276.5,210.9,148.3,-12.8
502.625,1999-05-17T15:00:00.0,0.04182285735831983,0.7679999999999997,0.7679999999999997,0.15094339622641856,NaN,-35.15625,0.25,-10.6,-0.6,5.57,6.29,-7.95,-7.93,NaN,NaN,2.5,10.0,76.32423,-165.83005,1019.3,217.0,275.1,266.5,181.2,-10.6
502.6667,1999-05-17T16:00:02.88,0.01689518950009845,0.5511111111111112,0.5511111111111112,-0.5189189189189194,NaN,-86.47297297297297,0.3,-7.4,-0.7,5.87,6.49,-7.9,-7.94,NaN,NaN,2.5,10.0,76.32367,-165.84106,1019.7,219.0,276.6,341.4,236.2,-7.4
502.7083,1999-05-17T16:59:57.12,0.004694879489111105,0.4249999999999999,0.4249999999999999,-2.8672000000000115,NaN,-291.766272,0.32,-2.5,-0.6,5.87,6.38,-7.42,-7.49,NaN,NaN,2.5,10.0,76.32321,-165.85371,1020.0,221.6,279.2,430.7,289.8,-2.5
503.25,1999-05-18T06:00:00.0,0.0022066664876500045,0.5263157894736843,0.5263157894736843,-4.864000000000004,NaN,-251.03939999999997,0.38,-2.0,2.5,8.57,9.32,-3.05,-3.13,NaN,NaN,2.5,10.0,76.3173,-166.03378,NaN,291.2,299.6,144.5,123.6,-2.0
503.2917,1999-05-18T07:00:02.88,0.003541748177935349,0.5252525252525249,0.5252525252525249,-4.022857142857147,NaN,-171.9842142857143,0.33,-2.1,0.7,7.12,7.77,-3.35,-3.43,NaN,NaN,2.5,10.0,76.31688,-166.04806,NaN,295.9,299.0,86.0,74.8,-2.1
504.625,1999-05-19T15:00:00.0,0.016032705542594568,0.6857142857142858,0.6857142857142858,-2.240000000000002,NaN,-102.21828749999999,0.21,-2.4,-0.1,5.45,5.99,-8.83,-8.91,NaN,NaN,2.5,10.0,76.32344,-166.39388,1033.4,236.4,274.6,174.0,146.6,-2.4
505.2083,1999-05-20T04:59:57.12,0.03394107082777969,0.6349206349206349,0.6349206349206349,-1.581176470588237,NaN,-42.54612352941175,0.21,-5.1,-0.2,4.82,5.32,-7.81,-7.93,NaN,NaN,2.5,10.0,76.33341,-166.55879,1036.0,206.6,275.8,278.1,251.2,-5.1
505.25,1999-05-20T06:00:00.0,0.108001991688532,0.8784313725490189,0.8784313725490189,-0.1897674418604611,NaN,-13.950634883720937,0.17,-8.6,-0.6,4.21,4.77,-8.14,-8.17,NaN,NaN,2.5,10.0,76.3337,-166.56938,1036.4,204.9,272.8,211.9,198.5,-8.6
505.2917,1999-05-20T07:00:02.88,0.1410049453719221,1.1764705882352942,1.1764705882352942,0.24285714285714635,NaN,-11.633282142857146,0.17,-11.2,-0.4,4.33,5.08,-8.84,-8.79,NaN,NaN,2.5,10.0,76.33429,-166.57932,1036.6,203.1,269.3,158.3,154.3,-11.2
505.3333,1999-05-20T07:59:57.12,0.2757026859387732,1.8095238095238095,1.8095238095238095,0.6242622950819671,NaN,-6.457396721311477,0.14,-12.2,0.0,4.54,5.49,-9.57,-9.4,NaN,NaN,2.5,10.0,76.33507,-166.58822,1036.7,202.4,265.7,118.3,119.4,-12.2
505.375,1999-05-20T09:00:00.0,0.2467240148818197,1.6711111111111119,1.6711111111111119,0.7880597014925396,NaN,-7.669309701492537,0.15,-13.4,-0.3,4.56,5.5,-10.15,-9.93,NaN,NaN,2.5,10.0,76.33613,-166.59618,1036.9,202.8,263.4,84.2,93.1,-13.4
505.4167,1999-05-20T10:00:02.88,0.7094893315845093,2.7555555555555546,2.7555555555555546,1.1450602409638555,NaN,-2.8826240963855416,0.09,-8.3,-0.2,2.99,3.92,-10.94,-10.61,NaN,NaN,2.5,10.0,76.33743,-166.60336,1037.3,202.3,258.7,79.5,79.6,-8.3
505.4583,1999-05-20T10:59:57.12,1.204258125492044,4.15238095238095,4.15238095238095,1.5951515151515174,NaN,-1.8927363636363643,0.07,-6.6,0.2,2.97,4.06,-12.14,-11.67,NaN,NaN,2.5,10.0,76.33853,-166.6095,1037.5,201.5,255.1,81.3,77.7,-6.6
505.5,1999-05-20T12:00:00.0,0.25124775909630037,1.9619047619047614,1.9619047619047614,1.2218181818181777,NaN,-9.30216,0.14,-11.0,0.0,3.4,4.43,-12.43,-12.13,NaN,NaN,2.5,10.0,76.33976,-166.61444,1037.5,201.9,254.9,99.0,88.8,-11.0
505.5417,1999-05-20T13:00:02.88,0.2580950238949711,1.8857142857142861,1.8857142857142861,0.7532743362831839,NaN,-9.011490265486726,0.14,-11.3,0.2,4.02,5.01,-12.37,-12.18,NaN,NaN,2.5,10.0,76.34076,-166.61941,1037.5,202.7,256.3,131.8,112.0,-11.3
505.5833,1999-05-20T13:59:57.12,0.37177885742152017,2.036363636363636,2.036363636363636,0.7574683544303873,NaN,-6.171459493670886,0.11,-7.9,-0.3,2.87,3.71,-12.21,-12.04,NaN,NaN,2.5,10.0,76.34179,-166.62373,1037.7,202.8,256.4,179.2,145.8,-7.9
505.625,1999-05-20T15:00:00.0,0.39548703076240743,2.1925925925925918,2.1925925925925918,0.5634782608695643,NaN,-5.8621108695652175,0.09,-4.6,-0.1,2.66,3.4,-12.33,-12.24,NaN,NaN,2.5,10.0,76.34249,-166.62673,1037.8,203.1,257.4,239.2,186.6,-4.6
505.6667,1999-05-20T16:00:02.88,0.21151751158006274,1.454545454545455,1.454545454545455,-0.6257777777777784,NaN,-10.443913333333333,0.11,-4.5,-0.2,2.98,3.58,-11.77,-11.85,NaN,NaN,2.5,10.0,76.34294,-166.63065,1037.8,204.0,260.5,309.8,234.6,-4.5
506.2917,1999-05-21T07:00:02.88,0.519854823673052,3.266666666666666,3.266666666666666,1.6669767441860532,NaN,-3.2684651162790703,0.08,-4.3,NaN,2.48,3.46,-9.15,-8.87,NaN,NaN,2.5,10.0,76.34727,-166.67626,1037.1,236.3,269.8,120.8,109.8,-4.3
507.25,1999-05-22T06:00:00.0,2.3644340670721378,5.386666666666665,5.386666666666665,1.2333333333333336,NaN,-0.6093750000000001,0.05,-4.8,0.0,2.39,3.4,-7.8,-7.43,NaN,NaN,2.5,10.0,76.3485,-166.603,1034.3,221.5,274.5,215.5,193.9,-4.8
508.5833,1999-05-23T13:59:57.12,1.5502666743132418,6.133333333333333,6.133333333333333,4.077419354838715,NaN,-1.4504032258064516,0.05,-3.1,0.0,2.17,3.32,-11.99,-11.2,NaN,NaN,2.5,10.0,76.35171,-166.65561,1033.2,200.3,252.5,182.0,160.3,-3.1
508.75,1999-05-23T18:00:00.0,0.08750439259188865,1.1487179487179486,1.1487179487179486,-0.9393548387096575,NaN,-20.13444193548387,0.13,-3.1,0.5,2.55,3.11,-9.47,-9.54,NaN,NaN,2.5,10.0,76.34997,-166.68176,1033.2,201.1,268.7,441.3,339.2,-3.1
509.125,1999-05-24T03:00:00.0,0.03912344737349639,0.7578947368421054,0.7578947368421054,-0.41454545454545794,NaN,-23.616784090909086,0.19,-4.4,2.5,3.99,4.53,-5.05,-5.08,NaN,NaN,2.5,10.0,76.35433,-166.76904,1032.4,207.8,284.8,442.2,365.7,-4.4
509.1667,1999-05-24T04:00:02.88,0.09836910926648494,1.0333333333333328,1.0333333333333328,0.0,NaN,-9.92349090909091,0.16,-6.6,1.2,3.98,4.6,-5.33,-5.33,NaN,NaN,2.5,10.0,76.35519,-166.78052,1032.6,207.9,283.1,368.4,316.2,-6.6
509.2083,1999-05-24T04:59:57.12,0.07846054413886991,0.9403508771929824,0.9403508771929824,0.34545454545455034,NaN,-13.608879545454545,0.19,-8.8,0.5,4.21,4.88,-5.82,-5.77,NaN,NaN,2.5,10.0,76.35599,-166.79354,1032.5,207.9,280.8,295.4,263.8,-8.8
509.25,1999-05-24T06:00:00.0,0.08344481130712726,0.9575757575757576,0.9575757575757576,0.38841379310344865,NaN,-14.03332965517241,0.22,-14.5,0.3,4.63,5.42,-6.37,-6.29,NaN,NaN,2.5,10.0,76.35675,-166.80575,1032.5,206.5,277.7,229.0,213.0,-14.5
509.2917,1999-05-24T07:00:02.88,0.14427136132033505,1.288888888888889,1.288888888888889,0.4204379562043818,NaN,-8.914020437956202,0.18,-13.7,-0.2,4.55,5.42,-6.98,-6.88,NaN,NaN,2.5,10.0,76.35766,-166.8187,1032.4,205.6,274.8,173.2,168.0,-13.7
509.3333,1999-05-24T07:59:57.12,0.16368170147278857,1.333333333333334,1.333333333333334,0.6689032258064506,NaN,-8.759287741935482,0.18,-15.5,-0.3,4.22,5.12,-7.76,-7.58,NaN,NaN,2.5,10.0,76.35874,-166.83039,1032.6,204.9,270.6,129.5,131.8,-15.5
509.375,1999-05-24T09:00:00.0,0.22229155745928358,1.5215686274509799,1.5215686274509799,0.7068926553672277,NaN,-6.894854237288137,0.17,-17.7,-0.3,4.55,5.52,-8.28,-8.05,NaN,NaN,2.5,10.0,76.35988,-166.84162,1032.7,204.8,268.7,100.0,105.7,-17.7
509.4167,1999-05-24T10:00:02.88,0.30405995832493127,1.7422222222222232,1.7422222222222232,0.8096385542168706,NaN,-5.373569277108434,0.15,-16.6,-0.1,4.34,5.32,-8.81,-8.53,NaN,NaN,2.5,10.0,76.361,-166.85012,1032.8,204.4,266.0,78.0,91.7,-16.6
509.4583,1999-05-24T10:59:57.12,0.2809491319839285,1.9200000000000004,1.9200000000000004,0.9411764705882375,NaN,-6.273529411764706,0.15,-15.3,-0.1,4.24,5.32,-9.48,-9.18,NaN,NaN,2.5,10.0,76.36212,-166.85797,1032.9,202.8,263.4,86.1,90.1,-15.3
509.5,1999-05-24T12:00:00.0,0.21862107171457107,1.7882352941176465,1.7882352941176465,0.849017341040461,NaN,-8.468535260115608,0.17,-17.3,-0.1,4.67,5.81,-9.94,-9.67,NaN,NaN,2.5,10.0,76.36302,-166.86516,1032.9,202.4,262.5,101.2,101.7,-17.3
509.5417,1999-05-24T13:00:02.88,0.3013841258802861,2.1333333333333333,2.1333333333333333,0.8421052631578948,NaN,-6.3937263157894755,0.14,-13.3,-0.1,4.46,5.58,-10.33,-10.08,NaN,NaN,2.5,10.0,76.36383,-166.87068,1032.9,201.5,261.7,129.8,124.7,-13.3
509.5833,1999-05-24T13:59:57.12,0.2604665221731434,2.0380952380952384,2.0380952380952384,0.8180869565217356,NaN,-7.287109565217392,0.14,-11.5,0.0,4.35,5.42,-10.18,-9.97,NaN,NaN,2.5,10.0,76.36422,-166.87611,1033.0,203.5,262.5,174.1,159.4,-11.5
509.625,1999-05-24T15:00:00.0,0.2533491282698113,1.6761904761904758,1.6761904761904758,0.4800000000000041,NaN,-7.203000000000003,0.14,-11.2,0.1,4.34,5.22,-9.8,-9.68,NaN,NaN,2.5,10.0,76.36493,-166.88443,1033.1,202.8,264.4,235.0,202.9,-11.2
509.6667,1999-05-24T16:00:02.88,0.16482752390186386,1.4500000000000002,1.4500000000000002,0.28183486238532346,NaN,-10.382796330275232,0.16,-10.9,0.5,4.45,5.32,-9.21,-9.15,NaN,NaN,2.5,10.0,76.3657,-166.89464,1033.3,203.9,267.0,301.9,250.4,-10.9
509.7083,1999-05-24T16:59:57.12,0.1207175263336062,1.129411764705882,1.129411764705882,0.11333333333333091,NaN,-13.065509375000005,0.17,-9.6,1.6,4.44,5.16,-8.51,-8.49,NaN,NaN,2.5,10.0,76.36653,-166.90734,1033.4,204.0,270.3,375.1,300.1,-9.6
509.75,1999-05-24T18:00:00.0,0.06017449266307028,0.9629629629629622,0.9629629629629622,-0.40421052631578985,NaN,-23.235915789473683,0.18,-5.7,0.9,4.32,4.97,-7.57,-7.61,NaN,NaN,2.5,10.0,76.36729,-166.92121,1033.3,203.5,274.2,440.5,339.6,-5.7
509.7917,1999-05-24T19:00:02.88,0.05546781632621386,0.7578947368421054,0.7578947368421054,-1.2748387096774183,NaN,-22.037303225806447,0.19,-6.2,4.7,4.52,5.06,-6.64,-6.77,NaN,NaN,2.5,10.0,76.36825,-166.93442,1033.3,203.4,277.1,517.3,388.6,-6.2
509.8333,1999-05-24T19:59:57.12,0.01982335607454194,0.7873015873015864,0.7873015873015864,-3.1359999999999926,NaN,-54.63989999999998,0.21,-3.0,4.5,4.94,5.56,-5.9,-6.04,NaN,NaN,2.5,10.0,76.36948,-166.94803,1033.3,203.3,280.3,571.5,421.6,-3.0
510.0417,1999-05-25T01:00:02.88,0.023353606453879846,0.7030303030303031,0.7030303030303031,-0.1717073170731747,NaN,-27.814653658536585,0.22,-4.1,4.0,5.67,6.25,-3.57,-3.58,NaN,NaN,2.5,10.0,76.37898,-167.01835,1033.0,207.2,290.3,565.6,442.4,-4.1
510.0833,1999-05-25T01:59:57.12,0.028722194402715187,0.725333333333333,0.725333333333333,-0.1081081081081106,NaN,-22.487331081081077,0.25,-7.4,4.2,6.09,6.77,-3.55,-3.56,NaN,NaN,2.5,10.0,76.38069,-167.03211,1032.8,207.7,290.0,512.7,410.3,-7.4
510.125,1999-05-25T03:00:00.0,0.020436382385338302,0.6222222222222226,0.6222222222222226,-0.261818181818184,NaN,-33.5016,0.33,-12.1,4.0,6.3,7.07,-3.76,-3.79,NaN,NaN,2.5,10.0,76.38236,-167.04626,1032.5,210.8,289.3,444.5,366.3,-12.1
510.1667,1999-05-25T04:00:02.88,0.02964207578554849,0.6896551724137931,0.6896551724137931,-0.4678991596638624,NaN,-24.532464705882347,0.29,-11.9,3.2,6.61,7.36,-3.99,-4.05,NaN,NaN,2.5,10.0,76.38435,-167.06198,1032.5,215.7,288.4,369.4,315.9,-11.9
510.2083,1999-05-25T04:59:57.12,0.04534576112690153,0.7897435897435902,0.7897435897435902,-0.2540458015267178,NaN,-17.669917557251907,0.26,-13.1,1.6,6.3,7.07,-4.39,-4.43,NaN,NaN,2.5,10.0,76.38644,-167.0781,1032.4,216.5,286.6,297.2,264.6,-13.1
510.25,1999-05-25T06:00:00.0,0.05635517953316236,0.8098765432098767,0.8098765432098767,0.04747252747252646,NaN,-15.865363186813186,0.27,-18.2,0.6,6.41,7.23,-4.89,-4.88,NaN,NaN,2.5,10.0,76.38856,-167.0935,1032.4,209.6,283.7,233.9,216.2,-18.2
510.2917,1999-05-25T07:00:02.88,0.043465482069304576,0.7483870967741937,0.7483870967741937,0.23396226415094254,NaN,-23.144234433962264,0.31,-21.2,0.1,6.51,7.38,-5.49,-5.44,NaN,NaN,2.5,10.0,76.39061,-167.10966,1032.3,209.4,281.2,177.8,171.1,-21.2
510.3333,1999-05-25T07:59:57.12,0.08495699186231412,0.9173333333333337,0.9173333333333337,0.331797235023041,NaN,-12.788018433179724,0.25,-21.7,0.0,6.62,7.48,-5.92,-5.83,NaN,NaN,2.5,10.0,76.39288,-167.12439,1032.2,209.1,278.9,134.8,135.4,-21.7
510.375,1999-05-25T09:00:00.0,0.12842863109609173,1.1878787878787873,1.1878787878787873,0.44197309417040254,NaN,-9.454278026905829,0.22,-22.3,0.2,6.11,7.09,-6.6,-6.46,NaN,NaN,2.5,10.0,76.39489,-167.13816,1032.3,210.3,276.0,105.4,109.8,-22.3
510.4167,1999-05-25T10:00:02.88,0.11713304839481037,1.0898550724637674,1.0898550724637674,0.5075862068965522,NaN,-11.1233650862069,0.23,-23.2,0.1,5.99,6.93,-7.07,-6.91,NaN,NaN,2.5,10.0,76.39684,-167.15136,1032.2,209.5,273.6,82.2,95.9,-23.2
510.4583,1999-05-25T10:59:57.12,0.11582946276748982,1.2637681159420286,1.2637681159420286,0.5463755458515283,NaN,-12.050111790393013,0.23,-22.9,0.1,6.0,7.09,-7.56,-7.39,NaN,NaN,2.5,10.0,76.39891,-167.16232,1032.1,210.1,271.9,90.2,93.7,-22.9
510.5,1999-05-25T12:00:00.0,0.11921715730314729,1.1878787878787886,1.1878787878787886,0.3759223300970885,NaN,-12.219355339805823,0.22,-20.6,0.2,6.01,6.99,-7.88,-7.77,NaN,NaN,2.5,10.0,76.40081,-167.17386,1031.9,216.8,271.7,103.1,103.7,-20.6
510.5417,1999-05-25T13:00:02.88,0.10384452427877698,1.078260869565217,1.078260869565217,0.4308292682926833,NaN,-14.119655121951217,0.23,-20.5,0.0,6.0,6.93,-7.93,-7.81,NaN,NaN,2.5,10.0,76.4027,-167.18546,1031.7,214.2,271.8,132.0,127.0,-20.5
510.5833,1999-05-25T13:59:57.12,0.11121163719353618,1.193650793650794,1.193650793650794,0.24143712574850498,NaN,-13.42567724550898,0.21,-16.7,0.2,5.79,6.73,-8.07,-8.01,NaN,NaN,2.5,10.0,76.40466,-167.19711,1031.7,211.9,271.9,175.2,160.6,-16.7
510.625,1999-05-25T15:00:00.0,0.08925083444733421,1.053968253968254,1.053968253968254,0.15044776119402664,NaN,-16.794201492537308,0.21,-13.4,0.4,6.0,6.83,-8.1,-8.07,NaN,NaN,2.5,10.0,76.40654,-167.20881,1031.4,210.6,272.2,235.9,203.9,-13.4
510.6667,1999-05-25T16:00:02.88,0.0817654097883277,1.028571428571428,1.028571428571428,0.10926829268292933,NaN,-17.12155609756097,0.21,-12.3,0.8,5.78,6.59,-7.58,-7.56,NaN,NaN,2.5,10.0,76.40819,-167.22125,1031.4,210.0,274.5,308.1,255.4,-12.3
510.7083,1999-05-25T16:59:57.12,0.04055186456472622,0.8102564102564102,0.8102564102564102,0.1434482758620659,NaN,-32.09135172413794,0.26,-11.6,1.5,6.83,7.62,-7.06,-7.04,NaN,NaN,2.5,10.0,76.41008,-167.23613,1031.1,210.7,277.3,376.7,301.5,-11.6
510.75,1999-05-25T18:00:00.0,0.03445067155523964,0.7893333333333327,0.7893333333333327,-0.3636363636363639,NaN,-31.10795454545454,0.25,-8.8,2.1,6.82,7.56,-5.84,-5.88,NaN,NaN,2.5,10.0,76.41216,-167.251,1030.8,216.3,282.1,436.8,339.2,-8.8
510.7917,1999-05-25T19:00:02.88,0.011149048561675565,0.6913580246913572,0.6913580246913572,-2.400000000000013,NaN,-80.04419999999999,0.27,-3.6,3.9,6.82,7.52,-4.88,-4.98,NaN,NaN,2.5,10.0,76.41447,-167.26841,1030.6,233.8,286.8,480.1,365.6,-3.6
511.1667,1999-05-26T04:00:02.88,0.00841044376724267,0.9019607843137251,0.9019607843137251,-0.9890909090909056,NaN,-23.36801454545455,0.34,-5.5,6.7,7.05,8.2,-1.09,-1.14,NaN,NaN,2.5,10.0,76.44494,-167.40829,1028.1,273.6,304.5,312.9,264.7,-5.5
511.2083,1999-05-26T04:59:57.12,0.01475518941026825,0.9292929292929288,0.9292929292929288,-0.4800000000000004,NaN,-21.9297375,0.33,-8.8,4.5,6.95,8.1,-1.79,-1.83,NaN,NaN,2.5,10.0,76.44832,-167.42002,1028.0,262.4,301.5,243.6,213.3,-8.8
511.25,1999-05-26T06:00:00.0,0.03348093044661767,0.954838709677419,0.954838709677419,0.12024242424242435,NaN,-14.570507272727271,0.31,-16.5,1.0,6.32,7.43,-2.69,-2.67,NaN,NaN,2.5,10.0,76.45142,-167.43212,1027.9,234.7,295.6,229.3,212.4,-16.5
511.2917,1999-05-26T07:00:02.88,0.04721715451616148,1.0206896551724143,1.0206896551724143,0.29305263157894756,NaN,-13.170059999999998,0.29,-19.0,0.8,6.22,7.33,-3.42,-3.36,NaN,NaN,2.5,10.0,76.45457,-167.44465,1027.7,233.4,292.6,178.9,173.0,-19.0
511.3333,1999-05-26T07:59:57.12,0.05941193265407085,1.1794871794871788,1.1794871794871788,0.29023255813953514,NaN,-11.863800000000001,0.26,-17.2,0.3,5.49,6.64,-3.87,-3.81,NaN,NaN,2.5,10.0,76.4572,-167.45713,1027.6,234.3,290.5,153.7,152.4,-17.2
511.375,1999-05-26T09:00:00.0,0.07264842537738252,1.282051282051282,1.282051282051282,0.47542857142856826,NaN,-10.821794285714285,0.26,-21.0,0.2,5.6,6.85,-4.31,-4.19,NaN,NaN,2.5,10.0,76.45983,-167.46868,1027.3,234.2,288.2,117.3,115.8,-21.0
511.4167,1999-05-26T10:00:02.88,0.08385552946438557,1.1306666666666663,1.1306666666666663,0.5209302325581383,NaN,-10.748546511627907,0.25,-21.5,-0.1,5.69,6.75,-4.93,-4.79,NaN,NaN,2.5,10.0,76.46189,-167.47783,1027.1,236.2,285.9,85.3,85.5,-21.5
511.4583,1999-05-26T10:59:57.12,0.05106743895285905,1.2246913580246914,1.2246913580246914,0.3141818181818162,NaN,-17.142103636363636,0.27,-16.5,0.2,5.7,6.94,-4.79,-4.73,NaN,NaN,2.5,10.0,76.46372,-167.48441,1026.6,254.3,288.0,91.7,82.5,-16.5
511.5,1999-05-26T12:00:00.0,0.0850643980800007,1.4111111111111108,1.4111111111111108,0.5173056994818648,NaN,-10.464696373056995,0.24,-19.3,0.0,5.28,6.55,-4.87,-4.74,NaN,NaN,2.5,10.0,76.46564,-167.48943,1026.4,231.8,284.4,71.9,69.3,-19.3
511.5417,1999-05-26T13:00:02.88,0.07467947829223448,1.21025641025641,1.21025641025641,0.5030697674418634,NaN,-13.24331162790698,0.26,-21.5,0.0,5.69,6.87,-5.4,-5.27,NaN,NaN,2.5,10.0,76.46738,-167.49418,1025.8,225.4,283.2,137.4,131.6,-21.5
511.5833,1999-05-26T13:59:57.12,0.08547059114246816,1.2289855072463762,1.2289855072463762,0.3463529411764709,NaN,-12.689465294117646,0.23,-17.0,0.3,5.79,6.85,-5.91,-5.83,NaN,NaN,2.5,10.0,76.46888,-167.49901,1025.1,224.5,282.3,177.4,163.3,-17.0
511.625,1999-05-26T15:00:00.0,0.07364368620036825,1.139393939393939,1.139393939393939,0.05499999999999882,NaN,-15.647568749999996,0.22,-12.8,0.3,5.78,6.72,-6.27,-6.26,NaN,NaN,2.5,10.0,76.47032,-167.50428,1024.6,219.5,280.6,238.4,206.5,-12.8
511.6667,1999-05-26T16:00:02.88,0.04959574592001864,1.044444444444444,1.044444444444444,-0.1371428571428603,NaN,-22.402285714285714,0.24,-11.2,0.7,5.78,6.72,-6.05,-6.07,NaN,NaN,2.5,10.0,76.47196,-167.51178,1024.3,220.7,282.4,309.2,257.4,-11.2
511.7083,1999-05-26T16:59:57.12,0.035812037400471015,0.8000000000000008,0.8000000000000008,-0.37925925925925963,NaN,-28.774399999999996,0.24,-8.1,1.9,5.89,6.61,-5.62,-5.66,NaN,NaN,2.5,10.0,76.47377,-167.52238,1023.8,221.0,284.5,374.0,299.5,-8.1
511.75,1999-05-26T18:00:00.0,0.020303283582089555,0.7360000000000004,0.7360000000000004,-1.5384615384615465,NaN,-45.97355769230769,0.25,-5.2,2.8,6.09,6.78,-5.1,-5.2,NaN,NaN,2.5,10.0,76.47602,-167.53558,1023.6,225.6,286.7,401.7,313.9,-5.2
511.7917,1999-05-26T19:00:02.88,0.012854319057457146,0.8106666666666664,0.8106666666666664,-2.6666666666666745,NaN,-63.35227272727273,0.25,-3.3,2.7,6.61,7.37,-4.46,-4.57,NaN,NaN,2.5,10.0,76.4784,-167.5518,1023.0,232.6,289.3,456.7,349.2,-3.3
512.0417,1999-05-27T01:00:02.88,0.003101861072278947,0.6342342342342348,0.6342342342342348,-4.553846153846158,NaN,-148.45225384615384,0.37,-2.6,9.3,7.85,8.73,-2.54,-2.64,NaN,NaN,2.5,10.0,76.49427,-167.65361,NaN,283.1,299.8,393.0,332.4,-2.6
512.0833,1999-05-27T01:59:57.12,0.00725087219534743,0.6222222222222215,0.6222222222222215,-1.6457142857142872,NaN,-61.48594285714286,0.36,-5.6,3.9,7.53,8.37,-2.46,-2.54,NaN,NaN,2.5,10.0,76.49691,-167.6713,NaN,285.7,300.0,323.6,277.4,-5.6
512.125,1999-05-27T03:00:00.0,0.007445405278021043,0.6373983739837402,0.6373983739837402,-0.9261176470588244,NaN,-55.704384705882326,0.41,-8.5,8.8,8.26,9.24,-2.29,-2.35,NaN,NaN,2.5,10.0,76.49904,-167.68882,NaN,298.9,301.4,254.5,222.1,-8.5
512.1667,1999-05-27T04:00:02.88,0.010476072696623383,0.5953488372093029,0.5953488372093029,-0.3988405797101408,NaN,-38.71645217391304,0.43,-13.8,6.2,8.68,9.64,-2.24,-2.28,NaN,NaN,2.5,10.0,76.50087,-167.70635,NaN,289.1,301.2,202.5,173.2,-13.8
512.2083,1999-05-27T04:59:57.12,0.014897297061666008,0.6285714285714288,0.6285714285714288,-0.14688524590163948,NaN,-24.89842622950819,0.42,-18.3,4.4,8.37,9.36,-2.05,-2.07,NaN,NaN,2.5,10.0,76.50288,-167.72789,NaN,267.7,300.4,217.1,183.1,-18.3
512.25,1999-05-27T06:00:00.0,0.01961978504081869,0.6363636363636357,0.6363636363636357,0.050830324909746205,NaN,-20.01977761732852,0.44,-27.7,2.6,8.98,10.03,-2.17,-2.16,NaN,NaN,2.5,10.0,76.50579,-167.75259,NaN,246.2,298.4,179.5,157.3,-27.7
512.2917,1999-05-27T07:00:02.88,0.03129444253568014,0.746666666666667,0.746666666666667,0.100900900900901,NaN,-15.295945945945942,0.35,-22.2,1.2,8.17,9.15,-2.64,-2.62,NaN,NaN,2.5,10.0,76.50894,-167.77808,NaN,244.1,296.3,146.9,130.2,-22.2
512.3333,1999-05-27T07:59:57.12,0.028047810352733966,0.7316239316239317,0.7316239316239317,0.22690909090909214,NaN,-18.96050945454546,0.39,-27.5,1.4,8.37,9.44,-2.93,-2.88,NaN,NaN,2.5,10.0,76.51212,-167.80279,NaN,241.5,294.5,92.7,84.8,-27.5
512.375,1999-05-27T09:00:00.0,0.03166106215213357,0.7266666666666666,0.7266666666666666,0.3065868263473057,NaN,-21.211976047904198,0.4,-33.4,0.8,8.47,9.56,-3.69,-3.61,NaN,NaN,2.5,10.0,76.51504,-167.82797,NaN,230.9,290.2,72.3,70.8,-33.4
512.4167,1999-05-27T10:00:02.88,0.023700158638860023,0.7000000000000005,0.7000000000000005,0.1024000000000001,NaN,-28.262400000000007,0.4,-25.0,2.2,8.68,9.73,-3.68,-3.66,NaN,NaN,2.5,10.0,76.51743,-167.84903,NaN,244.0,292.0,110.3,117.5,-25.0
512.4583,1999-05-27T10:59:57.12,0.03906987488693395,0.8,0.8,0.26879999999999765,NaN,-19.128959999999996,0.36,-30.0,0.9,8.39,9.47,-4.1,-4.03,NaN,NaN,2.5,10.0,76.52004,-167.87006,NaN,234.7,289.4,85.5,83.0,-30.0
512.5,1999-05-27T12:00:00.0,0.03278735843911393,0.7695238095238102,0.7695238095238102,0.0969696969696992,NaN,-25.00113636363636,0.35,-23.1,1.2,7.96,8.97,-4.49,-4.47,NaN,NaN,2.5,10.0,76.52278,-167.89206,NaN,243.2,289.1,101.0,97.9,-23.1
512.5417,1999-05-27T13:00:02.88,0.021333129638758677,0.7272727272727268,0.7272727272727268,-0.4190476190476176,NaN,-37.733850000000004,0.33,-12.6,NaN,7.86,8.76,-4.41,-4.46,NaN,NaN,2.5,10.0,76.52561,-167.91185,NaN,274.6,292.4,152.8,133.3,-12.6
512.6667,1999-05-27T16:00:02.88,0.006392231690894606,0.7868852459016389,0.7868852459016389,-2.602666666666669,NaN,-75.47118249999998,0.305,-3.0,NaN,7.54,8.44,-2.66,-2.74,NaN,NaN,2.5,10.0,76.53384,-167.95868,NaN,306.5,301.4,163.6,138.8,-3.0
512.9583,1999-05-27T22:59:57.12,0.005388645087071642,0.6528735632183909,0.6528735632183909,1.2654545454545465,NaN,17.626595454545452,0.29,-2.2,2.0,6.24,6.95,0.53,0.56,NaN,NaN,2.5,10.0,76.55916,-168.00108,1008.8,304.2,313.0,511.7,404.4,-2.2
513.0,1999-05-28T00:00:00.0,0.004353178149885473,0.6592592592592597,0.6592592592592597,1.0164705882352914,NaN,22.23021176470588,0.36,-3.4,3.6,7.16,8.05,0.54,0.57,NaN,NaN,2.5,10.0,76.56382,-167.99492,1009.0,311.5,313.8,468.6,375.0,-3.4
513.9583,1999-05-28T22:59:57.12,0.007822621901723755,0.8102564102564102,0.8102564102564102,-2.893913043478262,NaN,9.170086956521741,0.26,-2.3,NaN,6.09,6.88,0.4,0.32,NaN,NaN,2.5,10.0,76.6315,-168.04662,1009.3,319.2,313.5,354.6,299.6,-2.3
514.0,1999-05-29T00:00:00.0,0.010628341098839703,0.6881720430107526,0.6881720430107526,-1.4973584905660369,NaN,9.611813207547169,0.31,-5.3,NaN,6.28,7.08,0.57,0.49,NaN,NaN,2.5,10.0,76.63441,-168.05963,1008.5,322.7,314.1,354.1,299.2,-5.3
514.0417,1999-05-29T01:00:02.88,0.02521115487454514,0.8275862068965513,0.8275862068965513,-0.2702912621359226,NaN,5.327694174757281,0.29,-10.3,NaN,6.4,7.3,0.75,0.72,NaN,NaN,2.5,10.0,76.63742,-168.07318,1008.1,323.1,314.2,329.5,276.2,-10.3
514.0833,1999-05-29T01:59:57.12,0.0223272774471986,0.7644444444444447,0.7644444444444447,-0.19009900990099027,NaN,6.335643564356436,0.3,-10.1,NaN,6.71,7.57,0.79,0.77,NaN,NaN,2.5,10.0,76.64047,-168.08514,1007.5,323.9,314.3,249.1,211.2,-10.1
514.125,1999-05-29T03:00:00.0,0.019833372348012444,0.9204301075268819,0.9204301075268819,-0.20040404040404058,NaN,7.312336363636364,0.31,-9.9,0.1,6.31,7.38,0.81,0.79,NaN,NaN,2.5,10.0,76.64394,-168.09653,1007.3,320.1,314.2,313.8,252.6,-9.9
514.1667,1999-05-29T04:00:02.88,0.017033911548679486,0.8533333333333334,0.8533333333333334,-0.3740259740259743,NaN,6.311688311688311,0.3,-7.7,0.6,6.41,7.37,0.6,0.57,NaN,NaN,2.5,10.0,76.64699,-168.10561,1007.0,318.7,314.5,214.9,176.8,-7.7
514.2083,1999-05-29T04:59:57.12,0.007894084274636497,0.9619047619047616,0.9619047619047616,-2.162758620689656,NaN,11.354482758620694,0.28,-2.9,0.0,5.98,6.99,0.5,0.43,NaN,NaN,2.5,10.0,76.64987,-168.11313,1006.9,317.0,315.0,198.2,162.3,-2.9
514.25,1999-05-29T06:00:00.0,0.007483465535676534,0.9538461538461535,0.9538461538461535,-2.6472727272727274,NaN,8.62821818181818,0.26,-2.2,-0.2,5.25,6.18,0.36,0.29,NaN,NaN,2.5,10.0,76.65245,-168.11988,1006.8,316.1,314.2,141.9,117.1,-2.2
514.625,1999-05-29T15:00:00.0,0.19879010600381844,0.7999999999999993,0.7999999999999993,-0.3989041095890412,NaN,0.15348904109589043,0.13,-7.3,NaN,2.87,3.26,0.17,0.1,NaN,NaN,2.5,10.0,76.67232,-168.14176,1004.8,322.0,315.0,123.8,104.0,-7.3
516.1667,1999-05-31T04:00:02.88,0.035559470359631855,0.7822222222222222,0.7822222222222222,-1.4399999999999984,NaN,-3.2906249999999995,0.15,-2.0,0.6,3.23,3.67,-0.65,-0.71,NaN,NaN,2.5,10.0,76.70437,-167.57515,1015.8,247.3,308.8,308.5,247.8,-2.0
516.25,1999-05-31T06:00:00.0,0.18031099511083334,1.2266666666666666,1.2266666666666666,0.21333333333333115,NaN,-1.13,0.1,-3.0,0.0,2.66,3.12,-1.13,-1.11,NaN,NaN,2.5,10.0,76.70655,-167.55967,1016.0,229.8,305.8,253.3,223.7,-3.0
520.3333,1999-06-04T07:59:57.12,0.7482053129441487,2.4380952380952383,2.4380952380952383,0.6251162790697675,NaN,0.1770837209302326,0.07,-4.3,0.1,2.57,3.21,0.74,0.86,NaN,NaN,2.5,10.0,76.847,-167.54371,1020.5,317.3,315.8,79.0,62.5,-4.3
520.375,1999-06-04T09:00:00.0,0.5048615887056666,2.7809523809523826,2.7809523809523826,0.46344827586206855,NaN,0.22354137931034487,0.07,-2.9,0.0,2.51,3.24,0.63,0.69,NaN,NaN,2.5,10.0,76.84846,-167.53844,1020.2,305.4,315.6,80.7,62.5,-2.9
520.4167,1999-06-04T10:00:02.88,0.6792494796575086,1.8285714285714285,1.8285714285714285,0.0,NaN,0.14247692307692314,0.07,-3.9,0.0,3.31,3.79,0.54,0.54,NaN,NaN,2.5,10.0,76.84966,-167.53159,1019.9,316.5,315.8,66.5,51.7,-3.9
520.4583,1999-06-04T10:59:57.12,0.0372131587289975,0.8355555555555559,0.8355555555555559,-0.9142857142857144,NaN,1.2053571428571428,0.15,-2.1,0.0,3.44,3.91,0.25,0.21,NaN,NaN,2.5,10.0,76.85144,-167.52466,1019.5,316.6,315.7,55.3,44.1,-2.1
520.5,1999-06-04T12:00:00.0,0.06922596982408223,1.1555555555555557,1.1555555555555557,-0.768,NaN,0.5961599999999999,0.12,-2.0,-0.2,3.31,3.83,0.23,0.19,NaN,NaN,2.5,10.0,76.8537,-167.51558,1019.0,315.5,315.7,66.6,52.2,-2.0
520.5417,1999-06-04T13:00:02.88,0.02051777837260512,0.8444444444444449,0.8444444444444449,-1.4399999999999995,NaN,1.3121999999999996,0.18,-2.0,0.0,4.12,4.69,0.15,0.1,NaN,NaN,2.5,10.0,76.85622,-167.50433,1018.4,316.3,315.6,72.8,57.6,-2.0
522.5417,1999-06-06T13:00:02.88,0.3281791947294048,0.40000000000000036,0.40000000000000036,-0.4571428571428566,NaN,-0.3675428571428572,0.08,-2.8,7.1,2.35,2.47,-0.67,-0.72,NaN,NaN,2.5,10.0,76.93265,-167.07686,NaN,300.3,309.9,92.7,76.0,-2.8
523.5417,1999-06-07T13:00:02.88,0.016716055685033485,0.5797101449275361,0.5797101449275361,-1.5152941176470585,NaN,2.2544735294117646,0.23,-3.4,NaN,4.72,5.22,0.21,0.14,NaN,NaN,2.5,10.0,77.00465,-166.68472,1004.0,317.9,315.7,51.2,43.1,-3.4
524.375,1999-06-08T09:00:00.0,0.06160268884094447,0.592592592592593,0.592592592592593,-0.5183999999999966,NaN,-10.185952500000003,0.135,-2.5,0.4,3.28,3.58,-3.45,-3.48,NaN,NaN,2.5,10.0,76.95593,-166.70767,1012.0,225.8,296.3,142.5,137.8,-2.5
525.375,1999-06-09T09:00:00.0,0.029087458328013877,0.6821705426356599,0.6821705426356599,-0.28666666666666696,NaN,-10.3110640625,0.215,-4.8,0.4,5.14,5.69,-1.66,-1.68,NaN,NaN,2.5,10.0,76.92308,-166.45572,1008.8,267.6,306.2,115.2,100.8,-4.8
525.4167,1999-06-09T10:00:02.88,0.01698074795308697,0.6399999999999996,0.6399999999999996,-0.3636363636363639,NaN,-21.30681818181818,0.25,-4.4,0.7,5.03,5.63,-2.0,-2.02,NaN,NaN,2.5,10.0,76.92212,-166.44657,1008.9,258.9,303.9,103.6,96.7,-4.4
525.5,1999-06-09T12:00:00.0,0.011453962496574318,0.4869565217391303,0.4869565217391303,-1.9200000000000017,NaN,-52.05360000000001,0.23,-2.3,0.2,4.73,5.15,-3.28,-3.34,NaN,NaN,2.5,10.0,76.9194,-166.42687,1009.1,258.5,299.5,106.7,95.6,-2.3
528.375,1999-06-12T09:00:00.0,0.10550995348204893,1.4285714285714275,1.4285714285714275,0.0,NaN,-3.567200000000001,0.14,-4.8,-0.2,3.47,4.22,-2.08,-2.08,NaN,NaN,2.5,10.0,76.90287,-165.86265,1018.4,251.2,303.5,155.1,143.6,-4.8
528.5833,1999-06-12T13:59:57.12,0.029425536366824673,0.9254901960784311,0.9254901960784311,-1.3600000000000012,NaN,-10.378712500000002,0.17,-2.4,0.3,4.09,4.68,-1.69,-1.75,NaN,NaN,2.5,10.0,76.91558,-165.86872,1019.4,276.2,306.5,143.2,118.1,-2.4
528.6667,1999-06-12T16:00:02.88,0.03706371081872719,0.8634920634920632,0.8634920634920632,-0.23578947368421074,NaN,-7.944963157894733,0.21,-5.7,0.2,4.4,5.08,-1.63,-1.65,NaN,NaN,2.5,10.0,76.92047,-165.87356,1019.7,244.3,303.5,236.6,199.2,-5.7
529.125,1999-06-13T03:00:00.0,0.008521056436444891,0.8296296296296294,0.8296296296296294,0.3085714285714289,NaN,-4.217785714285716,0.27,-2.8,2.7,5.44,6.28,-0.2,-0.19,NaN,NaN,2.5,10.0,76.95893,-165.9216,1021.7,237.4,309.0,465.8,358.1,-2.8
529.1667,1999-06-13T04:00:02.88,0.009205358942873377,0.8,0.8,-0.33333333333333365,NaN,-6.4453125,0.25,-2.4,1.7,5.53,6.28,-0.33,-0.34,NaN,NaN,2.5,10.0,76.96218,-165.9246,1021.7,243.3,309.0,400.4,317.8,-2.4
529.7083,1999-06-13T16:59:57.12,0.00918744470051124,0.6871794871794871,0.6871794871794871,-1.2325925925925927,NaN,4.8822222222222225,0.26,-2.7,1.5,5.32,5.99,0.25,0.21,NaN,NaN,2.5,10.0,77.0045,-165.97184,1023.8,315.9,314.7,236.6,185.8,-2.7
529.75,1999-06-13T18:00:00.0,0.010544304903693227,0.6769230769230771,0.6769230769230771,-0.5367741935483862,NaN,5.95316129032258,0.26,-3.1,1.7,5.62,6.28,0.35,0.33,NaN,NaN,2.5,10.0,77.00739,-165.97479,1024.0,315.8,313.0,317.0,243.0,-3.1
529.7917,1999-06-13T19:00:02.88,0.016426445565281667,0.866666666666667,0.866666666666667,-0.20210526315789493,NaN,5.0202947368421045,0.24,-3.8,1.1,5.21,5.99,0.46,0.45,NaN,NaN,2.5,10.0,77.01049,-165.97811,1024.5,313.9,312.5,389.3,294.0,-3.8
529.8333,1999-06-13T19:59:57.12,0.017970840793656597,0.8213333333333338,0.8213333333333338,0.0,NaN,5.1861702127659575,0.25,-4.7,1.0,5.31,6.08,0.52,0.52,NaN,NaN,2.5,10.0,77.01396,-165.98223,1025.0,314.4,312.2,405.9,305.8,-4.7
529.875,1999-06-13T21:00:00.0,0.022035951637258133,0.777777777777778,0.777777777777778,0.3011764705882356,NaN,4.635105882352939,0.24,-5.1,3.0,5.2,5.9,0.57,0.59,NaN,NaN,2.5,10.0,77.01779,-165.98533,1025.4,313.3,312.3,431.5,324.2,-5.1
529.9167,1999-06-13T22:00:02.88,0.030283223357681712,0.8727272727272725,0.8727272727272725,0.3911111111111114,NaN,3.7859555555555553,0.22,-5.4,2.1,4.99,5.71,0.64,0.67,NaN,NaN,2.5,10.0,77.02159,-165.9883,1025.7,306.5,312.1,470.3,347.1,-5.4
529.9583,1999-06-13T22:59:57.12,0.025483261867663237,0.9000000000000006,0.9000000000000006,0.5206779661016939,NaN,4.639240677966101,0.24,-5.9,2.6,5.1,5.91,0.66,0.7,NaN,NaN,2.5,10.0,77.02546,-165.9897,1025.9,298.9,310.7,496.8,361.1,-5.9
530.0,1999-06-14T00:00:00.0,0.01987682191780822,0.8533333333333332,0.8533333333333332,0.615384615384616,NaN,5.228365384615384,0.25,-5.2,5.2,5.21,6.01,0.58,0.62,NaN,NaN,2.5,10.0,77.02958,-165.99031,1026.1,294.9,309.7,536.2,386.4,-5.2
530.0417,1999-06-14T01:00:02.88,0.01797445315498054,0.7253333333333339,0.7253333333333339,1.1914893617021278,NaN,4.2885638297872335,0.25,-4.7,4.4,5.01,5.69,0.43,0.5,NaN,NaN,2.5,10.0,77.03349,-165.9904,1026.2,246.5,308.7,570.9,404.5,-4.7
530.0833,1999-06-14T01:59:57.12,0.016004407231995192,0.8555555555555561,0.8555555555555561,1.2454054054054053,NaN,2.8021621621621615,0.24,-3.7,4.0,5.01,5.78,0.25,0.31,NaN,NaN,2.5,10.0,77.03691,-165.99039,1026.4,241.3,307.9,525.5,380.4,-3.7
530.125,1999-06-14T03:00:00.0,0.015582968872948197,0.7444444444444444,0.7444444444444444,0.64,NaN,0.8063999999999999,0.24,-3.6,2.3,5.12,5.79,0.07,0.1,NaN,NaN,2.5,10.0,77.04054,-165.99159,1026.6,239.0,307.4,469.7,347.7,-3.6
530.1667,1999-06-14T04:00:02.88,0.02035337042597034,0.866666666666667,0.866666666666667,0.16340425531914896,NaN,-0.3529531914893617,0.24,-4.7,1.8,4.81,5.59,-0.04,-0.03,NaN,NaN,2.5,10.0,77.04401,-165.99475,1026.8,236.6,306.9,405.8,310.0,-4.7
530.2083,1999-06-14T04:59:57.12,0.02412786178399477,0.9275362318840578,0.9275362318840578,0.1502040816326532,NaN,-1.8622959183673469,0.23,-4.9,2.3,4.61,5.41,-0.25,-0.24,NaN,NaN,2.5,10.0,77.04718,-165.9983,1026.8,234.1,306.1,340.0,270.0,-4.9
530.25,1999-06-14T06:00:00.0,0.023857957196620073,1.1000000000000003,1.1000000000000003,0.13963636363636375,NaN,-3.770181818181818,0.24,-5.5,1.5,4.41,5.4,-0.5,-0.49,NaN,NaN,2.5,10.0,77.0503,-166.00398,1027.0,232.6,305.1,279.3,231.0,-5.5
530.2917,1999-06-14T07:00:02.88,0.029964095598223137,1.0453333333333328,1.0453333333333328,0.20512820512820534,NaN,-4.627403846153846,0.25,-7.8,1.2,4.61,5.59,-0.77,-0.75,NaN,NaN,2.5,10.0,77.05348,-166.01237,1027.2,232.5,304.3,225.5,193.9,-7.8
530.3333,1999-06-14T07:59:57.12,0.03614640599735411,0.9386666666666665,0.9386666666666665,0.17021276595744697,NaN,-5.1861702127659575,0.25,-9.4,1.2,4.82,5.7,-1.04,-1.02,NaN,NaN,2.5,10.0,77.05716,-166.01989,1027.3,233.3,303.3,182.8,164.0,-9.4
530.375,1999-06-14T09:00:00.0,0.032696771239676674,0.9481481481481481,0.9481481481481481,0.08074766355140195,NaN,-7.284549532710281,0.27,-10.7,0.8,5.13,6.09,-1.32,-1.31,NaN,NaN,2.5,10.0,77.06099,-166.02921,1027.5,233.0,302.2,153.3,142.4,-10.7
530.4167,1999-06-14T10:00:02.88,0.03738381643401717,1.0666666666666667,1.0666666666666667,0.16494845360824759,NaN,-7.973582474226804,0.25,-9.7,0.4,4.51,5.51,-1.65,-1.63,NaN,NaN,2.5,10.0,77.06508,-166.0381,1027.7,231.8,301.0,123.8,129.9,-9.7
530.4583,1999-06-14T10:59:57.12,0.036642031736670425,1.1840000000000004,1.1840000000000004,0.08421052631578954,NaN,-9.177631578947368,0.25,-9.5,0.7,4.3,5.41,-1.86,-1.85,NaN,NaN,2.5,10.0,77.06867,-166.04511,1027.7,231.0,299.9,137.9,130.1,-9.5
530.5,1999-06-14T12:00:00.0,0.0356809753549541,1.1030303030303032,1.1030303030303032,-0.3352380952380931,NaN,-10.242361904761905,0.22,-6.3,0.4,4.3,5.21,-2.02,-2.05,NaN,NaN,2.5,10.0,77.07204,-166.05084,1027.8,230.9,299.9,151.5,140.3,-6.3
530.5417,1999-06-14T13:00:02.88,0.02039778098757697,1.1636363636363638,1.1636363636363638,-1.1733333333333342,NaN,-18.811466666666664,0.22,-3.6,0.3,4.62,5.58,-2.12,-2.18,NaN,NaN,2.5,10.0,77.07545,-166.05664,1027.7,230.8,300.2,180.3,160.7,-3.6
530.5833,1999-06-14T13:59:57.12,0.00965224610275805,1.002666666666667,1.002666666666667,-2.8799999999999955,NaN,-39.0,0.25,-2.5,1.4,5.14,6.08,-2.08,-2.17,NaN,NaN,2.5,10.0,77.07876,-166.06304,1027.8,230.9,299.2,224.0,190.5,-2.5
530.625,1999-06-14T15:00:00.0,0.006127889469244997,0.9580246913580244,0.9580246913580244,-4.319999999999994,NaN,-58.753755000000005,0.27,-2.0,3.1,4.82,5.79,-1.99,-2.09,NaN,NaN,2.5,10.0,77.08214,-166.06944,1028.0,230.6,299.5,278.2,225.7,-2.0
531.2083,1999-06-15T04:59:57.12,0.015214962239114156,1.2000000000000004,1.2000000000000004,-0.7822222222222228,NaN,-7.6902222222222205,0.22,-2.7,0.8,4.3,5.29,-0.65,-0.68,NaN,NaN,2.5,10.0,77.12489,-166.19353,1028.9,226.2,303.7,350.1,276.6,-2.7
531.25,1999-06-15T06:00:00.0,0.023915530071957982,1.1179487179487178,1.1179487179487178,0.0,NaN,-6.553337142857143,0.26,-7.0,0.6,4.51,5.6,-0.87,-0.87,NaN,NaN,2.5,10.0,77.12715,-166.20055,1029.0,226.5,302.9,286.7,235.2,-7.0
531.2917,1999-06-15T07:00:02.88,0.0538776915657294,1.168253968253968,1.168253968253968,0.24289156626506045,NaN,-3.9833457831325285,0.21,-8.3,-0.1,4.19,5.11,-1.19,-1.16,NaN,NaN,2.5,10.0,77.12894,-166.20655,1029.1,226.5,301.5,232.3,198.3,-8.3
531.3333,1999-06-15T07:59:57.12,0.06169811320754716,1.2533333333333332,1.2533333333333332,0.07804878048780496,NaN,-4.478048780487806,0.2,-8.2,-0.2,3.89,4.83,-1.53,-1.52,NaN,NaN,2.5,10.0,77.1308,-166.21292,1029.2,225.7,300.2,189.0,169.8,-8.2
531.375,1999-06-15T09:00:00.0,0.008988843004302634,1.0957575757575755,1.0957575757575755,-1.7032258064516081,NaN,-40.0507560483871,0.275,-3.1,0.0,4.95,6.08,-1.99,-2.05,NaN,NaN,2.5,10.0,77.13253,-166.21888,1029.4,243.0,300.9,146.3,132.6,-3.1
531.4167,1999-06-15T10:00:02.88,0.015012483775499191,1.0158730158730156,1.0158730158730156,-1.753043478260871,NaN,-31.890052173913045,0.21,-2.3,-0.3,4.5,5.3,-2.64,-2.7,NaN,NaN,2.5,10.0,77.13477,-166.2248,1029.5,240.8,298.9,128.5,117.5,-2.3
532.125,1999-06-16T03:00:00.0,0.06328783401820899,1.1450980392156855,1.1450980392156855,0.10461538461538415,NaN,0.793638461538462,0.17,-5.2,1.1,3.79,4.52,0.28,0.29,NaN,NaN,2.5,10.0,77.17772,-166.31904,1028.3,231.5,306.4,481.2,351.6,-5.2
532.1667,1999-06-16T04:00:02.88,0.06189014403201635,1.1508771929824566,1.1508771929824566,0.34253521126760594,NaN,0.8404690140845071,0.19,-7.1,0.5,4.21,5.03,0.29,0.33,NaN,NaN,2.5,10.0,77.18021,-166.32312,1028.0,235.5,306.3,414.6,312.5,-7.1
532.2083,1999-06-16T04:59:57.12,0.06728025897070118,0.9466666666666667,0.9466666666666667,0.2844444444444445,NaN,0.5866666666666668,0.2,-9.0,1.0,4.62,5.33,0.22,0.26,NaN,NaN,2.5,10.0,77.18253,-166.32771,1027.8,237.8,306.2,347.0,270.7,-9.0
532.25,1999-06-16T06:00:00.0,0.04460827805037819,1.0888888888888884,1.0888888888888884,0.14912621359223302,NaN,-0.2818485436893204,0.24,-10.3,0.6,4.83,5.81,-0.07,-0.05,NaN,NaN,2.5,10.0,77.18466,-166.33259,1027.6,238.4,305.7,283.3,229.3,-10.3
532.2917,1999-06-16T07:00:02.88,0.043347102600126246,1.1111111111111112,1.1111111111111112,0.15360000000000013,NaN,-1.2856319999999999,0.24,-10.0,0.2,4.62,5.62,-0.31,-0.29,NaN,NaN,2.5,10.0,77.18725,-166.34028,1027.3,239.2,304.5,222.8,187.0,-10.0
532.3333,1999-06-16T07:59:57.12,0.06456424521989575,1.0434782608695645,1.0434782608695645,0.3932824427480917,NaN,-1.4767580152671758,0.23,-13.1,0.0,4.62,5.52,-0.53,-0.46,NaN,NaN,2.5,10.0,77.18947,-166.34731,1027.2,241.4,304.2,182.8,161.9,-13.1
532.375,1999-06-16T09:00:00.0,0.07120258487593083,1.1174603174603173,1.1174603174603173,0.30545454545454537,NaN,-1.086062727272727,0.21,-11.0,0.5,4.73,5.61,-0.43,-0.38,NaN,NaN,2.5,10.0,77.192,-166.35414,NaN,248.7,305.3,177.9,164.4,-11.0
532.4167,1999-06-16T10:00:02.88,0.09972072419106318,1.3866666666666667,1.3866666666666667,0.5774436090225564,NaN,-1.136842105263158,0.2,-13.3,0.4,4.41,5.45,-0.63,-0.51,NaN,NaN,2.5,10.0,77.19462,-166.36125,NaN,252.2,304.1,132.5,123.0,-13.3
532.4583,1999-06-16T10:59:57.12,0.0868874205592972,1.2444444444444438,1.2444444444444438,0.4513432835820899,NaN,-1.9074895522388056,0.21,-13.4,1.1,4.73,5.71,-0.92,-0.83,NaN,NaN,2.5,10.0,77.19748,-166.36891,NaN,247.9,302.5,117.3,104.7,-13.4
532.5,1999-06-16T12:00:00.0,0.05440581092902569,1.0086956521739132,1.0086956521739132,0.06690909090909097,NaN,-4.844678181818181,0.23,-11.0,0.2,5.14,6.01,-1.46,-1.45,NaN,NaN,2.5,10.0,77.20052,-166.37575,NaN,238.9,301.4,158.6,151.9,-11.0
532.5417,1999-06-16T13:00:02.88,0.05086026394966564,0.9333333333333329,0.9333333333333329,-0.23466666666666688,NaN,-5.040053333333334,0.22,-9.0,0.1,5.04,5.81,-1.42,-1.45,NaN,NaN,2.5,10.0,77.20348,-166.38292,NaN,243.3,301.8,187.4,165.8,-9.0
532.5833,1999-06-16T13:59:57.12,0.02469900564326053,0.8695652173913043,0.8695652173913043,-0.7359999999999973,NaN,-7.957218000000001,0.23,-5.0,0.8,5.04,5.79,-1.09,-1.14,NaN,NaN,2.5,10.0,77.20655,-166.38936,NaN,271.5,304.6,167.8,131.3,-5.0
532.6667,1999-06-16T16:00:02.88,0.007297613473684182,0.8098765432098767,0.8098765432098767,-2.5200000000000005,NaN,1.7222625000000007,0.27,-2.4,2.0,5.35,6.17,0.07,0.0,NaN,NaN,2.5,10.0,77.21226,-166.40345,NaN,302.1,310.4,206.5,159.1,-2.4
532.7083,1999-06-16T16:59:57.12,0.009718767051466036,0.9283950617283953,0.9283950617283953,-1.8900000000000001,NaN,7.196596875,0.27,-3.2,1.4,5.34,6.28,0.39,0.32,NaN,NaN,2.5,10.0,77.21524,-166.41047,NaN,314.2,311.1,214.8,167.0,-3.2
532.75,1999-06-16T18:00:00.0,0.011029683935400943,0.8643678160919545,0.8643678160919545,-0.8248888888888884,NaN,6.178546666666666,0.29,-4.5,0.3,5.34,6.28,0.38,0.34,NaN,NaN,2.5,10.0,77.21804,-166.41602,NaN,316.0,311.2,207.8,165.0,-4.5
532.7917,1999-06-16T19:00:02.88,0.015490984151084665,0.8296296296296294,0.8296296296296294,-0.5082352941176476,NaN,3.9366000000000008,0.27,-5.1,0.0,5.54,6.38,0.34,0.31,NaN,NaN,2.5,10.0,77.2209,-166.42237,1023.8,317.2,308.1,281.0,216.9,-5.1
532.8333,1999-06-16T19:59:57.12,0.019438955572782555,0.6617283950617282,0.6617283950617282,-0.4049999999999996,NaN,3.2292421874999997,0.27,-6.4,0.2,5.41,6.08,0.35,0.32,NaN,NaN,2.5,10.0,77.22372,-166.42951,1023.6,317.4,306.8,309.9,237.4,-6.4
533.0,1999-06-17T00:00:00.0,0.03466580021396147,0.8341880341880333,0.8341880341880333,-0.14511627906976757,NaN,1.9140723837209304,0.195,-4.3,NaN,4.86,5.47,0.37,0.36,NaN,NaN,2.5,10.0,77.2382,-166.45072,1024.3,316.6,306.2,410.4,298.9,-4.3
533.0417,1999-06-17T01:00:02.88,0.05912157147105305,0.8838095238095238,0.8838095238095238,-0.10566037735849065,NaN,1.0314268867924525,0.175,-5.3,0.3,4.75,5.33,0.34,0.33,NaN,NaN,2.5,10.0,77.24228,-166.45286,1024.4,316.4,306.2,383.5,279.5,-5.3
533.0833,1999-06-17T01:59:57.12,0.02876689355217712,0.8701754385964914,0.8701754385964914,-0.36848484848484886,NaN,1.9329909090909092,0.19,-3.3,NaN,4.76,5.38,0.31,0.29,NaN,NaN,2.5,10.0,77.24642,-166.45363,1024.3,312.9,306.8,369.3,265.7,-3.3
533.125,1999-06-17T03:00:00.0,0.023536979640773868,0.8701754385964903,0.8701754385964903,-0.6755555555555548,NaN,2.3625444444444446,0.19,-2.7,NaN,4.94,5.56,0.31,0.28,NaN,NaN,2.5,10.0,77.25039,-166.4529,1024.4,312.3,306.4,340.2,243.3,-2.7
533.1667,1999-06-17T04:00:02.88,0.015698152889539137,0.7066666666666659,0.7066666666666659,-1.2190476190476194,NaN,3.085714285714286,0.2,-2.1,NaN,5.15,5.68,0.27,0.23,NaN,NaN,2.5,10.0,77.2543,-166.45226,1024.5,313.2,307.1,290.7,208.5,-2.1
533.2083,1999-06-17T04:59:57.12,0.037219966097147526,0.9600000000000002,0.9600000000000002,-0.9142857142857144,NaN,0.9642857142857143,0.15,-2.1,-0.5,4.44,4.98,0.2,0.16,NaN,NaN,2.5,10.0,77.25812,-166.45163,1024.5,316.1,307.2,186.3,138.0,-2.1
533.2917,1999-06-17T07:00:02.88,0.020935847952146626,0.8133333333333338,0.8133333333333338,-1.1428571428571428,NaN,1.8000000000000005,0.2,-2.8,0.1,4.87,5.48,0.21,0.16,NaN,NaN,2.5,10.0,77.26565,-166.4508,1024.4,316.0,307.7,137.4,100.9,-2.8
533.3333,1999-06-17T07:59:57.12,0.018169490724653587,0.7555555555555562,0.7555555555555562,-0.9142857142857146,NaN,2.666057142857143,0.24,-4.2,0.0,5.3,5.98,0.27,0.22,NaN,NaN,2.5,10.0,77.26941,-166.45262,1024.4,316.4,308.0,88.1,66.4,-4.2
533.375,1999-06-17T09:00:00.0,0.019135046173539366,0.8213333333333329,0.8213333333333329,-0.7999999999999998,NaN,2.8125,0.25,-5.0,0.2,5.73,6.5,0.3,0.25,NaN,NaN,2.5,10.0,77.2731,-166.45542,1024.3,318.0,308.3,62.4,47.9,-5.0
533.4167,1999-06-17T10:00:02.88,0.0194400218116153,0.7703703703703706,0.7703703703703706,-0.5400000000000005,NaN,3.136978125,0.27,-6.4,-0.4,5.81,6.59,0.34,0.3,NaN,NaN,2.5,10.0,77.27714,-166.45898,1024.3,316.8,308.3,45.4,36.1,-6.4
533.4583,1999-06-17T10:59:57.12,0.016825599935004928,0.6755555555555554,0.6755555555555554,-0.378947368421053,NaN,4.156578947368421,0.3,-7.6,1.6,6.03,6.79,0.39,0.36,NaN,NaN,2.5,10.0,77.28131,-166.46231,1024.1,316.9,308.4,39.1,31.5,-7.6
533.5,1999-06-17T12:00:00.0,0.02033954918804473,0.6896551724137931,0.6896551724137931,-0.3354216867469875,NaN,3.7905795180722883,0.29,-8.3,NaN,6.24,6.99,0.43,0.4,NaN,NaN,2.5,10.0,77.28551,-166.46627,1023.9,316.0,308.3,67.2,50.8,-8.3
533.5417,1999-06-17T13:00:02.88,0.019476933073424307,0.7555555555555553,0.7555555555555553,-0.21818181818181834,NaN,4.2340909090909085,0.3,-8.8,0.6,6.04,6.89,0.46,0.44,NaN,NaN,2.5,10.0,77.28971,-166.46921,1023.7,316.6,308.1,80.5,60.6,-8.8
533.5833,1999-06-17T13:59:57.12,0.01489716726148168,0.6352941176470591,0.6352941176470591,-0.3330612244897962,NaN,6.256555102040818,0.34,-9.8,0.9,7.17,7.98,0.52,0.49,NaN,NaN,2.5,10.0,77.2942,-166.4718,1023.4,315.0,307.8,123.0,89.2,-9.8
533.625,1999-06-17T15:00:00.0,0.01645765942489389,0.6787878787878786,0.6787878787878786,-0.2133333333333335,NaN,5.8806,0.33,-9.9,1.5,6.95,7.79,0.54,0.52,NaN,NaN,2.5,10.0,77.29885,-166.47388,1023.2,316.0,307.8,144.1,105.3,-9.9
533.6667,1999-06-17T16:00:02.88,0.02854817833728974,0.7794871794871792,0.7794871794871792,-0.09904761904761804,NaN,3.577971428571429,0.26,-8.4,0.5,6.33,7.09,0.57,0.56,NaN,NaN,2.5,10.0,77.30315,-166.47495,1023.0,316.8,307.4,175.0,128.4,-8.4
533.7083,1999-06-17T16:59:57.12,0.02481108609757651,0.8000000000000003,0.8000000000000003,0.0,NaN,3.972657534246576,0.26,-7.3,0.9,5.81,6.59,0.55,0.55,NaN,NaN,2.5,10.0,77.30754,-166.47691,1022.8,313.9,307.2,216.5,155.6,-7.3
533.75,1999-06-17T18:00:00.0,0.013489165320463056,0.6750000000000004,0.6750000000000004,-0.41513513513513395,NaN,7.8377513513513515,0.32,-7.4,1.9,7.06,7.87,0.59,0.56,NaN,NaN,2.5,10.0,77.31191,-166.47935,1022.6,290.0,306.2,355.9,244.8,-7.4
533.875,1999-06-17T21:00:00.0,0.018231673859118266,0.7225806451612902,0.7225806451612902,-0.10901098901098911,NaN,7.758754945054946,0.31,-9.1,2.7,6.75,7.59,0.79,0.78,NaN,NaN,2.5,10.0,77.32589,-166.48794,1022.7,248.9,NaN,596.4,373.5,-9.1
533.9167,1999-06-17T22:00:02.88,0.019230301260524652,0.7466666666666665,0.7466666666666665,0.0,NaN,7.541379310344827,0.3,-8.7,1.1,6.75,7.59,0.81,0.81,NaN,NaN,2.5,10.0,77.33064,-166.4914,1022.7,256.5,302.9,623.6,387.2,-8.7
533.9583,1999-06-17T22:59:57.12,0.015489366399967456,0.7294117647058821,0.7294117647058821,0.10666666666666678,NaN,9.016800000000002,0.34,-10.2,2.0,6.95,7.88,0.78,0.79,NaN,NaN,2.5,10.0,77.33564,-166.49502,1022.5,247.0,303.4,626.8,384.3,-10.2
534.0,1999-06-18T00:00:00.0,0.0171094869183533,0.7595959595959598,0.7595959595959598,0.4100970873786412,NaN,7.536302912621359,0.33,-10.3,1.5,6.85,7.79,0.72,0.76,NaN,NaN,2.5,10.0,77.34036,-166.4986,1022.3,248.6,NaN,617.2,383.1,-10.3
534.0417,1999-06-18T01:00:02.88,0.015872099270660696,0.7161904761904758,0.7161904761904758,0.491228070175439,NaN,8.123684210526312,0.35,-11.4,1.2,7.16,8.1,0.72,0.77,NaN,NaN,2.5,10.0,77.34527,-166.50053,1022.1,252.0,310.9,539.8,342.9,-11.4
534.0833,1999-06-18T01:59:57.12,0.018439725612127793,0.751515151515152,0.751515151515152,0.38054054054054093,NaN,6.798891891891891,0.33,-11.1,1.2,7.05,7.98,0.7,0.74,NaN,NaN,2.5,10.0,77.35005,-166.50289,1021.9,261.5,308.1,441.6,289.5,-11.1
534.125,1999-06-18T03:00:00.0,0.01761103647226448,0.7434343434343427,0.7434343434343427,0.19924528301886701,NaN,6.916177358490566,0.33,-10.6,1.0,7.37,8.29,0.68,0.7,NaN,NaN,2.5,10.0,77.35472,-166.50363,1021.7,266.1,307.9,423.3,280.9,-10.6
534.1667,1999-06-18T04:00:02.88,0.018954629741662714,0.6999999999999998,0.6999999999999998,0.0,NaN,5.86043076923077,0.32,-10.4,0.9,7.15,7.99,0.62,0.62,NaN,NaN,2.5,10.0,77.35945,-166.50339,1021.8,263.3,308.4,344.8,232.5,-10.4
534.2083,1999-06-18T04:59:57.12,0.017247562966179263,0.7225806451612902,0.7225806451612902,-0.11534883720930245,NaN,5.300026744186047,0.31,-8.6,1.0,7.05,7.89,0.51,0.5,NaN,NaN,2.5,10.0,77.36367,-166.50325,1021.8,287.3,309.7,232.5,159.1,-8.6
534.25,1999-06-18T06:00:00.0,0.012428242475870372,0.6032786885245898,0.6032786885245898,-0.49627118644067736,NaN,6.203506144067795,0.305,-5.9,0.2,7.76,8.45,0.43,0.4,NaN,NaN,2.5,10.0,77.36816,-166.50361,1021.8,311.3,311.5,138.6,95.3,-5.9
534.2917,1999-06-18T07:00:02.88,0.005248404378690929,0.4935323383084571,0.4935323383084571,-1.624242424242424,NaN,10.936836363636365,0.335,-3.3,1.0,8.16,8.78,0.32,0.27,NaN,NaN,2.5,10.0,77.37267,-166.50363,1022.0,313.6,312.3,108.3,74.4,-3.3
537.3333,1999-06-21T07:59:57.12,0.07672394022417982,1.311111111111111,1.311111111111111,0.0,NaN,-4.33570909090909,0.12,-2.2,0.0,2.91,3.5,-1.84,-1.84,NaN,NaN,2.5,10.0,77.57344,-166.74565,1014.5,243.6,NaN,144.1,117.9,-2.2
537.375,1999-06-21T09:00:00.0,0.36905338746617955,3.1619047619047618,3.1619047619047618,0.4266666666666671,NaN,-0.9457000000000002,0.07,-2.1,-0.1,2.01,2.84,-1.93,-1.89,NaN,NaN,2.5,10.0,77.57575,-166.74808,1014.8,241.6,NaN,181.4,187.2,-2.1
537.4167,1999-06-21T10:00:02.88,0.18198153608353126,1.8370370370370372,1.8370370370370372,-0.13090909090909392,NaN,-1.9981227272727264,0.09,-2.2,-0.2,2.33,2.95,-2.01,-2.02,NaN,NaN,2.5,10.0,77.57849,-166.75157,1014.7,248.0,NaN,132.2,128.5,-2.2
537.8333,1999-06-21T19:59:57.12,0.014210062310254118,0.7080459770114947,0.7080459770114947,-0.7999999999999997,NaN,6.307499999999999,0.29,-5.8,-0.8,6.89,7.66,0.5,0.45,NaN,NaN,2.5,10.0,77.60677,-166.87683,1011.8,318.2,NaN,312.9,219.3,-5.8
537.875,1999-06-21T21:00:00.0,0.018514705434639223,0.7169398907103828,0.7169398907103828,0.110909090909091,NaN,7.157639488636362,0.305,-8.8,0.1,5.85,6.67,0.74,0.75,NaN,NaN,2.5,10.0,77.61089,-166.89527,1012.1,319.5,NaN,284.2,186.3,-8.8
537.9583,1999-06-21T22:59:57.12,0.034759010835085244,1.0666666666666667,1.0666666666666667,0.0699999999999985,NaN,5.762400000000001,0.28,-12.8,0.3,6.06,7.18,1.12,1.13,NaN,NaN,2.5,10.0,77.61998,-166.92575,1012.6,310.4,NaN,401.4,254.4,-12.8
538.0,1999-06-22T00:00:00.0,0.030910140805494316,1.0166666666666664,1.0166666666666664,0.2409411764705885,NaN,7.228235294117648,0.32,-17.0,-0.8,6.37,7.59,1.25,1.29,NaN,NaN,2.5,10.0,77.62484,-166.93942,1012.8,289.3,NaN,319.7,201.6,-17.0
538.0417,1999-06-22T01:00:02.88,0.034233348011429826,0.9490196078431371,0.9490196078431371,0.3369911504424782,NaN,7.5129769911504445,0.34,-22.6,0.0,6.47,7.68,1.44,1.51,NaN,NaN,2.5,10.0,77.62967,-166.95344,1013.2,278.4,NaN,299.6,186.2,-22.6
538.0833,1999-06-22T01:59:57.12,0.04254929143954372,0.9939393939393937,0.9939393939393937,0.49307392996108895,NaN,6.67001906614786,0.33,-25.7,-0.5,6.57,7.8,1.59,1.71,NaN,NaN,2.5,10.0,77.63433,-166.96866,1013.5,280.5,NaN,481.7,288.4,-25.7
538.125,1999-06-22T03:00:00.0,0.039993532306564016,1.0057142857142851,1.0057142857142851,0.46666666666666706,NaN,6.252604166666663,0.35,-28.8,0.0,6.78,8.1,1.4,1.52,NaN,NaN,2.5,10.0,77.63887,-166.98353,1013.9,NaN,NaN,312.4,187.0,-28.8
538.1667,1999-06-22T04:00:02.88,0.028410639815280726,0.92991452991453,0.92991452991453,0.4850883392226143,NaN,8.489114840989402,0.39,-28.3,0.0,7.71,9.07,1.35,1.46,NaN,NaN,2.5,10.0,77.64343,-167.00012,1014.2,288.0,NaN,373.4,227.0,-28.3
538.2083,1999-06-22T04:59:57.12,0.02605731927217092,0.9066666666666668,0.9066666666666668,0.41142857142857076,NaN,9.051428571428573,0.4,-28.0,0.2,7.71,9.07,1.32,1.41,NaN,NaN,2.5,10.0,77.64761,-167.01694,1014.8,247.7,NaN,366.3,229.4,-28.0
538.25,1999-06-22T06:00:00.0,0.02877379075659782,0.8000000000000005,0.8000000000000005,0.3670943396226419,NaN,7.64066716981132,0.38,-26.5,0.8,8.02,9.16,1.23,1.31,NaN,NaN,2.5,10.0,77.6516,-167.03419,1015.1,246.7,NaN,305.4,198.8,-26.5
538.2917,1999-06-22T07:00:02.88,0.025316962438661224,0.8615384615384619,0.8615384615384619,0.34666666666666696,NaN,8.262289285714285,0.39,-25.2,0.5,7.71,8.97,1.17,1.24,NaN,NaN,2.5,10.0,77.65548,-167.05167,1015.5,251.1,NaN,252.4,178.7,-25.2
538.3333,1999-06-22T07:59:57.12,0.024769857472068644,0.8912280701754389,0.8912280701754389,0.3199999999999991,NaN,7.869799999999999,0.38,-22.8,0.0,7.19,8.46,1.09,1.15,NaN,NaN,2.5,10.0,77.65949,-167.06861,1016.0,245.4,NaN,183.3,145.4,-22.8
538.375,1999-06-22T09:00:00.0,0.027736397741271047,0.8814814814814816,0.8814814814814816,0.4247004608294935,NaN,6.321135483870967,0.36,-21.7,0.6,7.19,8.38,0.98,1.06,NaN,NaN,2.5,10.0,77.66357,-167.08557,1016.6,248.9,NaN,162.6,135.7,-21.7
538.4167,1999-06-22T10:00:02.88,0.03218947229703546,0.9411764705882354,0.9411764705882354,0.3079245283018865,NaN,4.3938905660377365,0.34,-21.2,-0.3,6.88,8.08,0.79,0.85,NaN,NaN,2.5,10.0,77.66739,-167.1008,1017.1,250.0,NaN,100.3,103.3,-21.2
538.4583,1999-06-22T10:59:57.12,0.025887131540407664,0.9219047619047619,0.9219047619047619,0.1806451612903227,NaN,5.739717741935482,0.35,-18.6,0.3,6.57,7.78,0.83,0.86,NaN,NaN,2.5,10.0,77.67145,-167.1163,1017.6,257.0,NaN,155.6,148.6,-18.6
538.5,1999-06-22T12:00:00.0,0.023936016988937464,0.8914285714285707,0.8914285714285707,0.1953488372093025,NaN,6.431249999999998,0.35,-17.2,0.3,7.19,8.36,0.86,0.89,NaN,NaN,2.5,10.0,77.67501,-167.13137,1017.8,283.7,NaN,157.5,125.3,-17.2
538.5417,1999-06-22T13:00:02.88,0.028210531593390938,1.0083333333333333,1.0083333333333333,0.0,NaN,6.3421935483870975,0.32,-15.5,0.2,6.57,7.78,1.0,1.0,NaN,NaN,2.5,10.0,77.67862,-167.14555,1018.2,276.8,NaN,173.6,136.4,-15.5
538.5833,1999-06-22T13:59:57.12,0.03160035194848902,0.9955555555555556,0.9955555555555556,0.13426573426573438,NaN,4.927972027972027,0.3,-14.3,-0.1,6.16,7.28,0.87,0.89,NaN,NaN,2.5,10.0,77.68209,-167.15825,1018.8,280.8,NaN,159.5,116.3,-14.3
538.625,1999-06-22T15:00:00.0,0.03115838898417449,0.888888888888889,0.888888888888889,0.2723404255319151,NaN,4.940425531914893,0.3,-14.1,0.6,6.47,7.47,0.86,0.9,NaN,NaN,2.5,10.0,77.6853,-167.17026,1019.4,309.5,NaN,187.5,131.3,-14.1
538.6667,1999-06-22T16:00:02.88,0.027674616003010404,0.9000000000000001,0.9000000000000001,0.1347368421052633,NaN,5.755957894736843,0.32,-15.2,0.3,6.78,7.86,0.89,0.91,NaN,NaN,2.5,10.0,77.6882,-167.18391,1019.8,262.4,NaN,268.9,191.1,-15.2
538.7083,1999-06-22T16:59:57.12,0.02872864105620839,0.7911111111111109,0.7911111111111109,0.14769230769230782,NaN,5.358461538461539,0.3,-13.0,0.7,6.88,7.77,0.86,0.88,NaN,NaN,2.5,10.0,77.69074,-167.19696,1020.3,250.2,NaN,368.4,242.5,-13.0
538.7917,1999-06-22T19:00:02.88,0.0342838258569742,0.7589743589743592,0.7589743589743592,-0.16475247524752493,NaN,4.750740594059406,0.26,-10.1,0.8,5.85,6.59,0.91,0.89,NaN,NaN,2.5,10.0,77.695,-167.22526,1021.5,246.7,NaN,497.6,289.7,-10.1
538.8333,1999-06-22T19:59:57.12,0.044005187340032954,0.8333333333333335,0.8333333333333335,-0.0752941176470589,NaN,4.065882352941176,0.24,-10.2,0.8,5.64,6.39,1.0,0.99,NaN,NaN,2.5,10.0,77.697,-167.24124,1022.1,247.4,NaN,545.7,310.4,-10.2
538.875,1999-06-22T21:00:00.0,0.05489528789784575,0.9212121212121221,0.9212121212121221,0.0,NaN,3.1618040816326527,0.22,-9.8,0.7,5.43,6.19,0.97,0.97,NaN,NaN,2.5,10.0,77.69902,-167.25772,1022.6,245.7,NaN,497.6,276.8,-9.8
538.9167,1999-06-22T22:00:02.88,0.04235201458523245,0.8746666666666669,0.8746666666666669,0.0,NaN,4.64527027027027,0.25,-11.1,1.5,6.05,6.87,1.1,1.1,NaN,NaN,2.5,10.0,77.70091,-167.27385,1022.8,242.2,NaN,633.1,336.8,-11.1
538.9583,1999-06-22T22:59:57.12,0.04082953778831252,0.8960000000000008,0.8960000000000008,0.074766355140187,NaN,4.6875,0.25,-10.7,0.7,5.85,6.69,1.07,1.08,NaN,NaN,2.5,10.0,77.70286,-167.29021,1023.0,238.5,NaN,631.9,328.2,-10.7
539.0,1999-06-23T00:00:00.0,0.04159725742628422,0.9173333333333328,0.9173333333333328,0.3669724770642205,NaN,4.386467889908257,0.25,-10.9,1.1,5.74,6.6,1.02,1.07,NaN,NaN,2.5,10.0,77.70477,-167.30705,1023.3,239.5,NaN,593.2,295.8,-10.9
539.0833,1999-06-23T01:59:57.12,0.03900899424483052,0.8923076923076924,0.8923076923076924,0.5787826086956512,NaN,4.8142956521739135,0.26,-11.5,1.3,5.64,6.51,1.05,1.13,NaN,NaN,2.5,10.0,77.70873,-167.33878,1023.7,241.5,311.0,570.8,339.3,-11.5
539.125,1999-06-23T03:00:00.0,0.04745138192354843,0.9555555555555559,0.9555555555555559,0.34909090909090934,NaN,3.770181818181818,0.24,-11.0,0.6,5.42,6.28,1.0,1.05,NaN,NaN,2.5,10.0,77.71037,-167.35333,1024.0,241.2,311.1,512.2,313.9,-11.0
539.1667,1999-06-23T04:00:02.88,0.049015129852380934,0.9275362318840588,0.9275362318840588,0.14720000000000014,NaN,3.6501,0.23,-10.0,0.7,5.02,5.82,1.0,1.02,NaN,NaN,2.5,10.0,77.71171,-167.36744,1024.2,242.1,311.6,445.4,281.0,-10.0
539.2083,1999-06-23T04:59:57.12,0.042289520598203297,0.866666666666667,0.866666666666667,0.1567346938775503,NaN,3.8932897959183665,0.24,-9.8,1.1,5.33,6.11,0.92,0.94,NaN,NaN,2.5,10.0,77.71295,-167.38139,1024.3,242.3,311.7,377.5,248.7,-9.8
539.25,1999-06-23T06:00:00.0,0.042314222420982615,0.8888888888888887,0.8888888888888887,0.15673469387755115,NaN,3.2161959183673465,0.24,-9.8,1.3,5.11,5.91,0.76,0.78,NaN,NaN,2.5,10.0,77.714,-167.39451,1024.6,241.5,311.5,311.6,216.4,-9.8
539.2917,1999-06-23T07:00:02.88,0.049251435259594786,0.9000000000000006,0.9000000000000006,0.1347368421052633,NaN,2.182736842105262,0.24,-11.4,0.7,5.01,5.82,0.6,0.62,NaN,NaN,2.5,10.0,77.71496,-167.4074,1024.8,241.0,311.1,252.3,190.1,-11.4
539.3333,1999-06-23T07:59:57.12,0.0643400679096898,0.9391304347826093,0.9391304347826093,0.16854961832061052,NaN,1.225987786259542,0.23,-13.1,0.6,5.01,5.82,0.44,0.47,NaN,NaN,2.5,10.0,77.71584,-167.42095,1025.0,239.4,310.8,204.6,186.6,-13.1
539.375,1999-06-23T09:00:00.0,0.04846172451078429,0.9111111111111114,0.9111111111111114,0.27428571428571413,NaN,0.6294857142857143,0.24,-11.2,0.3,4.8,5.62,0.17,0.21,NaN,NaN,2.5,10.0,77.71661,-167.43572,1025.3,236.9,309.8,170.2,186.6,-11.2
539.4167,1999-06-23T10:00:02.88,0.059036722621298256,0.9623188405797102,0.9623188405797102,0.184,NaN,-0.060834999999999986,0.23,-12.0,0.0,4.7,5.53,-0.02,0.01,NaN,NaN,2.5,10.0,77.71772,-167.45077,1025.4,235.7,309.1,128.8,162.2,-12.0
539.4583,1999-06-23T10:59:57.12,0.0446417892254165,0.9444444444444452,0.9444444444444452,-0.07456310679611657,NaN,-1.0468660194174757,0.24,-10.3,0.0,4.59,5.44,-0.26,-0.27,NaN,NaN,2.5,10.0,77.71895,-167.46578,1025.4,236.2,308.3,137.0,141.8,-10.3
539.5,1999-06-23T12:00:00.0,0.03911130654647392,0.8106666666666664,0.8106666666666664,-0.07843137254901969,NaN,-1.1488970588235294,0.25,-10.2,-0.2,4.69,5.45,-0.25,-0.26,NaN,NaN,2.5,10.0,77.71994,-167.48099,1025.3,238.0,309.0,146.6,151.2,-10.2
539.5417,1999-06-23T13:00:02.88,0.0540133978003333,1.054545454545455,1.054545454545455,0.0,NaN,-0.7986000000000001,0.22,-9.6,0.3,4.28,5.15,-0.24,-0.24,NaN,NaN,2.5,10.0,77.72115,-167.49584,1025.1,237.7,308.2,167.4,168.5,-9.6
539.5833,1999-06-23T13:59:57.12,0.03917111214259103,0.8923076923076924,0.8923076923076924,-0.21704347826086962,NaN,-0.13755130434782606,0.26,-11.5,0.9,4.37,5.24,-0.03,-0.06,NaN,NaN,2.5,10.0,77.72237,-167.51138,1025.1,239.7,309.0,201.0,196.2,-11.5
539.625,1999-06-23T15:00:00.0,0.030970189278323425,0.8512820512820513,0.8512820512820513,-0.4571428571428571,NaN,1.2168,0.26,-9.1,0.7,4.79,5.62,0.21,0.16,NaN,NaN,2.5,10.0,77.72342,-167.52634,1024.9,240.8,309.8,247.1,217.8,-9.1
539.6667,1999-06-23T16:00:02.88,0.029465399253749264,0.7407407407407407,0.7407407407407407,-0.445360824742268,NaN,2.0088835051546394,0.27,-9.7,1.2,4.79,5.54,0.33,0.28,NaN,NaN,2.5,10.0,77.72425,-167.54179,1024.8,240.2,310.2,305.2,237.6,-9.7
539.7083,1999-06-23T16:59:57.12,0.02767621369083893,0.8111111111111117,0.8111111111111117,-0.23999999999999952,NaN,2.3327999999999998,0.24,-6.4,0.9,4.68,5.41,0.36,0.34,NaN,NaN,2.5,10.0,77.72513,-167.55702,1024.9,240.0,310.5,367.9,263.6,-6.4
539.75,1999-06-23T18:00:00.0,0.026527192543145794,0.7536231884057965,0.7536231884057965,-0.8177777777777777,NaN,2.906561111111111,0.23,-5.4,1.4,4.37,5.02,0.43,0.37,NaN,NaN,2.5,10.0,77.72595,-167.57152,1025.0,240.2,310.2,425.8,290.1,-5.4
539.7917,1999-06-23T19:00:02.88,0.025041559047674904,0.765217391304348,0.765217391304348,-1.4431372549019608,NaN,4.151094117647059,0.23,-5.1,1.2,4.28,4.94,0.58,0.48,NaN,NaN,2.5,10.0,77.72642,-167.58421,1025.0,240.8,310.3,497.8,307.0,-5.1
539.8333,1999-06-23T19:59:57.12,0.023557489853298214,0.8000000000000003,0.8000000000000003,-1.6761904761904756,NaN,5.019771428571428,0.22,-4.2,1.0,4.17,4.83,0.66,0.56,NaN,NaN,2.5,10.0,77.72729,-167.5964,1025.0,241.0,310.4,551.3,333.4,-4.2
539.875,1999-06-23T21:00:00.0,0.03159299412312342,0.8507936507936507,0.8507936507936507,-1.0971428571428563,NaN,4.025699999999999,0.21,-4.9,1.1,4.16,4.83,0.71,0.63,NaN,NaN,2.5,10.0,77.72795,-167.60789,1025.2,242.1,311.1,593.2,343.4,-4.9
539.9167,1999-06-23T22:00:02.88,0.030468558105237447,0.8280701754385964,0.8280701754385964,-0.8685714285714273,NaN,4.115399999999999,0.19,-3.5,0.5,3.75,4.34,0.7,0.65,NaN,NaN,2.5,10.0,77.72862,-167.61906,1025.4,241.4,309.8,623.0,352.5,-3.5
539.9583,1999-06-23T22:59:57.12,0.03135616438356164,0.8933333333333339,0.8933333333333339,-0.9142857142857151,NaN,3.6,0.2,-4.2,1.0,3.86,4.53,0.63,0.57,NaN,NaN,2.5,10.0,77.72925,-167.6293,1025.4,238.6,310.1,636.4,351.8,-4.2
540.0,1999-06-24T00:00:00.0,0.02389783129008094,0.7866666666666665,0.7866666666666665,-0.6000000000000005,NaN,3.9750000000000005,0.2,-3.2,1.0,3.75,4.34,0.53,0.5,NaN,NaN,2.5,10.0,77.73024,-167.63943,1025.2,237.0,309.5,631.8,355.3,-3.2
540.0417,1999-06-24T01:00:02.88,0.048131421447950164,1.0500000000000005,1.0500000000000005,0.0,NaN,1.9735272727272732,0.16,-3.3,0.6,3.03,3.66,0.53,0.53,NaN,NaN,2.5,10.0,77.7311,-167.64973,1025.0,236.6,309.8,606.6,351.4,-3.3
540.0833,1999-06-24T01:59:57.12,0.051055939429999274,1.0499999999999998,1.0499999999999998,0.2925714285714288,NaN,1.6852114285714288,0.16,-3.5,0.2,3.33,3.96,0.48,0.5,NaN,NaN,2.5,10.0,77.73256,-167.6614,1024.8,236.2,309.8,566.7,339.0,-3.5
540.125,1999-06-24T03:00:00.0,0.09521103232068893,1.333333333333334,1.333333333333334,0.23771428571428593,NaN,0.7720885714285713,0.13,-3.5,0.2,3.01,3.66,0.41,0.43,NaN,NaN,2.5,10.0,77.73349,-167.67146,1024.8,236.1,309.9,512.9,317.1,-3.5
540.1667,1999-06-24T04:00:02.88,0.11762390818606541,1.6888888888888884,1.6888888888888884,0.22588235294117606,NaN,0.5184,0.12,-3.4,0.1,2.7,3.46,0.34,0.36,NaN,NaN,2.5,10.0,77.73417,-167.68089,1024.8,236.1,309.6,451.6,287.6,-3.4
540.2083,1999-06-24T04:59:57.12,0.23797139660602054,2.4592592592592593,2.4592592592592593,0.6951724137931033,NaN,0.09803793103448276,0.09,-2.9,0.0,2.17,3.0,0.13,0.2,NaN,NaN,2.5,10.0,77.73419,-167.69084,1024.8,236.9,308.9,382.2,255.4,-2.9
540.25,1999-06-24T06:00:00.0,0.28748033321796457,2.5185185185185186,2.5185185185185186,0.7405714285714285,NaN,-0.08747999999999999,0.09,-3.5,0.0,2.25,3.1,-0.14,-0.05,NaN,NaN,2.5,10.0,77.73412,-167.70094,1024.7,237.2,308.0,313.5,221.9,-3.5
540.2917,1999-06-24T07:00:02.88,0.666055606477238,3.599999999999999,3.599999999999999,1.44,NaN,-0.13229999999999997,0.06,-2.4,-0.1,1.72,2.53,-0.49,-0.31,NaN,NaN,2.5,10.0,77.73364,-167.71205,1024.8,238.4,306.3,252.8,194.9,-2.4
540.3333,1999-06-24T07:59:57.12,0.6471234562757362,3.5428571428571423,3.5428571428571423,1.2713513513513512,NaN,-0.19745675675675675,0.07,-3.7,-0.1,1.8,2.73,-0.71,-0.5,NaN,NaN,2.5,10.0,77.73314,-167.72382,1024.8,239.7,305.4,201.7,180.3,-3.7
540.4167,1999-06-24T10:00:02.88,0.9190612850607702,4.044444444444445,4.044444444444445,1.8618181818181823,NaN,-0.2984727272727273,0.06,-3.3,-0.1,1.73,2.64,-1.52,-1.2,NaN,NaN,2.5,10.0,77.73216,-167.74762,1024.5,236.7,301.6,125.8,162.4,-3.3
540.5,1999-06-24T12:00:00.0,0.8643783024930114,3.466666666666666,3.466666666666666,1.734193548387097,NaN,-0.3804387096774193,0.06,-3.1,0.0,1.58,2.36,-1.82,-1.54,NaN,NaN,2.5,10.0,77.7322,-167.77268,1023.9,236.7,NaN,141.1,153.9,-3.1
540.5417,1999-06-24T13:00:02.88,0.5968109104635475,2.895238095238095,2.895238095238095,1.3176470588235294,NaN,-0.5114735294117647,0.07,-3.4,0.0,1.78,2.54,-1.69,-1.49,NaN,NaN,2.5,10.0,77.73258,-167.78464,1023.6,237.1,NaN,160.3,171.5,-3.4
540.5833,1999-06-24T13:59:57.12,0.5614149545406258,2.5142857142857147,2.5142857142857147,1.5399999999999996,NaN,-0.5016375000000001,0.07,-3.2,0.1,1.77,2.43,-1.56,-1.34,NaN,NaN,2.5,10.0,77.7329,-167.7956,1023.4,238.4,NaN,195.3,200.5,-3.2
540.625,1999-06-24T15:00:00.0,0.23924502414247964,1.570370370370371,1.570370370370371,0.19862068965517257,NaN,-0.9803793103448277,0.09,-2.9,0.4,1.88,2.41,-1.3,-1.28,NaN,NaN,2.5,10.0,77.73252,-167.80462,1022.9,237.4,NaN,234.7,217.1,-2.9
540.6667,1999-06-24T16:00:02.88,0.09746185320073412,1.0666666666666669,1.0666666666666669,-0.2742857142857145,NaN,-2.425371428571429,0.12,-2.8,0.2,2.3,2.78,-1.31,-1.33,NaN,NaN,2.5,10.0,77.73178,-167.81428,1022.5,236.2,NaN,271.5,220.2,-2.8
541.25,1999-06-25T06:00:00.0,0.10980602840636623,1.0256410256410255,1.0256410256410255,0.1040000000000024,NaN,-3.394365,0.13,-4.0,0.6,2.77,3.27,-2.06,-2.05,NaN,NaN,2.5,10.0,77.72492,-167.95163,1019.8,236.5,NaN,273.9,210.1,-4.0
541.375,1999-06-25T09:00:00.0,0.013046857147070445,0.660317460317461,0.660317460317461,-2.351999999999994,NaN,-34.45091999999999,0.21,-2.0,2.8,3.92,4.44,-2.48,-2.55,NaN,NaN,2.5,10.0,77.72285,-167.97743,1019.2,270.2,281.7,120.1,100.2,-2.0
541.4167,1999-06-25T10:00:02.88,0.0383232068084061,0.9037037037037035,0.9037037037037035,-0.934054054054048,NaN,-11.585189189189188,0.18,-3.7,4.6,3.73,4.34,-2.45,-2.51,NaN,NaN,2.5,10.0,77.72227,-167.98701,1019.0,272.3,NaN,97.6,79.4,-3.7
543.7917,1999-06-27T19:00:02.88,0.01621669393541347,0.7999999999999994,0.7999999999999994,-0.22303030303030327,NaN,3.4288818181818184,0.23,-3.3,1.5,4.99,5.68,0.31,0.3,NaN,NaN,2.5,10.0,77.80771,-168.00867,1014.3,312.7,NaN,325.6,246.3,-3.3
543.8333,1999-06-27T19:59:57.12,0.021608610634056433,0.7888888888888889,0.7888888888888889,0.30720000000000025,NaN,4.230144,0.24,-5.0,2.6,4.97,5.68,0.51,0.53,NaN,NaN,2.5,10.0,77.81158,-168.01127,1014.4,318.6,NaN,319.3,238.5,-5.0
543.875,1999-06-27T21:00:00.0,0.028610748909967697,0.7393939393939399,0.7393939393939399,0.2760784313725478,NaN,3.4449411764705884,0.22,-5.1,1.9,4.77,5.38,0.55,0.57,NaN,NaN,2.5,10.0,77.81526,-168.01308,1014.4,312.5,NaN,373.8,264.3,-5.1
543.9167,1999-06-27T22:00:02.88,0.0656307726242399,1.1607843137254892,1.1607843137254892,0.3022222222222225,NaN,1.7741388888888896,0.17,-5.4,1.8,4.07,4.81,0.65,0.68,NaN,NaN,2.5,10.0,77.81907,-168.01556,1014.2,292.4,NaN,461.9,310.4,-5.4
543.9583,1999-06-27T22:59:57.12,0.033602485927540886,1.1179487179487178,1.1179487179487178,0.33616161616161555,NaN,4.793454545454546,0.26,-9.9,1.8,5.2,6.29,0.9,0.94,NaN,NaN,2.5,10.0,77.82257,-168.01874,1013.8,305.1,NaN,403.8,262.0,-9.9
544.0,1999-06-28T00:00:00.0,0.04275149105367793,1.1520000000000001,1.1520000000000001,0.2142857142857145,NaN,4.059709821428572,0.25,-11.2,2.6,5.21,6.29,0.97,1.0,NaN,NaN,2.5,10.0,77.82613,-168.0231,1013.5,303.8,NaN,423.1,271.7,-11.2
544.0417,1999-06-28T01:00:02.88,0.07059388293726422,1.0814814814814822,1.0814814814814822,0.33391304347826123,NaN,2.1553043478260867,0.18,-6.9,NaN,4.38,5.11,0.85,0.89,NaN,NaN,2.5,10.0,77.82941,-168.0281,1013.1,312.8,314.7,365.0,246.8,-6.9
544.0833,1999-06-28T01:59:57.12,0.05323032570347802,0.9481481481481476,0.9481481481481476,0.0,NaN,2.4225230769230763,0.18,-5.2,NaN,4.08,4.72,0.72,0.72,NaN,NaN,2.5,10.0,77.83236,-168.03415,1012.6,321.9,315.0,294.8,204.5,-5.2
544.125,1999-06-28T03:00:00.0,0.05449402805172035,0.9466666666666667,0.9466666666666667,0.0,NaN,2.071232876712329,0.2,-7.3,NaN,4.49,5.2,0.63,0.63,NaN,NaN,2.5,10.0,77.83543,-168.04081,1012.0,320.9,315.4,192.2,134.0,-7.3
544.1667,1999-06-28T04:00:02.88,0.04378903124717495,1.0196078431372553,1.0196078431372553,-0.15111111111111125,NaN,1.8423750000000005,0.17,-3.6,NaN,3.55,4.2,0.45,0.44,NaN,NaN,2.5,10.0,77.83815,-168.04795,1011.5,316.6,315.0,245.9,164.7,-3.6
544.5,1999-06-28T12:00:00.0,0.01832060956283048,0.7719298245614032,0.7719298245614032,-1.4476190476190476,NaN,1.077842857142857,0.19,-2.1,0.1,4.04,4.59,0.11,0.06,NaN,NaN,2.5,10.0,77.86205,-168.04782,1009.7,316.4,315.9,38.7,27.5,-2.1
544.5417,1999-06-28T13:00:02.88,0.021547215455888252,0.9333333333333338,0.9333333333333338,-1.6457142857142857,NaN,0.9164571428571427,0.18,-2.1,NaN,3.86,4.49,0.11,0.05,NaN,NaN,2.5,10.0,77.86542,-168.04581,1009.5,316.8,314.8,58.4,40.5,-2.1
544.5833,1999-06-28T13:59:57.12,0.02052491355433657,0.9333333333333332,0.9333333333333332,-1.7279999999999998,NaN,0.52488,0.18,-2.0,-0.4,4.17,4.8,0.06,0.0,NaN,NaN,2.5,10.0,77.86861,-168.04492,1009.1,316.4,314.3,69.4,48.3,-2.0
544.625,1999-06-28T15:00:00.0,0.026680922601825665,0.9185185185185186,0.9185185185185186,-1.1076923076923078,NaN,0.47104615384615384,0.18,-2.6,NaN,4.36,4.98,0.07,0.02,NaN,NaN,2.5,10.0,77.87204,-168.04487,1008.9,317.2,315.5,81.8,57.6,-2.6
544.6667,1999-06-28T16:00:02.88,0.034106129199962504,0.8313725490196081,0.8313725490196081,-1.165714285714286,NaN,0.47375357142857166,0.17,-2.8,NaN,4.05,4.58,0.09,0.03,NaN,NaN,2.5,10.0,77.87552,-168.04491,1008.7,318.3,316.1,103.0,72.6,-2.8
544.7083,1999-06-28T16:59:57.12,0.05495783421568389,0.8177777777777769,0.8177777777777769,-0.6193548387096776,NaN,0.4245967741935483,0.15,-3.1,NaN,3.93,4.39,0.13,0.09,NaN,NaN,2.5,10.0,77.87901,-168.04291,1008.4,318.6,315.9,145.5,102.2,-3.1
544.75,1999-06-28T18:00:00.0,0.03797723202850556,0.9166666666666672,0.9166666666666672,-0.7876923076923076,NaN,0.708923076923077,0.16,-2.6,NaN,3.93,4.48,0.15,0.11,NaN,NaN,2.5,10.0,77.88246,-168.04142,1008.2,318.6,315.8,156.6,112.1,-2.6
544.7917,1999-06-28T19:00:02.88,0.0353080509791662,0.8627450980392153,0.8627450980392153,-0.5627586206896552,NaN,1.0164827586206902,0.17,-2.9,NaN,4.24,4.79,0.2,0.17,NaN,NaN,2.5,10.0,77.88601,-168.0388,1008.1,318.3,315.3,220.2,160.5,-2.9
544.8333,1999-06-28T19:59:57.12,0.035884445576191894,0.977777777777778,0.977777777777778,-0.3291428571428565,NaN,1.4996571428571424,0.18,-3.5,NaN,4.54,5.2,0.3,0.28,NaN,NaN,2.5,10.0,77.88972,-168.03567,1007.9,316.4,314.9,297.9,212.8,-3.5
544.875,1999-06-28T21:00:00.0,0.029634824515072995,0.7578947368421054,0.7578947368421054,-0.1788235294117649,NaN,2.0577,0.19,-3.4,NaN,4.64,5.18,0.34,0.33,NaN,NaN,2.5,10.0,77.89344,-168.03235,1007.9,318.0,314.9,300.0,214.9,-3.4
544.9167,1999-06-28T22:00:02.88,0.03529255678042235,0.9882352941176469,0.9882352941176469,-0.1875862068965519,NaN,1.5755482758620696,0.17,-2.9,NaN,4.54,5.17,0.31,0.3,NaN,NaN,2.5,10.0,77.89718,-168.02634,1008.0,315.9,314.8,288.2,205.6,-2.9
545.0417,1999-06-29T01:00:02.88,0.06806261494152152,0.9435897435897443,0.9435897435897443,0.0,NaN,0.5272800000000001,0.13,-2.5,NaN,3.9,4.36,0.2,0.2,NaN,NaN,2.5,10.0,77.90741,-168.01085,1007.7,316.8,315.3,240.2,168.1,-2.5
546.5833,1999-06-30T13:59:57.12,0.02090834367835325,0.7495495495495489,0.7495495495495489,-0.5381818181818186,NaN,-12.346668749999997,0.185,-2.2,NaN,4.53,5.05,-1.43,-1.45,NaN,NaN,2.5,10.0,77.97579,-167.61328,1015.8,236.8,308.1,196.0,171.8,-2.2
546.625,1999-06-30T15:00:00.0,0.025939877931218113,0.8253968253968258,0.8253968253968258,0.0,NaN,-6.320632499999999,0.21,-4.0,0.1,4.72,5.37,-0.91,-0.91,NaN,NaN,2.5,10.0,77.97922,-167.60522,1015.7,239.8,309.7,245.2,196.7,-4.0
546.6667,1999-06-30T16:00:02.88,0.010471413737817051,0.8470588235294123,0.8470588235294123,0.0,NaN,-1.2007202586206895,0.255,-2.9,1.1,5.55,6.36,-0.07,-0.07,NaN,NaN,2.5,10.0,77.98262,-167.59713,1015.6,279.0,314.0,313.6,219.0,-2.9
546.7083,1999-06-30T16:59:57.12,0.025866548785258577,0.7809523809523812,0.7809523809523812,0.0943157894736843,NaN,2.7035621052631584,0.28,-9.5,NaN,6.35,7.17,0.39,0.4,NaN,NaN,2.5,10.0,77.98601,-167.58861,1015.4,307.5,315.9,166.5,114.2,-9.5
546.75,1999-06-30T18:00:00.0,0.028788570019650718,0.6833333333333336,0.6833333333333336,0.1944303797468349,NaN,4.2308050632911405,0.32,-15.8,2.0,6.16,6.98,0.68,0.71,NaN,NaN,2.5,10.0,77.99005,-167.57967,1015.4,285.6,315.2,310.4,182.8,-15.8
546.7917,1999-06-30T19:00:02.88,0.029544120095931506,0.7919191919191915,0.7919191919191915,0.3559550561797749,NaN,5.6328219101123596,0.33,-17.8,0.4,6.98,7.96,0.93,0.99,NaN,NaN,2.5,10.0,77.99438,-167.57048,1015.2,296.8,315.6,334.8,203.8,-17.8
546.8333,1999-06-30T19:59:57.12,0.041186104063540535,0.6772486772486771,0.6772486772486771,0.37333333333333363,NaN,4.9922578125,0.315,-21.6,-0.6,7.8,8.6,1.15,1.23,NaN,NaN,2.5,10.0,77.99904,-167.55883,1014.7,294.4,315.8,406.7,249.8,-21.6
546.875,1999-06-30T21:00:00.0,0.025639377997759533,0.5650793650793654,0.5650793650793654,0.42131661442006213,NaN,9.545507210031348,0.42,-31.9,1.4,8.53,9.42,1.37,1.47,NaN,NaN,2.5,10.0,78.00443,-167.54444,1014.3,282.2,316.0,491.0,285.8,-31.9
546.9167,1999-06-30T22:00:02.88,0.022333295589955948,0.7407407407407407,0.7407407407407407,0.5052631578947363,NaN,12.389802631578949,0.45,-34.2,1.9,8.3,9.55,1.55,1.67,NaN,NaN,2.5,10.0,78.00997,-167.52719,1014.1,273.3,315.7,504.8,278.3,-34.2
546.9583,1999-06-30T22:59:57.12,0.019697377524323555,0.8130081300813002,0.8130081300813002,0.6329824561403514,NaN,12.60528815789473,0.41,-22.8,0.8,7.79,9.04,1.39,1.5,NaN,NaN,2.5,10.0,78.01532,-167.50741,1014.3,270.9,315.5,499.3,277.8,-22.8
547.0,1999-07-01T00:00:00.0,0.01832065271699792,0.806349206349206,0.806349206349206,0.8252631578947376,NaN,13.842757894736836,0.42,-22.8,0.2,7.77,9.04,1.42,1.56,NaN,NaN,2.5,10.0,78.0202,-167.4855,1014.1,264.3,315.3,562.7,307.2,-22.8
547.0417,1999-07-01T01:00:02.88,0.01868148109195936,0.8770370370370373,0.8770370370370373,0.8559440559440566,NaN,13.859921328671328,0.45,-28.6,2.6,7.57,9.05,1.45,1.62,NaN,NaN,2.5,10.0,78.02482,-167.4636,1014.0,267.9,315.5,525.2,289.8,-28.6
547.0833,1999-07-01T01:59:57.12,0.02353347098485821,0.9030303030303032,0.9030303030303032,0.8773887240356081,NaN,12.133032640949553,0.44,-33.7,1.6,7.76,9.25,1.6,1.81,NaN,NaN,2.5,10.0,78.02944,-167.44048,1014.1,280.9,316.2,514.2,284.9,-33.7
547.125,1999-07-01T03:00:00.0,0.023842366124076145,0.6748299319727893,0.6748299319727893,0.6644067796610159,NaN,13.98328156779661,0.49,-47.2,1.2,8.62,9.86,1.87,2.07,NaN,NaN,2.5,10.0,78.03375,-167.41753,1014.0,284.3,317.0,391.8,220.1,-47.2
547.1667,1999-07-01T04:00:02.88,0.028150016515200414,0.8926315789473683,0.8926315789473683,0.5984251968503929,NaN,13.03783833661417,0.475,-50.8,2.0,8.56,10.15,2.06,2.26,NaN,NaN,2.5,10.0,78.03821,-167.39509,1013.9,294.2,317.4,329.9,185.9,-50.8
547.2083,1999-07-01T04:59:57.12,0.02946591034180516,0.6921985815602841,0.6921985815602841,0.5840776699029124,NaN,12.0354040776699,0.47,-51.5,2.8,8.44,9.66,1.99,2.19,NaN,NaN,2.5,10.0,78.04256,-167.37192,1013.9,298.6,317.2,284.7,161.5,-51.5
547.25,1999-07-01T06:00:00.0,0.020391742934416705,0.8104575163398696,0.8104575163398696,0.6456263736263733,NaN,15.56827120879121,0.51,-45.5,2.4,9.01,10.56,1.78,1.96,NaN,NaN,2.5,10.0,78.04709,-167.34916,1013.7,261.8,316.7,217.9,127.5,-45.5
547.2917,1999-07-01T07:00:02.88,0.021215331299680586,0.8512820512820513,0.8512820512820513,0.6298007968127489,NaN,15.965450199203184,0.52,-50.2,2.6,8.6,10.26,1.9,2.09,NaN,NaN,2.5,10.0,78.05198,-167.32763,1013.8,254.1,316.4,270.9,169.9,-50.2
547.3333,1999-07-01T07:59:57.12,0.02068596618389979,0.8501650165016499,0.8501650165016499,0.5410714285714291,NaN,14.833574665178572,0.505,-44.8,2.3,8.83,10.44,1.72,1.87,NaN,NaN,2.5,10.0,78.0576,-167.30393,1013.8,250.3,316.6,202.6,145.9,-44.8
547.375,1999-07-01T09:00:00.0,0.019099476942746184,0.8333333333333335,0.8333333333333335,0.5192112676056332,NaN,14.766368450704224,0.48,-35.5,0.5,9.12,10.62,1.58,1.7,NaN,NaN,2.5,10.0,78.06362,-167.27852,1013.8,249.7,316.6,143.5,104.6,-35.5
547.4167,1999-07-01T10:00:02.88,0.017626801530764635,0.8695652173913043,0.8695652173913043,0.4088888888888893,NaN,12.775349999999998,0.46,-28.8,0.8,9.14,10.64,1.26,1.34,NaN,NaN,2.5,10.0,78.0694,-167.25145,1013.6,257.8,315.8,85.1,54.8,-28.8
547.4583,1999-07-01T10:59:57.12,0.01477481416703105,0.8,0.8,0.309677419354839,NaN,15.241935483870968,0.5,-31.0,0.5,9.23,10.73,1.26,1.32,NaN,NaN,2.5,10.0,78.07508,-167.22064,1013.3,274.0,316.6,187.9,129.1,-31.0
547.5,1999-07-01T12:00:00.0,0.013685100798366812,0.7520000000000001,0.7520000000000001,0.33449477351916407,NaN,14.764808362369335,0.5,-28.7,-0.2,9.23,10.64,1.13,1.19,NaN,NaN,2.5,10.0,78.08047,-167.19004,1013.0,249.9,316.1,109.1,91.6,-28.7
547.5417,1999-07-01T13:00:02.88,0.017397885344461284,0.8592592592592599,0.8592592592592599,0.2706766917293235,NaN,11.818843984962406,0.45,-26.6,0.2,8.6,10.05,1.15,1.2,NaN,NaN,2.5,10.0,78.08536,-167.15978,1012.9,256.4,316.0,145.7,112.4,-26.6
547.5833,1999-07-01T13:59:57.12,0.009713581590378157,0.827777777777778,0.827777777777778,0.17066666666666588,NaN,14.7456,0.48,-18.0,NaN,9.12,10.61,0.8,0.82,NaN,NaN,2.5,10.0,78.08965,-167.13089,1012.4,295.5,316.6,121.7,72.5,-18.0
547.75,1999-07-01T18:00:00.0,0.0015458993106140034,0.7030303030303031,0.7030303030303031,-5.119999999999999,NaN,4.646399999999999,0.44,-2.2,NaN,8.61,9.77,0.04,-0.04,NaN,NaN,2.5,10.0,78.10596,-167.03922,1011.9,316.1,316.2,212.6,123.4,-2.2
547.9167,1999-07-01T22:00:02.88,0.013432146445457538,0.3698924731182794,0.3698924731182794,-0.4441791044776124,NaN,8.270337313432835,0.31,-6.7,NaN,6.41,6.84,0.62,0.59,NaN,NaN,2.5,10.0,78.11906,-166.95859,1011.7,319.5,316.1,278.4,161.1,-6.7
548.1667,1999-07-02T04:00:02.88,0.03485790091100833,1.0074074074074075,1.0074074074074075,-0.3388235294117651,NaN,1.5952235294117645,0.18,-3.4,NaN,3.93,4.61,0.31,0.29,NaN,NaN,2.5,10.0,78.12837,-166.87266,1010.6,317.9,316.0,170.1,94.4,-3.4
548.2083,1999-07-02T04:59:57.12,0.03196811254095399,0.8888888888888885,0.8888888888888885,-0.8799999999999998,NaN,0.6738187499999999,0.165,-2.4,NaN,4.07,4.62,0.12,0.08,NaN,NaN,2.5,10.0,78.12987,-166.86634,1010.6,316.8,316.1,73.6,42.2,-2.4
550.0417,1999-07-04T01:00:02.88,0.02051364974490054,0.7111111111111117,0.7111111111111117,-1.152,NaN,1.7496,0.18,-2.0,NaN,4.01,4.49,0.2,0.16,NaN,NaN,2.5,10.0,78.16279,-166.81206,1006.2,319.2,315.7,247.0,140.4,-2.0
550.0833,1999-07-04T01:59:57.12,0.026787868079140728,0.7372549019607839,0.7372549019607839,-0.9890909090909086,NaN,1.2059181818181821,0.17,-2.2,0.5,3.91,4.38,0.18,0.14,NaN,NaN,2.5,10.0,78.16521,-166.80764,1005.8,318.9,315.8,210.1,118.6,-2.2
550.1667,1999-07-04T04:00:02.88,0.014958828911253429,0.866666666666666,0.866666666666666,-1.9200000000000002,NaN,1.5600000000000005,0.2,-2.0,0.0,4.24,4.89,0.13,0.07,NaN,NaN,2.5,10.0,78.16942,-166.80138,1005.0,317.9,316.1,134.6,76.1,-2.0
550.2917,1999-07-04T07:00:02.88,0.045798199593875946,1.0476190476190472,1.0476190476190472,-1.0666666666666667,NaN,0.35280000000000006,0.14,-2.1,NaN,4.01,4.56,0.09,0.04,NaN,NaN,2.5,10.0,78.17575,-166.80182,1003.9,316.6,315.6,71.7,41.8,-2.1
550.3333,1999-07-04T07:59:57.12,0.1256771595900439,1.28,1.28,-0.6095238095238097,NaN,0.10000000000000002,0.1,-2.1,NaN,3.69,4.17,0.07,0.03,NaN,NaN,2.5,10.0,78.17815,-166.80137,1003.7,317.7,316.0,63.9,37.3,-2.1
550.375,1999-07-04T09:00:00.0,0.0865831401496665,1.0888888888888895,1.0888888888888895,-0.6144000000000001,NaN,0.145152,0.12,-2.5,NaN,3.48,3.97,0.07,0.03,NaN,NaN,2.5,10.0,78.18052,-166.79979,1003.4,318.4,316.6,41.0,24.4,-2.5
550.4167,1999-07-04T10:00:02.88,0.07964774284587264,1.288888888888889,1.288888888888889,-0.6678260869565219,NaN,0.2253913043478261,0.12,-2.3,NaN,2.87,3.45,0.1,0.06,NaN,NaN,2.5,10.0,78.18269,-166.79841,1003.2,319.1,315.8,43.1,24.9,-2.3
550.4583,1999-07-04T10:59:57.12,0.07618061528014138,1.1555555555555557,1.1555555555555557,-0.5236363636363636,NaN,0.2592,0.12,-2.2,NaN,2.84,3.36,0.11,0.08,NaN,NaN,2.5,10.0,78.18502,-166.79452,1003.0,319.6,316.1,50.4,28.5,-2.2
550.5,1999-07-04T12:00:00.0,0.05446902210540311,1.0871794871794866,1.0871794871794866,-0.624,NaN,0.39546,0.13,-2.0,0.0,2.62,3.15,0.12,0.09,NaN,NaN,2.5,10.0,78.18691,-166.7902,1003.0,319.0,316.3,44.2,25.3,-2.0
551.4167,1999-07-05T10:00:02.88,0.03755211096503774,0.8842105263157894,0.8842105263157894,-1.2725581395348837,NaN,-0.7178023255813953,0.19,-4.3,NaN,4.33,4.96,-0.15,-0.24,NaN,NaN,2.5,10.0,78.19561,-166.80996,1006.8,319.1,315.7,28.3,15.2,-4.3
551.4583,1999-07-05T10:59:57.12,0.03407868226227224,0.6666666666666661,0.6666666666666661,-0.49920000000000003,NaN,-0.7909200000000001,0.26,-10.0,NaN,4.82,5.47,-0.15,-0.21,NaN,NaN,2.5,10.0,78.19596,-166.82392,1006.8,319.6,315.8,37.0,19.8,-10.0
551.5,1999-07-05T12:00:00.0,0.013971491978769188,0.6871794871794871,0.6871794871794871,-1.0146341463414634,NaN,-1.8004682926829274,0.26,-4.1,NaN,5.16,5.83,-0.14,-0.19,NaN,NaN,2.5,10.0,78.19631,-166.83973,1006.7,319.6,315.6,38.4,20.3,-4.1
551.5417,1999-07-05T13:00:02.88,0.01686505494505495,0.7146666666666666,0.7146666666666666,-0.7272727272727273,NaN,-1.3849431818181817,0.25,-4.4,NaN,5.16,5.83,-0.13,-0.17,NaN,NaN,2.5,10.0,78.19673,-166.85602,1006.7,317.8,315.6,52.0,28.0,-4.4
551.6667,1999-07-05T16:00:02.88,0.011253164949154109,0.7802469135802468,0.7802469135802468,0.0,NaN,-0.4787756756756757,0.27,-3.7,NaN,5.85,6.64,-0.03,-0.03,NaN,NaN,2.5,10.0,78.1969,-166.91673,1005.9,319.4,316.1,65.8,36.0,-3.7
551.8333,1999-07-05T19:59:57.12,0.0034956857132652035,0.6616033755274264,0.6616033755274264,-1.4044444444444444,NaN,4.108658333333334,0.395,-3.6,NaN,7.98,8.96,0.08,0.04,NaN,NaN,2.5,10.0,78.19451,-167.02122,1004.5,320.7,315.7,103.7,55.9,-3.6
551.875,1999-07-05T21:00:00.0,0.003149737218112968,0.6793650793650795,0.6793650793650795,-1.3784615384615382,NaN,6.838892307692307,0.42,-3.9,NaN,8.01,9.08,0.12,0.08,NaN,NaN,2.5,10.0,78.19342,-167.05315,1004.1,321.5,315.5,215.0,110.3,-3.9
551.9167,1999-07-05T22:00:02.88,0.0058886381098732215,0.6800000000000004,0.6800000000000004,-1.0158730158730158,NaN,5.790476190476191,0.4,-6.3,NaN,6.97,7.99,0.19,0.14,NaN,NaN,2.5,10.0,78.19212,-167.08331,1004.2,321.1,315.5,198.5,104.3,-6.3
551.9583,1999-07-05T22:59:57.12,0.005896595642960085,0.6444444444444445,0.6444444444444445,-2.0034782608695654,NaN,8.21551304347826,0.36,-4.6,NaN,6.8,7.67,0.27,0.19,NaN,NaN,2.5,10.0,78.19062,-167.10903,1004.5,321.7,315.3,297.1,151.0,-4.6
552.0,1999-07-06T00:00:00.0,0.007865228101814798,0.6492753623188405,0.6492753623188405,-1.431111111111111,NaN,5.703281249999999,0.345,-5.4,NaN,7.07,7.91,0.25,0.18,NaN,NaN,2.5,10.0,78.18835,-167.12849,1004.8,320.3,314.6,343.7,170.4,-5.4
552.0417,1999-07-06T01:00:02.88,0.002829459829044362,0.5844748858447487,0.5844748858447487,-3.554782608695653,NaN,12.685336956521738,0.365,-2.3,1.2,7.22,8.02,0.2,0.13,NaN,NaN,2.5,10.0,78.18544,-167.14413,1005.2,317.5,314.8,362.1,178.4,-2.3
552.375,1999-07-06T09:00:00.0,0.012991304670747272,0.4615384615384617,0.4615384615384617,-0.43789473684210567,NaN,-14.43082105263158,0.26,-3.8,2.1,5.09,5.54,-1.04,-1.06,NaN,NaN,2.5,10.0,78.14056,-167.23138,1010.2,233.3,309.2,212.1,123.3,-3.8
552.4167,1999-07-06T10:00:02.88,0.03753903874237247,0.8115942028985509,0.8115942028985509,-0.193684210526316,NaN,-5.186984210526316,0.23,-7.6,2.3,4.42,5.12,-1.08,-1.1,NaN,NaN,2.5,10.0,78.13837,-167.23807,1010.8,234.1,308.5,181.5,108.6,-7.6
552.4583,1999-07-06T10:59:57.12,0.027686294513287486,0.7536231884057975,0.7536231884057975,-0.3942857142857147,NaN,-8.668987500000002,0.23,-5.6,0.8,4.14,4.79,-1.33,-1.36,NaN,NaN,2.5,10.0,78.13717,-167.24118,1011.4,232.3,307.7,162.2,101.8,-5.6
552.5,1999-07-06T12:00:00.0,0.04025270860675064,0.7259259259259263,0.7259259259259263,-1.0338461538461547,NaN,-6.684369230769231,0.18,-3.9,0.2,3.59,4.08,-1.49,-1.56,NaN,NaN,2.5,10.0,78.1358,-167.23939,1011.8,231.1,307.0,156.0,111.3,-3.9
552.5417,1999-07-06T13:00:02.88,0.049959281221481515,0.7822222222222222,0.7822222222222222,-1.714285714285712,NaN,-5.749553571428573,0.15,-2.8,0.1,3.31,3.75,-1.59,-1.69,NaN,NaN,2.5,10.0,78.13466,-167.23434,1012.2,229.8,306.6,161.8,123.6,-2.8
552.5833,1999-07-06T13:59:57.12,0.03233930503130179,0.7666666666666666,0.7666666666666666,-3.2581818181818156,NaN,-8.545745454545456,0.16,-2.2,0.5,3.48,3.94,-1.53,-1.67,NaN,NaN,2.5,10.0,78.13299,-167.22746,1012.5,228.8,306.8,179.4,151.7,-2.2
553.4583,1999-07-07T10:59:57.12,0.029238578994331126,1.2307692307692308,1.2307692307692308,0.0967441860465112,NaN,2.8203348837209306,0.26,-8.6,0.5,5.66,6.86,0.46,0.47,NaN,NaN,2.5,10.0,78.10528,-166.85313,1016.0,316.1,315.6,104.3,57.4,-8.6
553.5,1999-07-07T12:00:00.0,0.004795885333578932,0.6877192982456137,0.6877192982456137,-0.5527272727272732,NaN,8.604927272727272,0.38,-4.4,0.5,7.28,8.26,0.23,0.21,NaN,NaN,2.5,10.0,78.10058,-166.83169,1016.5,315.7,315.9,52.5,30.7,-4.4
553.5417,1999-07-07T13:00:02.88,0.003497408260047734,0.6626262626262628,0.6626262626262628,-2.0114285714285716,NaN,2.5669285714285714,0.33,-2.1,0.8,6.06,6.88,0.05,0.01,NaN,NaN,2.5,10.0,78.09646,-166.81553,1016.9,314.6,315.8,74.1,42.6,-2.1
556.375,1999-07-10T09:00:00.0,0.05719665953184081,1.1487179487179486,1.1487179487179486,-0.5942857142857143,NaN,0.3138571428571429,0.13,-2.1,0.2,2.58,3.14,0.1,0.07,NaN,NaN,2.5,10.0,78.1,-165.86738,1015.6,286.4,314.6,148.6,88.4,-2.1
556.4167,1999-07-10T10:00:02.88,0.09356458760621157,1.2666666666666675,1.2666666666666675,0.0,NaN,-0.21119999999999997,0.12,-2.7,0.0,2.57,3.14,-0.11,-0.11,NaN,NaN,2.5,10.0,78.10063,-165.87537,1015.8,283.3,313.8,108.2,60.3,-2.7
557.1667,1999-07-11T04:00:02.88,0.026691181113207233,0.9481481481481482,0.9481481481481482,-0.8861538461538461,NaN,-0.2691692307692307,0.18,-2.6,1.5,3.39,4.03,-0.04,-0.08,NaN,NaN,2.5,10.0,78.10652,-166.02177,1017.4,265.7,312.9,296.7,162.8,-2.6
557.4167,1999-07-11T10:00:02.88,0.12664380715517595,1.4787878787878785,1.4787878787878785,0.0,NaN,-2.224671428571429,0.11,-2.8,-0.4,2.15,2.76,-1.56,-1.56,NaN,NaN,2.5,10.0,78.10791,-166.06037,1019.5,247.8,306.4,127.2,91.3,-2.8
557.4583,1999-07-11T10:59:57.12,0.09594578547553505,1.2923076923076928,1.2923076923076928,-0.11885714285714297,NaN,-3.144848571428571,0.13,-3.5,-0.4,2.34,2.97,-1.67,-1.68,NaN,NaN,2.5,10.0,78.1081,-166.06884,1019.7,245.2,305.9,134.2,89.1,-3.5
557.5,1999-07-11T12:00:00.0,0.09656605523556881,1.3142857142857143,1.3142857142857143,-0.3054545454545457,NaN,-3.0682909090909094,0.14,-4.4,-0.6,2.66,3.35,-1.64,-1.67,NaN,NaN,2.5,10.0,78.10853,-166.07688,1019.9,241.5,305.4,142.4,95.2,-4.4
557.5417,1999-07-11T13:00:02.88,0.07464259369840878,1.180952380952381,1.180952380952381,-0.7905882352941185,NaN,-4.1402117647058825,0.14,-3.4,-0.6,2.62,3.24,-1.71,-1.77,NaN,NaN,2.5,10.0,78.10902,-166.08399,1020.2,241.4,305.2,169.6,109.4,-3.4
557.5833,1999-07-11T13:59:57.12,0.046399305811373893,1.0666666666666669,1.0666666666666669,-1.4769230769230783,NaN,-6.425480769230769,0.15,-2.6,-0.1,2.55,3.15,-1.65,-1.73,NaN,NaN,2.5,10.0,78.10984,-166.09102,1020.4,240.2,305.8,214.0,140.9,-2.6
562.4583,1999-07-16T10:59:57.12,0.280144841451156,2.333333333333334,2.333333333333334,0.3200000000000003,NaN,0.2624,0.08,-2.4,0.0,2.3,3.0,0.41,0.44,NaN,NaN,2.5,10.0,78.13985,-166.06242,1016.0,316.5,316.3,64.7,33.6,-2.4
562.5,1999-07-16T12:00:00.0,0.3266983174394387,2.300000000000001,2.300000000000001,0.7314285714285711,NaN,0.27428571428571435,0.08,-2.8,0.1,2.03,2.72,0.5,0.58,NaN,NaN,2.5,10.0,78.14234,-166.06324,1016.0,318.0,316.3,41.4,23.0,-2.8
562.5417,1999-07-16T13:00:02.88,0.20910220338363725,2.1866666666666674,2.1866666666666674,0.548571428571429,NaN,0.42000000000000004,0.1,-3.5,-0.1,2.4,3.22,0.49,0.55,NaN,NaN,2.5,10.0,78.14482,-166.06523,1016.0,318.6,316.2,53.8,29.8,-3.5
562.5833,1999-07-16T13:59:57.12,0.14517538251715473,1.6000000000000005,1.6000000000000005,0.4571428571428565,NaN,0.6911999999999999,0.12,-4.2,-0.1,2.4,3.12,0.56,0.61,NaN,NaN,2.5,10.0,78.14724,-166.06568,1016.1,317.2,316.0,70.3,38.4,-4.2
562.625,1999-07-16T15:00:00.0,0.17923046004311763,1.9200000000000006,1.9200000000000006,0.6400000000000006,NaN,0.49,0.1,-3.0,0.0,2.8,3.52,0.49,0.55,NaN,NaN,2.5,10.0,78.14954,-166.06788,1016.2,315.6,316.1,89.1,48.8,-3.0
562.6667,1999-07-16T16:00:02.88,0.13018890942056177,1.6969696969696975,1.6969696969696975,0.24275862068965537,NaN,0.6471413793103448,0.11,-2.9,0.1,3.01,3.71,0.47,0.49,NaN,NaN,2.5,10.0,78.1519,-166.06972,1016.3,313.0,315.9,146.8,77.9,-2.9
562.7083,1999-07-16T16:59:57.12,0.10026761715673142,1.5111111111111106,1.5111111111111106,0.0,NaN,0.9116689655172414,0.12,-2.9,0.1,2.83,3.51,0.51,0.51,NaN,NaN,2.5,10.0,78.15414,-166.07176,1016.2,311.6,315.7,207.0,108.3,-2.9
562.75,1999-07-16T18:00:00.0,0.07070105938078197,1.2102564102564106,1.2102564102564106,-0.4800000000000004,NaN,1.3689,0.13,-2.6,0.2,2.82,3.41,0.54,0.51,NaN,NaN,2.5,10.0,78.15615,-166.07461,1016.3,313.4,315.8,250.3,130.8,-2.6
562.7917,1999-07-16T19:00:02.88,0.09681011311684411,1.133333333333333,1.133333333333333,-0.2742857142857145,NaN,0.9627428571428571,0.12,-2.8,NaN,2.5,3.01,0.52,0.5,NaN,NaN,2.5,10.0,78.15793,-166.07869,1016.6,313.9,315.8,193.3,103.0,-2.8
562.8333,1999-07-16T19:59:57.12,0.11672322407062978,1.4545454545454537,1.4545454545454537,-0.13538461538461552,NaN,0.7371692307692308,0.11,-2.6,NaN,2.7,3.3,0.48,0.47,NaN,NaN,2.5,10.0,78.15972,-166.08334,1016.8,315.5,316.0,186.5,100.9,-2.6
562.875,1999-07-16T21:00:00.0,0.052282434722102596,1.0857142857142863,1.0857142857142863,-0.7466666666666674,NaN,1.3377000000000006,0.14,-2.4,-0.1,3.32,3.89,0.39,0.35,NaN,NaN,2.5,10.0,78.16161,-166.08822,1016.9,316.5,315.8,196.0,106.3,-2.4
562.9167,1999-07-16T22:00:02.88,0.04792381304825935,1.1047619047619048,1.1047619047619048,-0.8145454545454552,NaN,1.4967272727272731,0.14,-2.2,-0.1,3.11,3.69,0.4,0.36,NaN,NaN,2.5,10.0,78.1634,-166.09276,1017.0,317.3,315.6,256.0,136.7,-2.2
564.4583,1999-07-18T10:59:57.12,0.45291572890772186,2.7809523809523804,2.7809523809523804,0.6892307692307694,NaN,0.17809615384615388,0.07,-2.6,0.0,2.1,2.83,0.45,0.53,NaN,NaN,2.5,10.0,78.21205,-166.12276,1021.5,325.5,316.5,66.1,33.9,-2.6
564.5,1999-07-18T12:00:00.0,0.31508232609768133,2.733333333333333,2.733333333333333,0.6637037037037037,NaN,0.2616888888888889,0.08,-2.7,0.0,2.2,3.02,0.46,0.53,NaN,NaN,2.5,10.0,78.21343,-166.12367,1021.4,320.8,316.3,60.1,31.1,-2.7
564.5417,1999-07-18T13:00:02.88,0.23336446762642507,2.433333333333334,2.433333333333334,0.7680000000000006,NaN,0.384,0.08,-2.0,0.0,1.89,2.62,0.5,0.56,NaN,NaN,2.5,10.0,78.21465,-166.12348,1021.4,334.8,317.4,55.9,29.2,-2.0
564.625,1999-07-18T15:00:00.0,0.18397949836872063,1.9878787878787887,1.9878787878787887,0.8585365853658535,NaN,0.5356463414634147,0.11,-4.1,0.0,2.9,3.72,0.55,0.65,NaN,NaN,2.5,10.0,78.21733,-166.12291,1021.2,324.0,316.0,105.8,53.1,-4.1
564.6667,1999-07-18T16:00:02.88,0.135886614280867,1.4153846153846152,1.4153846153846152,0.6655999999999997,NaN,0.8436480000000001,0.13,-5.0,NaN,3.43,4.12,0.64,0.72,NaN,NaN,2.5,10.0,78.2186,-166.12263,1020.9,321.0,316.0,150.5,74.1,-5.0
564.7083,1999-07-18T16:59:57.12,0.22420962609952538,1.7696969696969698,1.7696969696969698,0.8448,NaN,0.582978,0.11,-5.0,0.0,3.18,3.91,0.73,0.85,NaN,NaN,2.5,10.0,78.2201,-166.1223,1020.9,303.6,315.9,220.3,105.0,-5.0
564.75,1999-07-18T18:00:00.0,0.26849250082107795,2.186666666666666,2.186666666666666,1.1377777777777773,NaN,0.5333333333333334,0.1,-4.5,0.0,2.91,3.73,0.8,0.96,NaN,NaN,2.5,10.0,78.2216,-166.12209,1020.9,313.7,316.3,246.8,118.3,-4.5
564.7917,1999-07-18T19:00:02.88,0.3459118349778402,2.1066666666666665,2.1066666666666665,1.0482758620689658,NaN,0.4655172413793105,0.1,-5.8,0.1,3.34,4.13,0.9,1.09,NaN,NaN,2.5,10.0,78.22312,-166.12192,1020.9,323.2,316.3,255.4,124.8,-5.8
564.8333,1999-07-18T19:59:57.12,0.466210226369715,2.488888888888888,2.488888888888888,1.0105263157894735,NaN,0.36833684210526313,0.09,-5.7,0.1,3.08,3.92,0.96,1.16,NaN,NaN,2.5,10.0,78.22474,-166.12201,1021.1,328.4,316.4,195.2,99.7,-5.7
564.875,1999-07-18T21:00:00.0,0.2552769473206618,1.8444444444444448,1.8444444444444448,1.1416216216216213,NaN,0.7145513513513513,0.12,-7.4,NaN,3.29,4.12,1.02,1.24,NaN,NaN,2.5,10.0,78.22644,-166.12205,1021.3,331.6,316.4,159.7,83.0,-7.4
564.9167,1999-07-18T22:00:02.88,1.2695547898727306,3.822222222222222,3.822222222222222,0.8765217391304346,NaN,0.14227826086956522,0.06,-4.6,NaN,2.46,3.32,1.01,1.22,NaN,NaN,2.5,10.0,78.2281,-166.12038,1021.4,332.5,316.7,99.3,53.5,-4.6
564.9583,1999-07-18T22:59:57.12,1.1872555575820214,3.6000000000000005,3.6000000000000005,1.160930232558139,NaN,0.13110697674418606,0.06,-4.3,NaN,2.62,3.43,0.87,1.13,NaN,NaN,2.5,10.0,78.22945,-166.11847,1021.4,330.3,316.4,108.9,57.6,-4.3
565.0,1999-07-19T00:00:00.0,0.39274131183705213,2.637037037037036,2.637037037037036,1.3200000000000003,NaN,0.38728124999999997,0.09,-4.8,NaN,2.93,3.82,0.85,1.07,NaN,NaN,2.5,10.0,78.23073,-166.11623,1021.2,332.6,316.6,98.1,52.1,-4.8
565.0417,1999-07-19T01:00:02.88,0.7823059252642919,3.2761904761904757,3.2761904761904757,1.0453333333333332,NaN,0.2149466666666667,0.07,-4.5,0.0,2.66,3.52,0.94,1.15,NaN,NaN,2.5,10.0,78.23198,-166.11343,1021.1,331.7,316.6,156.2,78.9,-4.5
565.0833,1999-07-19T01:59:57.12,0.8344900877985011,3.238095238095238,3.238095238095238,0.9799999999999993,NaN,0.19936875000000007,0.07,-4.8,-0.1,2.98,3.83,0.93,1.14,NaN,NaN,2.5,10.0,78.23288,-166.11095,1020.8,326.5,316.2,244.7,116.7,-4.8
565.125,1999-07-19T03:00:00.0,0.6523121888051941,3.2333333333333325,3.2333333333333325,0.9600000000000005,NaN,0.24411428571428578,0.08,-5.6,0.0,3.24,4.21,0.89,1.1,NaN,NaN,2.5,10.0,78.23367,-166.10883,1020.6,328.7,316.5,147.9,72.2,-5.6
565.1667,1999-07-19T04:00:02.88,0.34588029324871433,1.9733333333333338,1.9733333333333338,0.7724137931034489,NaN,0.4913793103448278,0.1,-5.8,0.8,2.84,3.58,0.95,1.09,NaN,NaN,2.5,10.0,78.2344,-166.10723,1020.8,329.5,316.6,89.6,45.6,-5.8
566.3333,1999-07-20T07:59:57.12,0.2861518267337563,2.133333333333333,2.133333333333333,1.4666666666666663,NaN,0.6250000000000001,0.1,-4.8,0.0,2.68,3.48,1.0,1.22,NaN,NaN,2.5,10.0,78.2566,-166.02626,1020.0,308.8,316.4,184.6,97.1,-4.8
566.375,1999-07-20T09:00:00.0,0.17942305042990628,1.9555555555555555,1.9555555555555555,1.3292307692307688,NaN,0.9769846153846152,0.12,-5.2,0.0,2.58,3.46,0.98,1.16,NaN,NaN,2.5,10.0,78.25776,-166.02051,1019.9,286.9,316.3,103.3,59.4,-5.2
566.4167,1999-07-20T10:00:02.88,0.17344212209568732,1.427450980392157,1.427450980392157,0.8369230769230768,NaN,1.1543832167832173,0.17,-14.3,0.2,3.2,4.11,1.12,1.34,NaN,NaN,2.5,10.0,78.2593,-166.01347,1020.1,292.6,316.4,88.4,44.0,-14.3
566.4583,1999-07-20T10:59:57.12,0.11386822541162879,1.0461538461538467,1.0461538461538467,0.4952380952380957,NaN,2.071457142857143,0.13,-4.2,0.1,2.46,2.97,1.32,1.37,NaN,NaN,2.5,10.0,78.2609,-166.0045,1020.1,291.7,316.2,66.5,34.1,-4.2
566.5,1999-07-20T12:00:00.0,0.3515734095904217,1.4444444444444444,1.4444444444444444,0.9788235294117646,NaN,0.6251294117647057,0.12,-10.2,-0.7,2.11,2.76,1.23,1.49,NaN,NaN,2.5,10.0,78.26233,-165.99401,1020.0,269.2,315.4,98.8,47.9,-10.2
566.5417,1999-07-20T13:00:02.88,0.18576012579026246,1.185185185185185,1.185185185185185,0.7279120879120878,NaN,1.3554593406593405,0.18,-18.2,-0.1,3.0,3.8,1.41,1.64,NaN,NaN,2.5,10.0,78.26382,-165.98157,1019.9,268.0,315.6,147.1,72.8,-18.2
566.5833,1999-07-20T13:59:57.12,0.12860082304526751,1.4814814814814814,1.4814814814814814,1.0057142857142858,NaN,1.9717714285714285,0.18,-12.6,0.1,3.26,4.26,1.42,1.64,NaN,NaN,2.5,10.0,78.26513,-165.96791,1020.0,284.4,316.1,160.5,74.1,-12.6
566.625,1999-07-20T15:00:00.0,0.09985934530396869,1.3754385964912281,1.3754385964912281,0.7930434782608691,NaN,2.308202608695652,0.19,-11.5,0.0,3.98,4.96,1.29,1.44,NaN,NaN,2.5,10.0,78.2664,-165.95519,1019.8,272.9,315.8,193.3,88.2,-11.5
566.6667,1999-07-20T16:00:02.88,0.11150589500688098,1.5843137254901962,1.5843137254901962,1.123478260869565,NaN,2.1307467391304358,0.17,-9.2,0.0,3.36,4.37,1.33,1.52,NaN,NaN,2.5,10.0,78.26752,-165.94242,1019.8,280.2,315.8,221.2,101.3,-9.2
566.7083,1999-07-20T16:59:57.12,0.104141446227382,1.4370370370370367,1.4370370370370367,0.9599999999999996,NaN,2.31564705882353,0.18,-10.2,0.0,3.41,4.38,1.35,1.52,NaN,NaN,2.5,10.0,78.26864,-165.93045,1019.8,278.0,315.7,266.3,121.6,-10.2
566.75,1999-07-20T18:00:00.0,0.12853882834940153,1.5515151515151522,1.5515151515151522,0.9253608247422689,NaN,1.9867233247422682,0.165,-9.7,0.2,3.52,4.48,1.43,1.6,NaN,NaN,2.5,10.0,78.26988,-165.92047,1019.9,269.4,315.3,387.4,171.6,-9.7
566.7917,1999-07-20T19:00:02.88,0.16909875574183952,1.5238095238095235,1.5238095238095235,0.7466666666666675,NaN,1.7202769230769235,0.14,-7.8,0.2,2.79,3.59,1.63,1.76,NaN,NaN,2.5,10.0,78.27136,-165.91285,1020.1,262.9,314.7,453.0,205.6,-7.8
566.8333,1999-07-20T19:59:57.12,0.26212666953018493,2.4380952380952383,2.4380952380952383,1.3835294117647057,NaN,1.0486720588235292,0.105,-5.1,0.0,2.63,3.59,1.54,1.75,NaN,NaN,2.5,10.0,78.27269,-165.90511,1020.3,259.4,314.7,493.3,234.4,-5.1
566.875,1999-07-20T21:00:00.0,0.46511946633941953,2.7607843137254897,2.7607843137254897,1.9266666666666672,NaN,0.5488742187500002,0.085,-4.8,0.0,2.63,3.51,1.43,1.77,NaN,NaN,2.5,10.0,78.27423,-165.89955,1020.4,258.0,315.2,511.7,252.1,-4.8
566.9167,1999-07-20T22:00:02.88,0.24379621034237975,1.6213333333333337,1.6213333333333337,1.35,NaN,1.03271484375,0.125,-8.0,0.1,3.35,4.11,1.41,1.68,NaN,NaN,2.5,10.0,78.27621,-165.89509,1020.4,258.8,314.9,516.4,263.6,-8.0
566.9583,1999-07-20T22:59:57.12,0.16305248367554576,1.4451612903225803,1.4451612903225803,1.2643137254901962,NaN,1.5114551470588236,0.155,-10.2,0.0,3.87,4.71,1.38,1.64,NaN,NaN,2.5,10.0,78.27869,-165.88989,1020.3,264.5,314.1,477.3,266.3,-10.2
567.0,1999-07-21T00:00:00.0,0.3133653605469268,1.7391304347826075,1.7391304347826075,0.9199999999999998,NaN,0.6843937499999999,0.115,-8.0,0.0,3.56,4.31,1.2,1.4,NaN,NaN,2.5,10.0,78.28132,-165.88371,1020.3,NaN,NaN,NaN,NaN,-8.0
567.0417,1999-07-21T01:00:02.88,0.2896312762300409,1.8888888888888882,1.8888888888888882,1.0514285714285714,NaN,0.7097142857142855,0.12,-8.4,0.0,3.66,4.51,1.15,1.38,NaN,NaN,2.5,10.0,78.28387,-165.87673,1020.2,NaN,NaN,NaN,NaN,-8.4
567.0833,1999-07-21T01:59:57.12,0.5006574917364282,2.273684210526316,2.273684210526316,0.971111111111111,NaN,0.3500947916666667,0.095,-7.2,0.0,3.4,4.21,0.98,1.21,NaN,NaN,2.5,10.0,78.28621,-165.86885,1020.1,NaN,NaN,NaN,NaN,-7.2
567.125,1999-07-21T03:00:00.0,0.3225439566833221,1.7939393939393946,1.7939393939393946,0.8799999999999996,NaN,0.5379458333333332,0.11,-7.2,0.2,3.66,4.4,0.97,1.15,NaN,NaN,2.5,10.0,78.28832,-165.8617,1020.0,NaN,NaN,NaN,NaN,-7.2
567.1667,1999-07-21T04:00:02.88,0.1494616302327246,1.312820512820512,1.312820512820512,0.6807272727272724,NaN,0.7909200000000001,0.13,-5.5,-0.4,4.13,4.77,0.66,0.75,NaN,NaN,2.5,10.0,78.29012,-165.85422,1019.8,NaN,NaN,NaN,NaN,-5.5
567.2083,1999-07-21T04:59:57.12,0.08711828072952155,0.8761904761904761,0.8761904761904761,0.672,NaN,0.8232000000000003,0.14,-4.0,-0.2,4.29,4.75,0.4,0.46,NaN,NaN,2.5,10.0,78.29185,-165.84852,1019.7,NaN,NaN,NaN,NaN,-4.0
567.25,1999-07-21T06:00:00.0,0.042596022777531856,0.7999999999999997,0.7999999999999997,0.15542857142857158,NaN,1.2212314285714287,0.17,-3.5,0.0,4.24,4.75,0.29,0.3,NaN,NaN,2.5,10.0,78.29352,-165.84246,1019.6,307.7,316.6,170.2,87.2,-3.5
567.2917,1999-07-21T07:00:02.88,0.13055126936988753,1.394871794871795,1.394871794871795,0.3466666666666665,NaN,0.6179062500000001,0.13,-4.8,-0.4,3.77,4.45,0.45,0.49,NaN,NaN,2.5,10.0,78.29513,-165.83682,1019.6,326.7,316.5,97.2,50.7,-4.8
567.3333,1999-07-21T07:59:57.12,0.1577062227760631,1.4358974358974352,1.4358974358974352,0.3586206896551719,NaN,0.5909172413793105,0.13,-5.8,-0.4,3.35,4.05,0.52,0.57,NaN,NaN,2.5,10.0,78.2966,-165.83075,1019.7,324.8,316.6,66.0,34.4,-5.8
567.375,1999-07-21T09:00:00.0,0.20643845191733895,1.4730158730158731,1.4730158730158731,0.42000000000000026,NaN,0.4254271874999999,0.105,-4.0,-0.2,2.78,3.36,0.49,0.54,NaN,NaN,2.5,10.0,78.29777,-165.82578,1019.9,323.7,316.3,53.7,28.0,-4.0
567.4167,1999-07-21T10:00:02.88,0.1616049596413853,1.5272727272727273,1.5272727272727273,0.48888888888888926,NaN,0.5213083333333333,0.11,-3.6,NaN,2.73,3.36,0.47,0.52,NaN,NaN,2.5,10.0,78.29928,-165.82025,1020.1,326.0,316.2,39.6,20.8,-3.6
567.4583,1999-07-21T10:59:57.12,0.22999636838164092,1.5719298245614044,1.5719298245614044,0.2763636363636361,NaN,0.3507443181818182,0.095,-3.3,NaN,1.89,2.45,0.45,0.48,NaN,NaN,2.5,10.0,78.30076,-165.81512,1020.4,323.1,316.3,38.9,20.5,-3.3
567.5,1999-07-21T12:00:00.0,0.11069473641450614,1.4888888888888887,1.4888888888888887,0.36000000000000026,NaN,0.5831999999999999,0.12,-3.2,NaN,2.58,3.25,0.36,0.39,NaN,NaN,2.5,10.0,78.30244,-165.80838,1020.4,323.3,316.4,49.4,25.2,-3.2
567.5417,1999-07-21T13:00:02.88,0.10446718648473038,1.2977777777777777,1.2977777777777777,0.32542372881355913,NaN,0.7379237288135593,0.15,-5.9,NaN,3.21,3.94,0.43,0.47,NaN,NaN,2.5,10.0,78.30407,-165.80009,1020.4,325.0,316.4,58.2,29.4,-5.9
567.5833,1999-07-21T13:59:57.12,0.08624510607688744,1.3793103448275863,1.3793103448275863,0.2109090909090905,NaN,0.9353735795454543,0.145,-4.4,NaN,2.99,3.74,0.45,0.47,NaN,NaN,2.5,10.0,78.30551,-165.78849,1020.6,324.8,316.1,70.4,35.4,-4.4
567.625,1999-07-21T15:00:00.0,0.059376723687188986,1.3591397849462368,1.3591397849462368,0.13405405405405418,NaN,1.3285175675675676,0.155,-3.7,NaN,3.25,4.04,0.44,0.45,NaN,NaN,2.5,10.0,78.30702,-165.77652,1020.8,324.7,315.9,84.7,42.7,-3.7
567.6667,1999-07-21T16:00:02.88,0.07585592463500648,1.166666666666667,1.166666666666667,0.09846153846153856,NaN,1.1342769230769232,0.16,-5.2,NaN,3.25,3.95,0.48,0.49,NaN,NaN,2.5,10.0,78.30799,-165.76325,1021.0,324.5,315.9,120.7,59.9,-5.2
567.7083,1999-07-21T16:59:57.12,0.09735442002464309,1.2266666666666668,1.2266666666666668,0.261818181818182,NaN,0.9572727272727272,0.15,-5.5,-0.2,3.36,4.05,0.52,0.55,NaN,NaN,2.5,10.0,78.30864,-165.74966,1021.4,323.6,316.2,144.4,71.4,-5.5
567.75,1999-07-21T18:00:00.0,0.053988647540733355,1.1368421052631574,1.1368421052631574,0.29419354838709705,NaN,1.9249451612903226,0.19,-6.2,NaN,3.83,4.64,0.58,0.61,NaN,NaN,2.5,10.0,78.30968,-165.73645,1021.6,321.4,316.0,203.7,98.6,-6.2
567.7917,1999-07-21T19:00:02.88,0.05572410995292436,1.080701754385965,1.080701754385965,0.2850000000000002,NaN,1.9612453124999998,0.19,-6.4,NaN,3.77,4.54,0.61,0.64,NaN,NaN,2.5,10.0,78.31088,-165.72342,1021.9,319.6,315.4,268.0,126.8,-6.4
568.125,1999-07-22T03:00:00.0,0.07874612129196654,0.45000000000000007,0.45000000000000007,0.758518518518518,NaN,1.2288000000000001,0.16,-5.4,0.1,3.78,4.05,0.54,0.62,NaN,NaN,2.5,10.0,78.32978,-165.6042,1022.7,307.7,315.9,281.0,145.6,-5.4
568.1667,1999-07-22T04:00:02.88,0.08163282191505676,1.0666666666666669,1.0666666666666669,0.9142857142857141,NaN,1.3824000000000005,0.16,-5.6,0.0,3.82,4.46,0.63,0.73,NaN,NaN,2.5,10.0,78.3313,-165.58938,1022.6,303.1,316.2,221.1,113.7,-5.6
568.2083,1999-07-22T04:59:57.12,0.17268904666013682,1.4,1.4,0.8447999999999999,NaN,0.7776,0.12,-5.0,-0.1,3.15,3.78,0.75,0.86,NaN,NaN,2.5,10.0,78.33242,-165.57718,1022.7,311.2,316.2,173.5,87.1,-5.0
568.25,1999-07-22T06:00:00.0,0.12201071913078924,1.2444444444444447,1.2444444444444447,0.6260869565217388,NaN,1.129891304347826,0.15,-6.9,0.0,3.67,4.37,0.77,0.86,NaN,NaN,2.5,10.0,78.33307,-165.56816,1023.0,315.8,316.6,123.2,62.6,-6.9
568.2917,1999-07-22T07:00:02.88,0.20645717837037897,1.4564102564102561,1.4564102564102561,0.5473684210526315,NaN,0.6504276315789473,0.13,-7.6,0.0,3.87,4.58,0.75,0.85,NaN,NaN,2.5,10.0,78.33391,-165.56094,1023.1,322.8,316.7,82.6,41.2,-7.6
568.3333,1999-07-22T07:59:57.12,1.2154203286399257,3.4222222222222225,3.4222222222222225,0.8290909090909088,NaN,0.11487272727272725,0.06,-4.4,NaN,3.03,3.8,0.78,0.97,NaN,NaN,2.5,10.0,78.33488,-165.55665,1023.1,331.9,316.5,55.7,28.4,-4.4
568.375,1999-07-22T09:00:00.0,0.23275720465039873,2.186666666666666,2.186666666666666,1.0666666666666669,NaN,0.5692307692307693,0.1,-3.9,NaN,3.18,4.0,0.74,0.87,NaN,NaN,2.5,10.0,78.33615,-165.55474,1023.2,332.3,316.6,47.9,23.8,-3.9
568.4167,1999-07-22T10:00:02.88,0.39656020581467544,2.766666666666667,2.766666666666667,1.0541176470588236,NaN,0.2575058823529412,0.08,-3.4,NaN,2.48,3.31,0.57,0.71,NaN,NaN,2.5,10.0,78.33787,-165.55441,1022.9,327.9,316.5,37.4,19.0,-3.4
568.4583,1999-07-22T10:59:57.12,0.10787588276513767,1.416666666666666,1.416666666666666,0.5535135135135132,NaN,1.0461405405405406,0.16,-7.4,0.0,3.95,4.8,0.63,0.71,NaN,NaN,2.5,10.0,78.33989,-165.55416,1022.9,327.0,316.6,36.7,18.3,-7.4
568.5,1999-07-22T12:00:00.0,0.12622922748511448,1.3904761904761913,1.3904761904761913,0.46344827586206944,NaN,0.851586206896552,0.14,-5.8,0.1,3.76,4.49,0.6,0.66,NaN,NaN,2.5,10.0,78.34227,-165.55297,1022.8,328.8,316.6,32.1,16.0,-5.8
568.5417,1999-07-22T13:00:02.88,0.23885175851868082,1.706666666666667,1.706666666666667,0.7999999999999998,NaN,0.4575,0.1,-4.0,-0.2,3.07,3.71,0.61,0.71,NaN,NaN,2.5,10.0,78.3448,-165.55012,1022.5,325.6,316.4,37.9,19.0,-4.0
568.5833,1999-07-22T13:59:57.12,0.11962390603114836,1.6205128205128203,1.6205128205128203,0.7563636363636359,NaN,0.8088954545454544,0.13,-4.4,0.0,3.21,4.0,0.54,0.62,NaN,NaN,2.5,10.0,78.34713,-165.54639,1022.1,328.1,316.6,55.4,27.5,-4.4
568.625,1999-07-22T15:00:00.0,0.18315736023099205,1.733333333333333,1.733333333333333,0.652075471698113,NaN,0.5868679245283017,0.12,-5.3,NaN,3.32,4.1,0.6,0.69,NaN,NaN,2.5,10.0,78.34923,-165.54152,1021.8,328.9,316.6,91.2,44.0,-5.3
568.6667,1999-07-22T16:00:02.88,0.19342232281197017,1.9777777777777772,1.9777777777777772,0.8228571428571428,NaN,0.6757714285714286,0.12,-5.6,-0.5,3.41,4.3,0.73,0.85,NaN,NaN,2.5,10.0,78.35095,-165.53626,1021.5,327.9,316.4,110.8,53.1,-5.6
568.7083,1999-07-22T16:59:57.12,0.14674146686486603,1.7025641025641016,1.7025641025641016,0.6162962962962959,NaN,0.8177722222222223,0.13,-5.4,NaN,3.47,4.3,0.67,0.75,NaN,NaN,2.5,10.0,78.35243,-165.53313,1021.5,329.5,316.2,131.0,63.5,-5.4
568.75,1999-07-22T18:00:00.0,0.15705280079484502,1.6969696969696975,1.6969696969696975,0.5028571428571432,NaN,0.6616971428571427,0.11,-3.5,-0.3,2.9,3.6,0.58,0.63,NaN,NaN,2.5,10.0,78.35418,-165.53152,1021.3,330.2,316.0,107.8,54.2,-3.5
568.7917,1999-07-22T19:00:02.88,0.063218473687212,1.537254901960785,1.537254901960785,0.5230769230769224,NaN,1.587276923076924,0.17,-5.2,-0.2,3.51,4.49,0.56,0.61,NaN,NaN,2.5,10.0,78.35579,-165.53017,1021.0,328.0,315.9,152.1,75.6,-5.2
568.8333,1999-07-22T19:59:57.12,0.19744862561868753,1.7939393939393946,1.7939393939393946,0.47999999999999937,NaN,0.5082,0.11,-4.4,-0.2,3.26,4.0,0.56,0.62,NaN,NaN,2.5,10.0,78.35745,-165.53054,1021.0,324.6,316.1,188.4,91.0,-4.4
568.875,1999-07-22T21:00:00.0,0.10084852026344303,1.422222222222222,1.422222222222222,0.33684210526315816,NaN,1.1368421052631579,0.15,-5.7,-0.3,3.3,4.1,0.64,0.68,NaN,NaN,2.5,10.0,NaN,NaN,1020.9,323.8,316.2,213.1,103.1,-5.7
568.9167,1999-07-22T22:00:02.88,0.06701392848996349,1.4833333333333336,1.4833333333333336,0.22260869565217414,NaN,2.2438956521739137,0.16,-4.6,NaN,3.6,4.49,0.84,0.86,NaN,NaN,2.5,10.0,NaN,NaN,1020.7,325.5,316.0,285.8,136.7,-4.6
568.9583,1999-07-22T22:59:57.12,0.07571214471611458,1.4074074074074074,1.4074074074074074,0.3113513513513516,NaN,1.9860324324324319,0.18,-7.4,NaN,3.55,4.5,0.84,0.88,NaN,NaN,2.5,10.0,78.365,-165.53798,1020.3,325.7,316.1,247.5,119.0,-7.4
569.0,1999-07-23T00:00:00.0,0.06857270814103306,1.0962962962962965,1.0962962962962965,0.17194029850746284,NaN,1.9846208955223879,0.18,-6.7,NaN,3.25,3.99,0.76,0.78,NaN,NaN,2.5,10.0,78.36842,-165.53979,1020.0,326.3,316.2,136.2,69.6,-6.7
569.0417,1999-07-23T01:00:02.88,0.1113396044539928,1.4769230769230761,1.4769230769230761,0.30439024390243935,NaN,1.4146536585365854,0.13,-4.1,NaN,2.68,3.4,0.88,0.91,NaN,NaN,2.5,10.0,78.37202,-165.54039,1019.6,318.5,315.9,382.0,177.8,-4.1
569.0833,1999-07-23T01:59:57.12,0.06872921882622099,1.1789473684210525,1.1789473684210525,0.5387341772151896,NaN,2.109793670886076,0.19,-7.9,-0.3,4.04,4.88,0.81,0.88,NaN,NaN,2.5,10.0,78.3756,-165.53928,1019.2,310.3,316.0,202.7,97.2,-7.9
569.125,1999-07-23T03:00:00.0,0.06859023631181951,1.1111111111111118,1.1111111111111118,0.34388059701492474,NaN,1.7757134328358206,0.18,-6.7,-0.6,3.94,4.69,0.68,0.72,NaN,NaN,2.5,10.0,78.37907,-165.53594,1019.0,318.0,316.2,202.1,97.4,-6.7
569.1667,1999-07-23T04:00:02.88,0.1223068859051051,1.333333333333333,1.333333333333333,0.5546666666666661,NaN,0.92274,0.13,-4.5,-0.5,3.23,3.88,0.63,0.69,NaN,NaN,2.5,10.0,78.38226,-165.53248,1018.8,316.6,316.2,178.2,85.7,-4.5
569.2083,1999-07-23T04:59:57.12,0.14859665408651898,1.4000000000000008,1.4000000000000008,0.5358139534883726,NaN,0.7474604651162791,0.12,-4.3,-0.6,3.07,3.7,0.62,0.68,NaN,NaN,2.5,10.0,78.38509,-165.5276,1018.7,319.6,316.4,162.0,77.2,-4.3
569.25,1999-07-23T06:00:00.0,0.10449801088941707,1.1619047619047624,1.1619047619047624,0.28000000000000025,NaN,0.9089500000000003,0.14,-4.8,-0.2,3.58,4.19,0.53,0.56,NaN,NaN,2.5,10.0,78.38752,-165.52386,1018.6,319.1,316.5,149.6,71.2,-4.8
569.2917,1999-07-23T07:00:02.88,0.07732599594062393,1.083333333333334,1.083333333333334,0.28981132075471727,NaN,0.9969509433962265,0.16,-5.3,-0.4,3.84,4.49,0.43,0.46,NaN,NaN,2.5,10.0,78.38977,-165.52088,1018.4,319.4,316.5,78.7,39.0,-5.3
569.3333,1999-07-23T07:59:57.12,0.07176666831554304,1.0666666666666662,1.0666666666666662,0.36881355932203425,NaN,1.0492169491525425,0.17,-5.9,NaN,4.2,4.88,0.42,0.46,NaN,NaN,2.5,10.0,78.39219,-165.51922,1018.2,318.8,316.8,86.8,41.9,-5.9
569.375,1999-07-23T09:00:00.0,0.05962679986749699,1.0509803921568626,1.0509803921568626,0.2220408163265308,NaN,0.9625469387755105,0.17,-4.9,NaN,4.2,4.87,0.32,0.34,NaN,NaN,2.5,10.0,78.39464,-165.51852,1018.1,317.4,316.4,58.9,29.3,-4.9
569.4167,1999-07-23T10:00:02.88,0.050234549541781165,0.9629629629629635,0.9629629629629635,0.2351020408163267,NaN,1.0711836734693874,0.18,-4.9,-0.6,4.42,5.07,0.3,0.32,NaN,NaN,2.5,10.0,78.39752,-165.5187,1018.2,317.9,316.6,54.9,26.6,-4.9
569.4583,1999-07-23T10:59:57.12,0.06714257758935917,1.1999999999999995,1.1999999999999995,0.3339130434782612,NaN,0.8281043478260871,0.16,-4.6,NaN,4.15,4.87,0.31,0.34,NaN,NaN,2.5,10.0,78.4007,-165.51876,1017.9,318.9,316.2,62.7,29.9,-4.6
569.5,1999-07-23T12:00:00.0,0.04880940684144439,0.9824561403508775,0.9824561403508775,0.21714285714285678,NaN,1.2125732142857144,0.19,-5.6,NaN,4.47,5.17,0.33,0.35,NaN,NaN,2.5,10.0,78.40434,-165.51912,1017.8,318.0,316.2,68.0,32.1,-5.6
569.5417,1999-07-23T13:00:02.88,0.09386742059575023,0.995555555555555,0.995555555555555,0.18113207547169827,NaN,0.7068396226415095,0.15,-5.3,NaN,3.91,4.47,0.37,0.39,NaN,NaN,2.5,10.0,78.408,-165.51685,1017.7,319.6,316.6,52.9,25.9,-5.3
569.5833,1999-07-23T13:59:57.12,0.1278548148306394,1.2923076923076922,1.2923076923076922,0.3540425531914892,NaN,0.560936170212766,0.13,-4.7,NaN,3.75,4.38,0.4,0.44,NaN,NaN,2.5,10.0,78.41155,-165.51437,1017.7,320.0,315.9,82.1,39.5,-4.7
569.625,1999-07-23T15:00:00.0,0.0991625443705274,1.1733333333333338,1.1733333333333338,0.3428571428571432,NaN,0.741294642857143,0.15,-5.6,-0.2,4.12,4.78,0.41,0.45,NaN,NaN,2.5,10.0,78.41528,-165.51055,1017.6,320.4,316.2,72.6,35.8,-5.6
569.6667,1999-07-23T16:00:02.88,0.06689868626379708,1.0509803921568626,1.0509803921568626,0.39563636363636345,NaN,1.1523218181818184,0.17,-5.5,-0.2,4.21,4.88,0.43,0.47,NaN,NaN,2.5,10.0,78.41857,-165.50651,1017.5,320.6,316.5,102.2,49.8,-5.5
569.7083,1999-07-23T16:59:57.12,0.07586424201860348,1.1000000000000003,1.1000000000000003,0.2953846153846151,NaN,1.0397538461538463,0.16,-5.2,-0.4,4.12,4.78,0.44,0.47,NaN,NaN,2.5,10.0,78.42177,-165.50139,1017.5,319.6,316.6,145.8,70.5,-5.2
569.75,1999-07-23T18:00:00.0,0.06446011676724572,1.035294117647059,1.035294117647059,0.3079245283018865,NaN,1.2792339622641513,0.17,-5.3,-0.4,4.22,4.88,0.46,0.49,NaN,NaN,2.5,10.0,78.42441,-165.49875,1017.5,319.1,316.2,257.4,121.2,-5.3
569.7917,1999-07-23T19:00:02.88,0.07438084735060925,0.9500000000000005,0.9500000000000005,0.3011764705882356,NaN,1.276988235294118,0.16,-5.1,NaN,4.01,4.58,0.53,0.56,NaN,NaN,2.5,10.0,78.42707,-165.49608,1017.6,319.3,316.2,261.4,123.8,-5.1
569.8333,1999-07-23T19:59:57.12,0.060780332706634174,1.1137254901960782,1.1137254901960782,0.32640000000000036,NaN,1.7686800000000005,0.17,-5.0,NaN,4.37,5.08,0.6,0.63,NaN,NaN,2.5,10.0,78.42971,-165.49532,1017.6,318.8,315.9,348.1,162.9,-5.0
569.875,1999-07-23T21:00:00.0,0.041916727902953504,0.8761904761904755,0.8761904761904755,0.20676923076923096,NaN,2.607327692307692,0.21,-6.5,NaN,4.99,5.68,0.61,0.63,NaN,NaN,2.5,10.0,78.43259,-165.496,1017.6,315.9,316.1,344.2,161.9,-6.5
569.9167,1999-07-23T22:00:02.88,0.046170138524241844,0.8982456140350873,0.8982456140350873,0.11471698113207558,NaN,1.863577358490566,0.19,-5.3,NaN,4.74,5.38,0.48,0.49,NaN,NaN,2.5,10.0,78.43573,-165.49764,NaN,318.4,316.1,266.2,128.4,-5.3
569.9583,1999-07-23T22:59:57.12,0.040945574925478734,0.9964912280701754,0.9964912280701754,0.2587234042553187,NaN,2.0139191489361705,0.19,-4.7,NaN,4.47,5.18,0.46,0.48,NaN,NaN,2.5,10.0,78.43929,-165.49926,1017.6,313.0,315.8,360.1,173.7,-4.7
570.375,1999-07-24T09:00:00.0,0.09150262419452504,1.2571428571428565,1.2571428571428565,0.3199999999999997,NaN,0.6468,0.14,-4.2,NaN,3.81,4.47,0.33,0.36,NaN,NaN,2.5,10.0,78.46837,-165.48139,1017.9,316.1,316.2,57.2,28.1,-4.2
570.4167,1999-07-24T10:00:02.88,0.18534364543908724,1.599999999999999,1.599999999999999,0.309677419354839,NaN,0.2903225806451613,0.1,-3.1,-0.1,3.18,3.78,0.3,0.33,NaN,NaN,2.5,10.0,78.47066,-165.48363,1018.2,318.1,316.3,55.9,27.5,-3.1
570.4583,1999-07-24T10:59:57.12,0.15547225016000732,1.6000000000000003,1.6000000000000003,0.36923076923076886,NaN,0.3000000000000001,0.1,-2.6,-0.1,3.08,3.68,0.26,0.29,NaN,NaN,2.5,10.0,78.4732,-165.48629,1018.3,317.9,316.2,47.1,23.5,-2.6
570.8333,1999-07-24T19:59:57.12,0.15527916278560078,1.5466666666666669,1.5466666666666669,0.3692307692307696,NaN,0.6923076923076925,0.1,-2.6,0.1,2.84,3.42,0.6,0.63,NaN,NaN,2.5,10.0,78.49044,-165.48715,1018.6,277.7,314.5,557.5,261.0,-2.6
570.875,1999-07-24T21:00:00.0,0.11743283830290345,1.4666666666666681,1.4666666666666681,0.7905882352941171,NaN,1.1587764705882353,0.12,-3.4,0.0,3.53,4.19,0.76,0.83,NaN,NaN,2.5,10.0,78.49194,-165.49006,1018.8,269.3,314.8,539.4,257.4,-3.4
570.9167,1999-07-24T22:00:02.88,0.13139006081858529,1.013333333333333,1.013333333333333,-0.1454545454545456,NaN,0.8454545454545455,0.1,-2.2,0.0,2.5,2.88,0.62,0.61,NaN,NaN,2.5,10.0,78.49344,-165.49385,1019.1,284.9,315.0,462.9,228.0,-2.2
572.2917,1999-07-26T07:00:02.88,0.06327148400653615,1.0031746031746038,1.0031746031746038,0.41142857142857137,NaN,0.7654499999999999,0.21,-9.8,NaN,3.82,4.61,0.27,0.33,NaN,NaN,2.5,10.0,78.53468,-165.45692,1019.3,254.2,312.8,163.0,108.5,-9.8
572.3333,1999-07-26T07:59:57.12,0.08449221665972433,1.2952380952380953,1.2952380952380953,0.8720610687022903,NaN,1.0392114503816792,0.21,-13.1,-0.2,3.72,4.74,0.49,0.66,NaN,NaN,2.5,10.0,78.5359,-165.44567,1019.0,255.0,313.3,125.1,103.4,-13.1
572.375,1999-07-26T09:00:00.0,0.1630222978288654,1.4274509803921562,1.4274509803921562,0.7713432835820895,NaN,0.32997761194029857,0.17,-13.4,1.3,3.1,4.01,0.3,0.49,NaN,NaN,2.5,10.0,78.53724,-165.43552,1019.1,258.4,312.0,98.2,84.6,-13.4
572.4167,1999-07-26T10:00:02.88,0.15214812720302576,1.5529411764705878,1.5529411764705878,0.7833600000000001,NaN,0.20045040000000008,0.17,-12.5,-0.9,3.15,4.14,0.17,0.35,NaN,NaN,2.5,10.0,78.53875,-165.4244,1018.6,262.1,311.9,87.0,59.6,-12.5
572.4583,1999-07-26T10:59:57.12,0.1195088078356845,1.013333333333333,1.013333333333333,0.32000000000000006,NaN,0.6450000000000001,0.2,-16.0,0.5,3.46,4.22,0.43,0.51,NaN,NaN,2.5,10.0,78.54034,-165.41398,1018.2,259.9,312.1,89.3,58.1,-16.0
572.5417,1999-07-26T13:00:02.88,0.13449170892870552,1.0488888888888888,1.0488888888888888,0.06315789473684216,NaN,0.7993421052631577,0.15,-7.6,-0.9,3.1,3.69,0.6,0.61,NaN,NaN,2.5,10.0,78.54426,-165.39162,1017.6,257.9,312.2,139.2,90.0,-7.6
572.5833,1999-07-26T13:59:57.12,0.12029600102273408,1.081904761904762,1.081904761904762,0.10370370370370378,NaN,1.0867621527777775,0.175,-10.8,0.3,3.41,4.12,0.73,0.75,NaN,NaN,2.5,10.0,78.54642,-165.3803,1017.3,271.3,313.7,108.2,67.1,-10.8
572.625,1999-07-26T15:00:00.0,0.06320214539392624,1.2952380952380953,1.2952380952380953,0.27428571428571447,NaN,1.6442999999999992,0.21,-9.8,-0.3,3.82,4.84,0.58,0.62,NaN,NaN,2.5,10.0,78.54884,-165.3677,1016.8,269.9,313.8,147.2,90.0,-9.8
572.6667,1999-07-26T16:00:02.88,0.06053991400164309,1.1515151515151518,1.1515151515151518,0.3259259259259262,NaN,2.2183333333333333,0.22,-10.8,-0.7,4.09,5.04,0.75,0.8,NaN,NaN,2.5,10.0,78.55139,-165.35417,1016.6,276.2,314.8,257.5,149.4,-10.8
572.7083,1999-07-26T16:59:57.12,0.04203253665394658,1.0453333333333328,1.0453333333333328,0.36363636363636315,NaN,2.8551136363636362,0.25,-11.0,-0.6,4.66,5.64,0.67,0.72,NaN,NaN,2.5,10.0,78.55418,-165.33939,1015.9,295.5,314.8,214.9,125.3,-11.0
572.75,1999-07-26T18:00:00.0,0.035643851725890324,1.0952380952380947,1.0952380952380947,0.3419847328244271,NaN,2.815218320610688,0.28,-13.1,-0.7,4.86,6.01,0.56,0.61,NaN,NaN,2.5,10.0,78.55707,-165.32012,1015.5,298.6,315.9,266.1,151.9,-13.1
572.7917,1999-07-26T19:00:02.88,0.044140058212083555,0.9310734463276839,0.9310734463276839,0.298105263157895,NaN,3.891391578947368,0.295,-19.0,-0.6,5.39,6.42,0.96,1.02,NaN,NaN,2.5,10.0,78.55988,-165.29967,1015.1,294.2,315.9,324.3,181.1,-19.0
572.8333,1999-07-26T19:59:57.12,0.035677877807951196,0.6916666666666668,0.6916666666666668,0.20897959183673487,NaN,4.714579591836735,0.32,-19.6,-1.0,5.88,6.71,0.94,0.98,NaN,NaN,2.5,10.0,78.56265,-165.27739,1014.9,311.0,315.7,245.9,141.0,-19.6
572.875,1999-07-26T21:00:00.0,0.03486114565814094,0.711111111111111,0.711111111111111,0.150857142857143,NaN,4.620471428571429,0.33,-21.0,-1.3,6.23,7.11,0.9,0.93,NaN,NaN,2.5,10.0,78.5654,-165.25275,1014.3,314.6,315.9,171.6,100.5,-21.0
572.9583,1999-07-26T22:59:57.12,0.025573704841839708,0.6545454545454542,0.6545454545454542,0.1371428571428565,NaN,5.670578571428572,0.33,-15.4,NaN,5.79,6.6,0.81,0.83,NaN,NaN,2.5,10.0,78.57036,-165.2018,1013.9,322.4,316.1,112.2,67.2,-15.4
573.0,1999-07-27T00:00:00.0,0.036939811567370626,0.9747126436781614,0.9747126436781614,0.06145695364238416,NaN,4.264037086092714,0.29,-15.1,NaN,6.22,7.28,0.88,0.89,NaN,NaN,2.5,10.0,78.57267,-165.17706,1013.4,326.2,316.5,65.2,39.7,-15.1
573.0417,1999-07-27T01:00:02.88,0.0247411320998204,0.7272727272727268,0.7272727272727268,0.21261744966442972,NaN,6.005579194630872,0.33,-14.9,NaN,6.32,7.22,0.83,0.86,NaN,NaN,2.5,10.0,78.5749,-165.15411,1012.7,326.0,316.5,71.9,42.9,-14.9
573.0833,1999-07-27T01:59:57.12,0.019792997427079285,0.9122807017543859,0.9122807017543859,0.20043956043956063,NaN,7.416764835164835,0.38,-18.2,NaN,7.2,8.5,0.82,0.85,NaN,NaN,2.5,10.0,78.57736,-165.13189,1011.8,327.7,316.7,71.8,42.2,-18.2
573.125,1999-07-27T03:00:00.0,0.02353430029924891,0.4592592592592593,0.4592592592592593,0.06260869565217397,NaN,6.313773913043478,0.36,-18.4,NaN,6.68,7.3,0.83,0.84,NaN,NaN,2.5,10.0,78.57964,-165.11093,1011.3,325.3,316.7,65.6,37.1,-18.4
574.625,1999-07-28T15:00:00.0,0.04337235900603947,0.9507246376811593,0.9507246376811593,0.25846153846153863,NaN,5.356124999999999,0.345,-29.9,0.8,7.71,8.94,1.3,1.37,NaN,NaN,2.5,10.0,78.57397,-164.4249,1008.4,311.4,316.7,82.2,46.2,-29.9
574.6667,1999-07-28T16:00:02.88,0.027134712745956257,0.7384615384615377,0.7384615384615377,0.2773333333333326,NaN,7.118280000000001,0.39,-27.0,2.2,7.7,8.78,1.08,1.14,NaN,NaN,2.5,10.0,78.5763,-164.38985,1007.7,312.5,316.5,115.3,64.8,-27.0
574.7083,1999-07-28T16:59:57.12,0.026170401104609838,0.6066666666666667,0.6066666666666667,0.31886120996441203,NaN,7.652669039145908,0.4,-28.1,1.8,8.16,9.07,1.12,1.19,NaN,NaN,2.5,10.0,78.5789,-164.35569,1006.8,307.7,316.4,170.1,93.6,-28.1
574.75,1999-07-28T18:00:00.0,0.02019486833567731,0.545882352941176,0.545882352941176,0.3138461538461541,NaN,9.123299278846153,0.425,-26.0,2.5,8.42,9.29,1.03,1.09,NaN,NaN,2.5,10.0,78.5821,-164.32241,1005.9,308.5,317.0,168.0,91.4,-26.0
574.7917,1999-07-28T19:00:02.88,0.017446897668951744,0.5553264604810996,0.5553264604810996,0.37173652694610815,NaN,11.989080202095808,0.485,-33.4,5.2,9.05,10.06,1.17,1.25,NaN,NaN,2.5,10.0,78.58592,-164.28489,1005.0,304.3,316.1,239.1,130.7,-33.4
574.8333,1999-07-28T19:59:57.12,0.01318069703142145,0.5387755102040818,0.5387755102040818,0.4221538461538465,NaN,12.89614038461538,0.49,-26.0,2.6,9.19,10.18,0.95,1.02,NaN,NaN,2.5,10.0,78.59034,-164.24349,1004.0,310.2,316.2,162.6,93.0,-26.0
574.875,1999-07-28T21:00:00.0,0.011167339762786225,0.528052805280528,0.528052805280528,0.33526970954356794,NaN,12.825323651452281,0.505,-24.1,2.0,9.27,10.27,0.8,0.85,NaN,NaN,2.5,10.0,78.59505,-164.20142,1003.1,314.0,315.9,169.7,97.4,-24.1
574.9167,1999-07-28T22:00:02.88,0.009455958170466777,0.5491749174917487,0.5491749174917487,0.23764705882352966,NaN,13.63633676470588,0.505,-20.4,1.6,9.22,10.26,0.72,0.75,NaN,NaN,2.5,10.0,78.59956,-164.15489,1002.2,314.7,316.0,169.2,97.6,-20.4
577.5833,1999-07-31T13:59:57.12,0.006441353766960503,1.2817204301075271,1.2817204301075271,-1.2400000000000009,NaN,-13.405949999999997,0.31,-3.2,0.9,5.71,7.2,-0.48,-0.52,NaN,NaN,2.5,10.0,78.40774,-161.94073,NaN,304.9,313.0,69.3,49.8,-3.2
577.625,1999-07-31T15:00:00.0,0.005773857910939159,1.2355555555555553,1.2355555555555553,-1.8461538461538458,NaN,-13.707692307692307,0.3,-2.6,2.1,5.61,7.0,-0.44,-0.49,NaN,NaN,2.5,10.0,78.40709,-161.91526,NaN,295.1,312.4,119.6,82.5,-2.6
577.6667,1999-07-31T16:00:02.88,0.0036641263252707914,1.4666666666666672,1.4666666666666672,-4.095999999999997,NaN,-37.355520000000006,0.32,-2.0,3.5,6.22,7.98,-0.76,-0.84,NaN,NaN,2.5,10.0,78.40601,-161.88436,NaN,272.1,308.7,192.3,128.6,-2.0
578.1667,1999-08-01T04:00:02.88,0.003279338655766606,1.0736842105263154,1.0736842105263154,-1.2159999999999966,NaN,-30.1796,0.38,-3.0,4.0,6.99,8.52,-0.55,-0.58,NaN,NaN,2.5,10.0,78.3668,-161.54794,995.4,276.6,310.8,228.9,166.9,-3.0
578.375,1999-08-01T09:00:00.0,0.003505295595842635,0.6095238095238095,0.6095238095238095,-2.2400000000000015,NaN,-59.167499999999976,0.35,-2.5,2.0,6.17,6.97,-1.15,-1.2,NaN,NaN,2.5,10.0,78.3319,-161.44365,998.4,289.5,309.2,45.3,33.2,-2.5
578.5,1999-08-01T12:00:00.0,0.021242047199828883,0.7816091954022986,0.7816091954022986,-0.21581395348837226,NaN,-14.718477906976744,0.29,-8.6,-0.8,5.73,6.58,-1.73,-1.75,NaN,NaN,2.5,10.0,78.32387,-161.41683,999.6,261.4,304.0,55.4,40.9,-8.6
587.7083,1999-08-10T16:59:57.12,0.024388248700927637,1.1266149870801032,1.1266149870801032,-0.23588571428571414,NaN,0.8832091885714283,0.258,-7.0,NaN,4.28,5.37,0.12,0.1,NaN,NaN,2.5,10.0,78.66534,-158.6477,1004.3,319.3,316.2,57.2,37.3,-7.0
587.75,1999-08-10T18:00:00.0,0.017993410410725674,0.8558558558558552,0.8558558558558552,-0.24287179487179472,NaN,1.4962116923076918,0.296,-7.8,-0.1,4.9,5.85,0.15,0.13,NaN,NaN,2.5,10.0,78.66773,-158.66159,1004.1,318.7,316.2,68.1,44.1,-7.8
587.7917,1999-08-10T19:00:02.88,0.015560891865860097,0.5289256198347112,0.5289256198347112,-0.26888888888888873,NaN,1.8453760416666662,0.3025,-7.2,-0.2,5.55,6.15,0.16,0.14,NaN,NaN,2.5,10.0,78.66958,-158.67763,1004.2,318.3,315.7,78.1,50.2,-7.2
587.8333,1999-08-10T19:59:57.12,0.012596244773409815,0.9022892238972638,0.9022892238972638,-0.5117142857142857,NaN,2.279744710714286,0.2985,-5.6,NaN,5.03,6.04,0.16,0.13,NaN,NaN,2.5,10.0,78.67185,-158.69403,1004.2,317.8,315.8,67.8,44.7,-5.6
587.875,1999-08-10T21:00:00.0,0.019623595957145797,0.6208651399491097,0.6208651399491097,-0.2842033898305083,NaN,1.737507620338983,0.262,-5.9,-0.4,5.34,5.95,0.19,0.17,NaN,NaN,2.5,10.0,78.67428,-158.71201,1004.4,317.9,315.3,206.9,126.1,-5.9
587.9167,1999-08-10T22:00:02.88,0.01677936281350745,0.7222222222222225,0.7222222222222225,-0.2751044776119401,NaN,1.7113699343283577,0.288,-6.7,0.0,5.66,6.44,0.16,0.14,NaN,NaN,2.5,10.0,78.67716,-158.7309,1004.2,317.7,315.3,181.6,110.3,-6.7
587.9583,1999-08-10T22:59:57.12,0.00883117345776204,0.8735632183908048,0.8735632183908048,-0.515555555555556,NaN,2.845383333333333,0.29,-3.6,-0.3,5.29,6.24,0.14,0.12,NaN,NaN,2.5,10.0,78.68027,-158.7498,1004.2,317.5,315.7,153.2,94.6,-3.6
588.0,1999-08-11T00:00:00.0,0.007066941874215444,0.9093231162196677,0.9093231162196677,-1.193142857142857,NaN,3.301922185714286,0.261,-2.1,0.1,4.95,5.84,0.13,0.1,NaN,NaN,2.5,10.0,78.68408,-158.76554,1004.3,317.6,315.6,135.9,84.8,-2.1
588.0417,1999-08-11T01:00:02.88,0.016599243233633987,0.953191489361702,0.953191489361702,-0.4177777777777775,NaN,0.9733406249999996,0.235,-3.6,-0.1,4.71,5.55,0.09,0.07,NaN,NaN,2.5,10.0,78.68793,-158.77734,1004.2,317.3,315.4,108.8,68.4,-3.6
588.0833,1999-08-11T01:59:57.12,0.01618284167032982,0.9338959212376935,0.9338959212376935,-0.6319999999999999,NaN,0.9984039749999998,0.237,-3.6,-0.1,4.53,5.36,0.09,0.06,NaN,NaN,2.5,10.0,78.69192,-158.78615,1004.2,317.3,315.0,104.9,65.5,-3.6
588.125,1999-08-11T03:00:00.0,0.02236076528324837,1.0119047619047625,1.0119047619047625,-0.512,NaN,0.8028160000000001,0.224,-4.2,NaN,4.31,5.16,0.1,0.07,NaN,NaN,2.5,10.0,78.69535,-158.79181,1004.2,317.6,315.0,90.5,56.2,-4.2
588.1667,1999-08-11T04:00:02.88,0.04252292483591673,0.9801801801801809,0.9801801801801809,-0.26311111111111113,NaN,0.5487408333333332,0.185,-4.5,NaN,3.8,4.48,0.13,0.11,NaN,NaN,2.5,10.0,78.69825,-158.79439,1004.2,318.3,315.6,79.0,48.7,-4.5
588.2083,1999-08-11T04:59:57.12,0.034880861434168506,0.8740740740740744,0.8740740740740744,-0.3388235294117648,NaN,0.6689647058823528,0.18,-3.4,NaN,3.81,4.4,0.13,0.11,NaN,NaN,2.5,10.0,78.70054,-158.79513,1004.2,317.9,316.3,56.5,36.0,-3.4
588.25,1999-08-11T06:00:00.0,0.06303948452031184,0.8771929824561404,0.8771929824561404,0.0,NaN,0.31321530810810805,0.152,-3.7,NaN,3.67,4.17,0.11,0.11,NaN,NaN,2.5,10.0,78.70196,-158.79459,1004.2,318.1,315.9,38.9,25.0,-3.7
588.2917,1999-08-11T07:00:02.88,0.047378280394999965,0.8015414258188824,0.8015414258188824,-0.13502439024390236,NaN,0.4546288097560975,0.173,-4.1,NaN,3.85,4.37,0.12,0.11,NaN,NaN,2.5,10.0,78.70291,-158.79526,1004.1,318.3,315.8,26.2,17.3,-4.1
588.3333,1999-08-11T07:59:57.12,0.046120819185523555,0.8943089430894314,0.8943089430894314,-0.15435294117647053,NaN,0.4281210352941177,0.164,-3.4,NaN,3.93,4.48,0.11,0.1,NaN,NaN,2.5,10.0,78.70351,-158.79996,1004.1,319.9,316.1,15.2,10.6,-3.4
588.375,1999-08-11T09:00:00.0,0.04391238042758415,1.1714836223506746,1.1714836223506746,0.0,NaN,0.44964384473684205,0.173,-3.8,NaN,3.72,4.48,0.11,0.11,NaN,NaN,2.5,10.0,78.70442,-158.80798,1004.2,319.5,316.3,4.6,4.4,-3.8
588.4167,1999-08-11T10:00:02.88,0.03819373525964035,1.1985018726591758,1.1985018726591758,-0.15822222222222215,NaN,0.5169772666666664,0.178,-3.6,NaN,3.76,4.56,0.11,0.1,NaN,NaN,2.5,10.0,78.70617,-158.81847,1004.3,318.9,316.3,7.7,6.1,-3.6
588.4583,1999-08-11T10:59:57.12,0.029432763379219497,1.2318460192475944,1.2318460192475944,-0.3585882352941176,NaN,0.3659978448529412,0.1905,-3.4,NaN,3.98,4.86,0.06,0.04,NaN,NaN,2.5,10.0,78.70878,-158.83073,1004.3,318.8,315.9,5.4,4.7,-3.4
588.5,1999-08-11T12:00:00.0,0.03438391062394916,0.9836695485110467,0.9836695485110467,-0.3701333333333333,NaN,0.0,0.1735,-3.0,NaN,3.62,4.26,0.0,-0.02,NaN,NaN,2.5,10.0,78.71255,-158.83997,1004.4,316.8,316.5,5.6,4.5,-3.0
588.5417,1999-08-11T13:00:02.88,0.03176745559741959,0.9922480620155034,0.9922480620155034,-0.6115555555555556,NaN,-0.22615324444444437,0.172,-2.7,NaN,3.92,4.56,-0.04,-0.07,NaN,NaN,2.5,10.0,78.71728,-158.84444,1004.4,316.8,316.0,16.1,10.8,-2.7
588.6667,1999-08-11T16:00:02.88,0.03246094034437551,0.9320388349514565,0.9320388349514565,-0.49439999999999995,NaN,0.055319304375,0.1545,-2.0,NaN,3.62,4.16,0.01,-0.01,NaN,NaN,2.5,10.0,78.73144,-158.82862,1004.8,319.3,316.0,39.0,25.1,-2.0
588.75,1999-08-11T18:00:00.0,0.04161918128893645,0.805369127516778,0.805369127516778,-0.6219130434782609,NaN,0.043147160869565215,0.149,-2.3,NaN,3.72,4.17,0.01,-0.02,NaN,NaN,2.5,10.0,78.73612,-158.80762,1005.1,319.3,315.9,47.0,30.9,-2.3
588.7917,1999-08-11T19:00:02.88,0.040109343326439714,1.4117647058823521,1.4117647058823521,-0.612,NaN,0.089539425,0.153,-2.4,NaN,3.46,4.27,0.02,-0.01,NaN,NaN,2.5,10.0,78.737,-158.80193,1005.3,320.1,316.2,54.6,36.0,-2.4
588.9583,1999-08-11T22:59:57.12,0.030079717411543503,0.8192771084337346,0.8192771084337346,-1.154782608695652,NaN,1.0739651478260872,0.166,-2.3,NaN,3.76,4.27,0.18,0.13,NaN,NaN,2.5,10.0,78.74351,-158.83332,1005.8,316.1,315.4,281.4,166.5,-2.3
589.4167,1999-08-12T10:00:02.88,0.02680601272205017,0.8627450980392153,0.8627450980392153,-0.7418181818181818,NaN,-0.06699545454545457,0.17,-2.2,0.4,3.91,4.46,-0.01,-0.04,NaN,NaN,2.5,10.0,78.77656,-158.83268,1005.6,318.3,316.3,14.0,9.0,-2.2
589.6667,1999-08-12T16:00:02.88,0.09977205921052595,1.209876543209876,1.209876543209876,-0.49371428571428577,NaN,0.08997942857142856,0.108,-2.1,NaN,3.27,3.76,0.05,0.02,NaN,NaN,2.5,10.0,78.80334,-158.81817,1005.4,320.3,316.0,54.2,33.8,-2.1
589.7083,1999-08-12T16:59:57.12,0.17824395420132402,1.4981273408239701,1.4981273408239701,-0.4068571428571428,NaN,0.11078084285714282,0.089,-2.1,-0.1,2.86,3.36,0.11,0.08,NaN,NaN,2.5,10.0,78.80543,-158.80767,1005.4,319.2,315.7,114.6,68.0,-2.1
589.75,1999-08-12T18:00:00.0,0.1509716137814602,1.425742574257426,1.425742574257426,-0.1243076923076921,NaN,0.17832132692307695,0.101,-2.6,-0.2,2.9,3.44,0.15,0.14,NaN,NaN,2.5,10.0,78.80693,-158.79937,1005.3,320.0,316.2,150.8,88.9,-2.6
589.7917,1999-08-12T19:00:02.88,0.1656436267844058,1.248226950354611,1.248226950354611,0.0,NaN,0.19500667826086956,0.094,-2.3,-0.2,3.01,3.45,0.18,0.18,NaN,NaN,2.5,10.0,78.80769,-158.79548,1005.3,319.1,315.7,189.1,110.9,-2.3
589.8333,1999-08-12T19:59:57.12,0.07468465366384064,0.8205128205128202,0.8205128205128202,-0.18720000000000017,NaN,0.5525564850000001,0.117,-2.0,0.0,2.89,3.25,0.23,0.22,NaN,NaN,2.5,10.0,78.8088,-158.79498,1005.3,307.1,315.3,267.3,152.5,-2.0
590.0833,1999-08-13T01:59:57.12,0.3269503218602953,1.859649122807017,1.859649122807017,-0.10133333333333343,NaN,0.14266720000000002,0.076,-2.4,NaN,3.22,3.75,0.26,0.25,NaN,NaN,2.5,10.0,78.82885,-158.79151,1005.4,326.1,316.2,98.6,60.9,-2.4
590.125,1999-08-13T03:00:00.0,0.07127187202088982,1.3541666666666665,1.3541666666666665,0.0,NaN,0.8053063680000001,0.128,-2.5,NaN,3.61,4.26,0.32,0.32,NaN,NaN,2.5,10.0,78.83269,-158.78376,1005.1,326.3,316.6,75.2,46.7,-2.5
590.1667,1999-08-13T04:00:02.88,0.12256297013973386,1.5000000000000004,1.5000000000000004,0.09525581395348846,NaN,0.5413578418604651,0.128,-4.3,NaN,3.73,4.45,0.37,0.38,NaN,NaN,2.5,10.0,78.83581,-158.77762,1005.0,324.2,316.8,57.5,35.6,-4.3
590.2083,1999-08-13T04:59:57.12,0.12808360826771703,1.3850129198966417,1.3850129198966417,0.0897391304347827,NaN,0.5320055347826086,0.129,-4.6,NaN,3.77,4.44,0.38,0.39,NaN,NaN,2.5,10.0,78.83827,-158.77278,1004.8,322.8,316.6,45.4,28.0,-4.6
590.25,1999-08-13T06:00:00.0,0.07560097208549356,1.2252252252252256,1.2252252252252256,0.23102439024390264,NaN,0.8539354536585365,0.148,-4.1,NaN,3.56,4.24,0.36,0.38,NaN,NaN,2.5,10.0,78.8407,-158.77094,1004.8,323.4,316.4,33.4,20.6,-4.1
590.2917,1999-08-13T07:00:02.88,0.07843904372005348,0.956321839080459,0.956321839080459,0.23199999999999954,NaN,0.7545346874999999,0.145,-4.0,NaN,3.49,4.01,0.33,0.35,NaN,NaN,2.5,10.0,78.84316,-158.7686,1004.8,322.7,316.5,30.1,18.3,-4.0
590.3333,1999-08-13T07:59:57.12,0.03464041380374896,0.7707129094412332,0.7707129094412332,0.1845333333333335,NaN,1.6568694399999997,0.173,-3.0,NaN,3.58,4.08,0.32,0.33,NaN,NaN,2.5,10.0,78.84577,-158.76722,1004.7,323.0,316.1,19.4,12.2,-3.0
590.375,1999-08-13T09:00:00.0,0.03610551815458988,0.36963696369636956,0.36963696369636956,0.0,NaN,1.6392824839285713,0.1515,-2.1,NaN,3.38,3.59,0.33,0.33,NaN,NaN,2.5,10.0,78.84841,-158.76423,1004.7,321.2,316.2,14.6,9.5,-2.1
590.5833,1999-08-13T13:59:57.12,0.02398174576313374,1.7146833681280447,1.7146833681280447,-0.27869090909090893,NaN,-1.423733550681818,0.2395,-5.5,NaN,4.69,6.23,-0.19,-0.21,NaN,NaN,2.5,10.0,78.8588,-158.69535,1005.0,315.8,315.8,53.9,30.2,-5.5
590.625,1999-08-13T15:00:00.0,0.01202229463659555,1.2671394799054372,1.2671394799054372,-0.6016000000000006,NaN,-3.5881228799999985,0.282,-4.5,NaN,5.15,6.49,-0.24,-0.27,NaN,NaN,2.5,10.0,78.85812,-158.6606,1004.9,315.6,315.8,70.8,40.4,-4.5
590.6667,1999-08-13T16:00:02.88,0.01409951221623497,1.4921780986762934,1.4921780986762934,-0.7091199999999996,NaN,-4.208278734000001,0.277,-5.0,-0.6,5.38,6.93,-0.33,-0.37,NaN,NaN,2.5,10.0,78.85586,-158.62274,1005.0,314.6,315.3,75.7,44.0,-5.0
590.7083,1999-08-13T16:59:57.12,0.005468495866078411,1.2918712493180575,1.2918712493180575,-2.256000000000002,NaN,-15.791478299999996,0.3055,-2.6,NaN,5.69,7.17,-0.48,-0.54,NaN,NaN,2.5,10.0,78.85231,-158.5846,1005.4,313.2,315.2,106.2,61.0,-2.6
595.9583,1999-08-18T22:59:57.12,0.007221400204108738,0.533333333333334,0.533333333333334,-0.8160000000000001,NaN,-1.243603125,0.255,-2.0,NaN,5.97,6.48,-0.05,-0.07,NaN,NaN,2.5,10.0,78.90525,-158.35281,993.9,316.0,315.3,168.0,123.8,-2.0
596.0,1999-08-19T00:00:00.0,0.01102329915348509,0.6280566280566284,0.6280566280566284,-0.259,NaN,0.6515242124999999,0.259,-3.2,NaN,6.0,6.61,0.04,0.03,NaN,NaN,2.5,10.0,78.91072,-158.34996,993.8,316.9,315.4,159.8,114.4,-3.2
596.0417,1999-08-19T01:00:02.88,0.013420813181683122,0.528735632183908,0.528735632183908,0.0,NaN,0.2675821714285715,0.232,-2.8,NaN,5.06,5.52,0.02,0.02,NaN,NaN,2.5,10.0,78.91608,-158.34484,993.8,317.3,315.6,164.1,113.9,-2.8
596.0833,1999-08-19T01:59:57.12,0.018629954453049807,0.47435897435897445,0.47435897435897445,-0.4754285714285712,NaN,-0.6749184000000001,0.208,-2.8,NaN,4.95,5.32,-0.07,-0.09,NaN,NaN,2.5,10.0,NaN,NaN,994.0,316.4,315.8,102.8,71.6,-2.8
596.3333,1999-08-19T07:59:57.12,0.055385958893660055,0.9514866979655722,0.9514866979655722,-0.38292134831460706,NaN,-4.071740308988764,0.213,-8.9,NaN,5.77,6.53,-1.25,-1.3,NaN,NaN,2.5,10.0,78.94209,-158.25211,995.6,276.1,307.8,19.5,14.8,-8.9
596.5417,1999-08-19T13:00:02.88,0.015632638538242663,0.5191740412979345,0.5191740412979345,-1.4464000000000012,NaN,-15.006128799999997,0.226,-3.0,NaN,5.9,6.34,-1.3,-1.36,NaN,NaN,2.5,10.0,78.96951,-158.22724,996.4,293.2,309.0,31.8,22.4,-3.0
597.9167,1999-08-20T22:00:02.88,0.0009343715693660197,1.0537261698440206,1.0537261698440206,-7.385599999999999,NaN,34.57800593999999,0.577,-3.0,NaN,12.81,15.09,0.18,0.06,NaN,NaN,2.5,10.0,79.11776,-158.50574,992.4,317.8,317.1,120.2,83.8,-3.0
597.9583,1999-08-20T22:59:57.12,0.002759390883481328,1.0271247739602172,1.0271247739602172,-2.722461538461539,NaN,13.008644384615389,0.553,-7.8,NaN,12.69,14.82,0.2,0.08,NaN,NaN,2.5,10.0,79.12965,-158.54134,992.6,318.1,317.1,96.4,67.4,-7.8
598.0,1999-08-21T00:00:00.0,0.0031985093121763663,1.031630170316302,1.031630170316302,-2.1919999999999997,NaN,14.02556181818182,0.548,-8.8,NaN,11.6,13.72,0.25,0.14,NaN,NaN,2.5,10.0,79.1406,-158.56948,992.8,319.0,317.4,73.9,52.1,-8.8
598.0417,1999-08-21T01:00:02.88,0.004313873260108726,0.8286252354048966,0.8286252354048966,-1.7306666666666664,NaN,12.47677425,0.531,-10.8,NaN,11.62,13.27,0.3,0.19,NaN,NaN,2.5,10.0,79.15008,-158.59186,992.6,319.3,317.4,80.8,56.8,-10.8
598.0833,1999-08-21T01:59:57.12,0.00395208393100972,0.7975535168195713,0.7975535168195713,-1.466915887850467,NaN,15.885285630841121,0.545,-10.7,NaN,11.8,13.43,0.35,0.26,NaN,NaN,2.5,10.0,79.15781,-158.615,992.5,318.8,317.1,79.1,53.9,-10.7
598.125,1999-08-21T03:00:00.0,0.005705830000791505,0.806888068880689,0.806888068880689,-1.2551578947368425,NaN,14.45550798947369,0.542,-15.2,NaN,11.93,13.57,0.46,0.35,NaN,NaN,2.5,10.0,79.16391,-158.64342,992.4,319.0,317.2,59.5,40.7,-15.2
598.1667,1999-08-21T04:00:02.88,0.00496558770128278,0.7995124923826928,0.7995124923826928,-1.4157647058823528,NaN,18.412573837500002,0.547,-13.6,NaN,12.14,13.78,0.51,0.4,NaN,NaN,2.5,10.0,79.16896,-158.67924,992.5,318.8,317.1,46.7,31.7,-13.6
598.2083,1999-08-21T04:59:57.12,0.005521853777925233,0.7239583333333336,0.7239583333333336,-1.189161290322581,NaN,14.612413935483868,0.512,-12.4,NaN,11.49,12.88,0.45,0.36,NaN,NaN,2.5,10.0,79.17457,-158.72372,993.1,318.5,317.5,24.7,16.9,-12.4
598.25,1999-08-21T06:00:00.0,0.006172912856048151,0.6557377049180333,0.6557377049180333,-0.9109333333333334,NaN,11.040355839999998,0.488,-12.0,NaN,10.95,12.15,0.38,0.31,NaN,NaN,2.5,10.0,79.18142,-158.77225,993.3,318.6,317.1,17.1,11.6,-12.0
598.2917,1999-08-21T07:00:02.88,0.005045160597011505,0.7017543859649117,0.7017543859649117,-1.2768,NaN,11.02268736,0.456,-8.0,NaN,10.42,11.62,0.31,0.24,NaN,NaN,2.5,10.0,79.18914,-158.8205,993.3,318.0,316.9,8.3,5.8,-8.0
598.3333,1999-08-21T07:59:57.12,0.0038189220328873393,0.7707454289732766,0.7707454289732766,-1.3383529411764707,NaN,11.745929117647057,0.474,-6.8,NaN,10.4,11.77,0.25,0.19,NaN,NaN,2.5,10.0,79.19815,-158.86524,993.3,317.8,316.8,5.3,3.8,-6.8
598.375,1999-08-21T09:00:00.0,0.0039909142819754715,0.7491814014407333,0.7491814014407333,-1.2956363636363637,NaN,12.138239260227271,0.509,-8.8,NaN,10.63,12.06,0.27,0.2,NaN,NaN,2.5,10.0,79.20728,-158.90717,993.2,317.9,316.9,2.4,1.9,-8.8
598.4167,1999-08-21T10:00:02.88,0.003039001815393091,0.755946562398175,0.755946562398175,-1.2035294117647057,NaN,14.760098809742642,0.5115,-6.8,NaN,10.74,12.19,0.25,0.2,NaN,NaN,2.5,10.0,79.21628,-158.94467,993.3,318.2,316.8,1.4,1.1,-6.8
598.4583,1999-08-21T10:59:57.12,0.003114693604238101,0.7514486123818243,0.7514486123818243,-0.8229647058823525,NaN,13.82560260352941,0.5465,-8.5,NaN,10.94,12.48,0.24,0.2,NaN,NaN,2.5,10.0,79.22495,-158.97866,993.0,318.6,316.6,1.5,1.4,-8.5
598.5,1999-08-21T12:00:00.0,0.0032849151095770625,0.771653543307087,0.771653543307087,-0.9031111111111112,NaN,12.563415733333333,0.508,-7.2,NaN,10.76,12.23,0.23,0.19,NaN,NaN,2.5,10.0,79.23246,-159.00887,993.2,318.4,316.6,5.6,4.0,-7.2
598.5417,1999-08-21T13:00:02.88,0.00352498950108595,0.7435640254095615,0.7435640254095615,-0.874082191780822,NaN,10.181783969178081,0.4985,-7.3,NaN,10.21,11.6,0.2,0.16,NaN,NaN,2.5,10.0,79.23892,-159.0374,993.1,317.2,316.5,8.0,5.7,-7.3
598.5833,1999-08-21T13:59:57.12,0.003913429382465798,0.7267645003494055,0.7267645003494055,-0.6449577464788733,NaN,8.254495749295772,0.477,-7.1,NaN,9.89,11.19,0.18,0.15,NaN,NaN,2.5,10.0,79.24434,-159.0649,993.1,317.1,316.3,9.3,6.7,-7.1
598.625,1999-08-21T15:00:00.0,0.004425243029746025,0.8289855072463765,0.8289855072463765,-0.4088888888888887,NaN,6.489066666666666,0.46,-7.2,NaN,9.6,11.03,0.16,0.14,NaN,NaN,2.5,10.0,79.24939,-159.09554,993.0,317.6,317.0,17.3,12.0,-7.2
598.6667,1999-08-21T16:00:02.88,0.005591800353282656,0.7833920877399138,0.7833920877399138,-0.5673333333333336,NaN,4.4938180802083325,0.4255,-7.2,NaN,9.07,10.32,0.14,0.11,NaN,NaN,2.5,10.0,79.25393,-159.13017,993.1,317.7,317.1,31.6,21.4,-7.2
598.7083,1999-08-21T16:59:57.12,0.005979170982617366,0.7571189279731998,0.7571189279731998,-0.6064761904761906,NaN,3.602559542857144,0.398,-6.3,NaN,8.35,9.48,0.12,0.09,NaN,NaN,2.5,10.0,79.25907,-159.16536,993.2,317.4,317.8,71.5,46.0,-6.3
598.75,1999-08-21T18:00:00.0,0.0060239219037680975,0.7160839160839154,0.7160839160839154,-0.7460869565217392,NaN,3.5757966032608692,0.3575,-4.6,NaN,7.91,8.87,0.12,0.09,NaN,NaN,2.5,10.0,79.26458,-159.19901,993.5,317.5,317.3,117.1,73.7,-4.6
603.0417,1999-08-26T01:00:02.88,0.04614300157618167,0.9286898839137635,0.9286898839137635,0.4149677419354843,NaN,-10.37341289032258,0.201,-6.2,NaN,4.44,5.14,-2.64,-2.6,NaN,NaN,2.5,10.0,79.54702,-159.14956,1018.5,235.6,300.8,168.1,130.0,-6.2
603.0833,1999-08-26T01:59:57.12,0.027763973033007427,0.8909803921568628,0.8909803921568628,0.0,NaN,-20.412677556818178,0.2125,-4.4,NaN,4.65,5.36,-3.12,-3.12,NaN,NaN,2.5,10.0,79.54609,-159.16949,1018.7,253.4,299.5,97.0,72.3,-4.4
605.75,1999-08-28T18:00:00.0,0.018666159561776648,0.8524590163934429,0.8524590163934429,-1.5616000000000014,NaN,-17.14160512,0.244,-4.5,NaN,4.27,5.05,-1.77,-1.86,NaN,NaN,2.5,10.0,79.55342,-160.04857,1010.1,305.7,308.4,87.6,72.4,-4.5
605.875,1999-08-28T21:00:00.0,0.013565055363618623,1.5306427503736921,1.5306427503736921,-1.7126400000000015,NaN,-18.63047256,0.223,-2.5,NaN,4.1,5.38,-1.4,-1.46,NaN,NaN,2.5,10.0,79.55343,-160.01718,1008.8,310.1,309.5,109.4,95.4,-2.5
608.875,1999-08-31T21:00:00.0,0.008323659952658371,0.4392156862745097,0.4392156862745097,-1.0643478260869537,NaN,-14.49067989130435,0.255,-2.3,NaN,5.78,6.2,-0.67,-0.7,NaN,NaN,2.5,10.0,79.54263,-159.76726,1011.8,311.9,313.1,131.5,107.6,-2.3
608.9167,1999-08-31T22:00:02.88,0.03182864323431523,-0.015503875968991918,-0.015503875968991918,-0.407703703703704,NaN,-3.222683733333332,0.172,-2.7,NaN,6.2,6.19,-0.57,-0.59,NaN,NaN,2.5,10.0,79.54599,-159.76044,1011.5,311.8,313.0,140.5,115.1,-2.7
608.9583,1999-08-31T22:59:57.12,0.019353700368903944,-0.144499178981938,-0.144499178981938,-0.2405925925925928,NaN,-4.4615610666666665,0.203,-2.7,NaN,6.69,6.58,-0.48,-0.49,NaN,NaN,2.5,10.0,79.55008,-159.75006,1011.4,307.5,312.8,155.5,128.0,-2.7
617.2083,1999-09-09T04:59:57.12,0.2982779212642351,1.9099099099099093,1.9099099099099093,-0.2368000000000002,NaN,-1.5803735999999997,0.074,-2.0,NaN,2.06,2.59,-2.6,-2.62,NaN,NaN,2.5,10.0,79.67238,-161.79241,1020.2,293.7,302.6,20.1,17.3,-2.0
617.25,1999-09-09T06:00:00.0,0.20404155281041314,1.4242424242424236,1.4242424242424236,-0.36730434782608995,NaN,-2.3910778434782607,0.088,-2.3,NaN,2.24,2.71,-2.69,-2.72,NaN,NaN,2.5,10.0,79.67085,-161.79807,1020.2,293.5,301.7,10.1,8.5,-2.3
617.2917,1999-09-09T07:00:02.88,0.2957337501792581,1.547325102880659,1.547325102880659,0.0,NaN,-1.6372470807692305,0.081,-2.6,NaN,1.92,2.39,-2.67,-2.67,NaN,NaN,2.5,10.0,79.66941,-161.80602,1020.3,293.8,301.6,2.7,2.3,-2.6
617.3333,1999-09-09T07:59:57.12,0.16013999513118615,1.4522691705790298,1.4522691705790298,0.21300000000000016,NaN,-3.046297960546874,0.1065,-3.2,NaN,2.07,2.65,-2.69,-2.67,NaN,NaN,2.5,10.0,79.66798,-161.8146,1020.4,293.1,301.4,0.7,0.6,-3.2
617.375,1999-09-09T09:00:00.0,0.23850107296408682,1.7044673539518902,1.7044673539518902,0.258666666666665,NaN,-2.0991478999999997,0.097,-3.6,NaN,2.36,2.98,-2.76,-2.73,NaN,NaN,2.5,10.0,79.66692,-161.82408,1020.4,291.5,300.8,0.2,0.2,-3.6
617.4167,1999-09-09T10:00:02.88,0.1083433259422074,1.265888456549936,1.265888456549936,0.32463157894736633,NaN,-4.8578604967105266,0.1285,-3.8,NaN,2.53,3.14,-2.9,-2.87,NaN,NaN,2.5,10.0,79.66604,-161.83425,1020.4,290.3,300.4,0.1,0.0,-3.8
617.4583,1999-09-09T10:59:57.12,0.06145220555033014,1.3087934560327197,1.3087934560327197,0.3556363636363666,NaN,-8.415428829545455,0.163,-4.4,NaN,2.89,3.69,-2.85,-2.82,NaN,NaN,2.5,10.0,79.6653,-161.84351,1020.5,292.5,301.1,0.2,0.0,-4.4
617.5,1999-09-09T12:00:00.0,0.08192518432130108,1.3215339233038343,1.3215339233038343,0.49309090909090963,NaN,-5.976544960227274,0.1695,-6.6,NaN,3.08,3.92,-2.7,-2.64,NaN,NaN,2.5,10.0,79.66454,-161.85154,1020.5,291.6,300.8,0.3,0.0,-6.6
617.5417,1999-09-09T13:00:02.88,0.0898523709482779,1.0600414078674942,1.0600414078674942,0.24929032258064726,NaN,-5.714702530645162,0.161,-6.2,NaN,3.63,4.27,-2.83,-2.8,NaN,NaN,2.5,10.0,79.66345,-161.85726,1020.6,289.0,299.9,1.3,0.8,-6.2
617.5833,1999-09-09T13:59:57.12,0.134479971673382,1.1047619047619048,1.1047619047619048,0.07344262295081812,NaN,-3.886583606557378,0.14,-6.1,NaN,3.59,4.17,-2.88,-2.87,NaN,NaN,2.5,10.0,79.66217,-161.8647,1020.6,289.4,298.5,4.5,3.7,-6.1
617.625,1999-09-09T15:00:00.0,0.1111086058111999,0.8827586206896543,0.8827586206896543,0.08285714285714477,NaN,-4.6545970982142855,0.145,-5.6,NaN,3.58,4.06,-2.85,-2.84,NaN,NaN,2.5,10.0,79.6607,-161.87327,1020.7,290.0,299.0,10.3,8.7,-5.6
617.6667,1999-09-09T16:00:02.88,0.1140565182005212,1.0704225352112664,1.0704225352112664,0.0,NaN,-4.454003555555554,0.142,-5.4,NaN,3.49,4.06,-2.8,-2.8,NaN,NaN,2.5,10.0,79.65892,-161.88171,1020.7,291.8,300.7,24.9,21.0,-5.4
617.7083,1999-09-09T16:59:57.12,0.07841427480837403,0.8918032786885243,0.8918032786885243,-0.21217391304347846,NaN,-6.245061480978261,0.1525,-4.6,NaN,3.67,4.18,-2.7,-2.72,NaN,NaN,2.5,10.0,79.65698,-161.88999,1020.8,293.6,301.1,45.1,38.0,-4.6
617.75,1999-09-09T18:00:00.0,0.04735318374813756,0.96,0.96,-0.4000000000000033,NaN,-9.761718749999996,0.175,-4.2,NaN,3.95,4.58,-2.55,-2.58,NaN,NaN,2.5,10.0,79.65443,-161.89996,1020.8,294.3,301.8,80.7,67.5,-4.2
617.7917,1999-09-09T19:00:02.88,0.03522384095190589,1.0385964912280705,1.0385964912280705,-0.7599999999999971,NaN,-12.5005275,0.19,-4.0,NaN,4.06,4.8,-2.43,-2.48,NaN,NaN,2.5,10.0,79.65148,-161.91215,1020.8,295.0,301.6,102.0,85.3,-4.0
617.8333,1999-09-09T19:59:57.12,0.041301432513054154,1.1601208459214505,1.1601208459214505,-1.025032258064517,NaN,-10.528458677419353,0.1655,-3.1,NaN,3.65,4.37,-2.4,-2.46,NaN,NaN,2.5,10.0,79.64891,-161.9256,1020.9,295.8,303.2,101.8,85.3,-3.1
617.875,1999-09-09T21:00:00.0,0.026571969437661182,1.0292397660818706,1.0292397660818706,-2.238545454545462,NaN,-16.227957518181817,0.171,-2.2,NaN,3.44,4.1,-2.38,-2.47,NaN,NaN,2.5,10.0,79.6465,-161.94259,1020.8,295.8,303.1,113.7,95.8,-2.2
618.1667,1999-09-10T04:00:02.88,0.08345126425767475,1.8797814207650279,1.8797814207650279,-0.31232000000000026,NaN,-7.408659839999999,0.122,-2.5,NaN,2.13,2.99,-3.4,-3.42,NaN,NaN,2.5,10.0,79.64529,-162.00203,1021.2,280.2,297.6,35.7,30.1,-2.5
618.2083,1999-09-10T04:59:57.12,0.33630194360926025,2.7294117647058815,2.7294117647058815,0.6400000000000008,NaN,-2.1837562500000005,0.085,-3.4,NaN,1.72,2.59,-4.03,-3.95,NaN,NaN,2.5,10.0,79.64382,-161.99876,1021.2,269.4,292.3,19.3,16.6,-3.4
619.2083,1999-09-11T04:59:57.12,0.022379340821476714,0.7366482504604057,0.7366482504604057,-0.7898181818181765,NaN,-16.818901745454543,0.181,-2.2,NaN,3.65,4.15,-2.08,-2.11,NaN,NaN,2.5,10.0,79.60848,-161.98084,1020.1,300.1,305.7,14.5,12.0,-2.2
619.25,1999-09-11T06:00:00.0,0.027762590575344828,1.756676557863502,1.756676557863502,-0.49018181818181866,NaN,-15.135134140909091,0.1685,-2.2,NaN,2.84,3.95,-2.32,-2.34,NaN,NaN,2.5,10.0,79.60563,-161.97534,1020.1,298.0,304.1,5.5,4.5,-2.2
619.2917,1999-09-11T07:00:02.88,0.04657298221727768,0.8036529680365296,0.8036529680365296,-0.3893333333333337,NaN,-9.375309699999999,0.146,-2.4,NaN,3.2,3.64,-2.41,-2.43,NaN,NaN,2.5,10.0,79.6025,-161.97371,1020.0,295.9,304.1,1.5,1.2,-2.4
619.3333,1999-09-11T07:59:57.12,0.08717473247571109,2.1828410689170186,2.1828410689170186,0.0,NaN,-5.4912218625,0.1185,-2.4,NaN,2.27,3.24,-2.64,-2.64,NaN,NaN,2.5,10.0,79.59972,-161.97539,1019.9,292.2,301.3,0.2,0.3,-2.4
619.375,1999-09-11T09:00:00.0,0.043773029311335886,2.0861678004535156,2.0861678004535156,-0.40904347826086995,NaN,-11.145452439130432,0.147,-2.3,NaN,2.78,3.93,-2.69,-2.71,NaN,NaN,2.5,10.0,NaN,NaN,1020.1,294.4,301.1,0.0,0.0,-2.3
619.5833,1999-09-11T13:59:57.12,0.06593518756784199,1.9658119658119657,1.9658119658119657,0.4870243902439029,NaN,-14.917137014634147,0.156,-4.1,NaN,2.93,4.08,-5.37,-5.33,NaN,NaN,2.5,10.0,79.58941,-161.98414,1020.1,243.6,285.2,2.3,2.3,-4.1
619.625,1999-09-11T15:00:00.0,0.1655754395517424,2.3030303030303023,2.3030303030303023,0.9538064516129071,NaN,-7.8236008258064516,0.132,-6.2,NaN,2.49,3.63,-7.03,-6.89,NaN,NaN,2.5,10.0,79.58786,-161.98036,1020.2,219.6,274.4,13.9,10.7,-6.2
619.6667,1999-09-11T16:00:02.88,0.2868453173331177,1.768421052631579,1.768421052631579,0.987999999999999,NaN,-4.6876978125,0.095,-4.0,NaN,2.14,2.77,-7.29,-7.16,NaN,NaN,2.5,10.0,79.58646,-161.97564,1020.3,240.5,276.0,50.2,32.9,-4.0
620.0417,1999-09-12T01:00:02.88,0.16622028489624974,1.6904761904761905,1.6904761904761905,0.5658947368421016,NaN,-7.908265768421053,0.112,-3.8,NaN,2.15,2.86,-7.13,-7.07,NaN,NaN,2.5,10.0,79.56432,-161.98744,1020.9,217.6,277.5,164.7,149.3,-3.8
620.0833,1999-09-12T01:59:57.12,0.5127589092461123,3.299760191846523,3.299760191846523,1.8268571428571396,NaN,-2.6292689584821445,0.0695,-2.8,NaN,1.39,2.25,-7.31,-7.08,NaN,NaN,2.5,10.0,79.56382,-161.98875,1020.8,222.8,273.6,115.0,103.9,-2.8
620.4167,1999-09-12T10:00:02.88,0.1183850466876934,0.1040650406504066,0.1040650406504066,-0.6247619047619053,NaN,-5.861361830357141,0.1025,-2.1,NaN,3.4,3.44,-3.81,-3.85,NaN,NaN,2.5,10.0,79.56808,-161.97584,1020.4,295.4,298.1,0.7,0.2,-2.1
620.5,1999-09-12T12:00:00.0,0.03671952987316362,0.5579487179487184,0.5579487179487184,-0.600000000000005,NaN,-16.536914062500003,0.1625,-2.6,NaN,3.81,4.15,-3.34,-3.37,NaN,NaN,2.5,10.0,79.57182,-161.9649,1020.0,295.6,299.9,0.5,0.0,-2.6
620.5417,1999-09-12T13:00:02.88,0.028012131876273376,0.573333333333333,0.573333333333333,0.0,NaN,-20.75675675675676,0.2,-3.7,NaN,4.11,4.54,-3.2,-3.2,NaN,NaN,2.5,10.0,79.57421,-161.9574,1019.7,292.3,299.9,0.7,0.1,-3.7
620.5833,1999-09-12T13:59:57.12,0.05195517583783827,0.807619047619048,0.807619047619048,0.12173913043478,NaN,-10.660495923913041,0.175,-4.6,NaN,4.34,4.87,-3.05,-3.04,NaN,NaN,2.5,10.0,79.57671,-161.94811,1019.5,291.6,300.3,2.7,1.9,-4.6
620.625,1999-09-12T15:00:00.0,0.04329356138879607,0.8636363636363628,0.8636363636363628,0.0,NaN,-12.5390848,0.176,-3.9,NaN,4.65,5.22,-2.99,-2.99,NaN,NaN,2.5,10.0,79.57892,-161.93594,1019.3,292.2,300.7,13.4,10.4,-3.9
620.8333,1999-09-12T19:59:57.12,0.15303785629258615,0.7697594501718207,0.7697594501718207,0.40486956521739464,NaN,-4.678441160869567,0.097,-2.3,NaN,3.2,3.48,-3.93,-3.9,NaN,NaN,2.5,10.0,79.58417,-161.85941,1019.2,269.3,295.6,107.3,87.2,-2.3
620.875,1999-09-12T21:00:00.0,0.03802445787629516,0.6330365974282893,0.6330365974282893,0.5391999999999966,NaN,-16.88785226125,0.1685,-3.0,NaN,4.04,4.44,-3.53,-3.5,NaN,NaN,2.5,10.0,79.58419,-161.84976,1019.2,284.2,299.6,125.7,103.1,-3.0
623.2083,1999-09-15T04:59:57.12,0.11370746627673192,0.660766961651917,0.660766961651917,-0.4017777777777692,NaN,-6.525100877777779,0.113,-2.7,NaN,2.73,3.01,-4.07,-4.1,NaN,NaN,2.5,10.0,79.6183,-161.63241,1027.4,291.3,297.4,10.7,8.9,-2.7
623.3333,1999-09-15T07:59:57.12,0.02831185866905162,0.7835051546391756,0.7835051546391756,-1.095529411764699,NaN,-27.058070117647063,0.194,-3.4,NaN,4.72,5.29,-4.2,-4.26,NaN,NaN,2.5,10.0,79.62568,-161.65349,1027.4,293.0,297.4,0.8,0.0,-3.4
623.375,1999-09-15T09:00:00.0,0.11984827648007815,1.344927536231884,1.344927536231884,-0.9813333333333343,NaN,-6.098708749999999,0.115,-3.0,NaN,4.11,4.69,-4.01,-4.09,NaN,NaN,2.5,10.0,79.62885,-161.6634,1027.3,293.8,298.9,0.8,0.0,-3.0
623.4167,1999-09-15T10:00:02.88,0.036501412180922475,0.3155818540433928,0.3155818540433928,-1.4918620689655187,NaN,-19.923070251724145,0.169,-2.9,NaN,4.41,4.61,-3.99,-4.07,NaN,NaN,2.5,10.0,79.63252,-161.67178,1027.3,294.0,299.3,0.7,0.0,-2.9
623.4583,1999-09-15T10:59:57.12,0.118889165424862,0.4444444444444432,0.4444444444444432,-1.2579310344827541,NaN,-5.992590041379312,0.114,-2.9,NaN,3.91,4.1,-3.91,-4.01,NaN,NaN,2.5,10.0,79.6362,-161.67738,1027.2,293.9,297.4,0.7,0.0,-2.9
623.5,1999-09-15T12:00:00.0,0.10757248340629645,0.45528455284552943,0.45528455284552943,-2.027636363636368,NaN,-5.971691372727273,0.123,-3.3,NaN,3.28,3.49,-3.53,-3.7,NaN,NaN,2.5,10.0,79.64001,-161.67885,1027.1,293.3,298.8,0.6,0.0,-3.3
623.5417,1999-09-15T13:00:02.88,0.13126101071397667,0.7811447811447811,0.7811447811447811,-0.7542857142857116,NaN,-4.906940657142857,0.099,-2.1,NaN,3.12,3.41,-3.54,-3.59,NaN,NaN,2.5,10.0,79.64293,-161.68098,1027.1,291.9,299.0,0.6,0.1,-2.1
623.5833,1999-09-15T13:59:57.12,0.03490261038878782,0.5714285714285707,0.5714285714285707,-1.4080000000000013,NaN,-19.670050399999997,0.154,-2.1,NaN,3.97,4.3,-3.77,-3.83,NaN,NaN,2.5,10.0,79.64561,-161.68403,1027.0,292.2,298.6,1.5,0.7,-2.1
623.625,1999-09-15T15:00:00.0,0.0986049683438587,0.41025641025640963,0.41025641025640963,-0.7199999999999974,NaN,-7.299659250000001,0.117,-2.6,NaN,3.43,3.61,-3.95,-4.0,NaN,NaN,2.5,10.0,79.64764,-161.68678,1026.9,291.3,295.7,5.5,4.1,-2.6
623.6667,1999-09-15T16:00:02.88,0.08558122522851556,0.4367816091954021,0.4367816091954021,-0.6749090909090915,NaN,-8.215988945454544,0.116,-2.2,NaN,3.52,3.71,-3.86,-3.9,NaN,NaN,2.5,10.0,79.64947,-161.69239,1026.7,291.9,297.0,16.4,13.4,-2.2
624.0,1999-09-16T00:00:00.0,0.09646124032693816,1.4814814814814807,1.4814814814814807,1.0491428571428505,NaN,-15.7141690875,0.153,-5.6,NaN,4.21,5.06,-8.19,-8.07,NaN,NaN,2.5,10.0,79.6731,-161.81199,1025.5,220.7,274.0,75.7,65.7,-5.6
624.0833,1999-09-16T01:59:57.12,0.33546666881146486,1.7634408602150542,1.7634408602150542,1.373538461538463,NaN,-4.113907938461538,0.124,-10.4,NaN,3.75,4.57,-7.48,-7.12,NaN,NaN,2.5,10.0,79.67875,-161.83369,1024.7,209.9,271.9,53.0,43.2,-10.4
624.125,1999-09-16T03:00:00.0,0.21563139489586225,1.5737704918032793,1.5737704918032793,1.2199999999999986,NaN,-7.035953377016127,0.1525,-12.4,NaN,4.06,4.96,-8.2,-7.89,NaN,NaN,2.5,10.0,79.68035,-161.8439,1024.5,209.7,270.0,49.8,39.2,-12.4
624.1667,1999-09-16T04:00:02.88,0.21329885638685744,1.4138702460850112,1.4138702460850112,1.0456140350877192,NaN,-7.93037247105263,0.149,-11.4,NaN,4.16,4.95,-9.11,-8.86,NaN,NaN,2.5,10.0,79.6813,-161.85571,1024.3,211.0,267.7,28.0,22.9,-11.4
624.2083,1999-09-16T04:59:57.12,0.11727568064920141,1.3259668508287286,1.3259668508287286,1.1894285714285646,NaN,-15.787935412500001,0.181,-11.2,NaN,4.15,5.05,-9.94,-9.71,NaN,NaN,2.5,10.0,79.68174,-161.871,1023.7,207.8,264.3,9.2,8.0,-11.2
624.25,1999-09-16T06:00:00.0,0.0405900568323219,0.8245270711024135,0.8245270711024135,1.2001467889908268,NaN,-45.859884691169725,0.2555,-10.9,NaN,4.55,5.34,-9.99,-9.83,NaN,NaN,2.5,10.0,79.68189,-161.88972,1023.2,216.8,265.6,2.7,2.7,-10.9
624.2917,1999-09-16T07:00:02.88,0.037019560528399206,0.9100071994240461,0.9100071994240461,1.2012972972972895,NaN,-49.190515726013516,0.2315,-7.4,NaN,4.75,5.54,-9.78,-9.66,NaN,NaN,2.5,10.0,79.68228,-161.91212,1022.8,224.8,267.6,0.0,0.0,-7.4
624.3333,1999-09-16T07:59:57.12,0.021023516686618,0.759291023441967,0.759291023441967,1.1104761904762062,NaN,-83.68522388482141,0.2915,-8.4,NaN,5.28,6.11,-9.46,-9.36,NaN,NaN,2.5,10.0,79.68288,-161.93841,1022.3,219.5,268.6,0.0,0.0,-8.4
624.375,1999-09-16T09:00:00.0,0.025504490361590953,0.8268029528676889,0.8268029528676889,0.9030769230769199,NaN,-69.2844601622596,0.2935,-10.4,NaN,5.6,6.51,-9.5,-9.4,NaN,NaN,2.5,10.0,79.6839,-161.96898,1022.1,216.0,268.4,0.0,0.0,-10.4
624.4167,1999-09-16T10:00:02.88,0.036584979522059836,0.7943262411347521,0.7943262411347521,0.6015999999999961,NaN,-49.194452090000006,0.329,-21.0,NaN,5.92,6.9,-9.67,-9.55,NaN,NaN,2.5,10.0,79.68566,-162.00023,1021.5,213.6,267.2,0.0,0.0,-21.0
624.4583,1999-09-16T10:59:57.12,0.041323740316459356,0.7792998477929984,0.7792998477929984,0.4899661016949206,NaN,-44.16125929131356,0.3285,-23.6,-0.1,6.44,7.4,-9.8,-9.69,NaN,NaN,2.5,10.0,79.68783,-162.03251,1020.8,216.4,267.7,0.0,0.0,-23.6
624.5,1999-09-16T12:00:00.0,0.02661722912350717,0.7170868347338937,0.7170868347338937,0.4686769230769235,NaN,-69.50891992153844,0.357,-19.5,NaN,6.54,7.5,-9.93,-9.85,NaN,NaN,2.5,10.0,79.69018,-162.06369,1020.1,217.5,268.0,0.0,0.0,-19.5
624.5417,1999-09-16T13:00:02.88,0.04331214301151331,0.8833849329205368,0.8833849329205368,0.35186382978723435,NaN,-42.76094986978723,0.323,-23.5,NaN,6.42,7.49,-9.94,-9.86,NaN,NaN,2.5,10.0,79.69255,-162.09146,1019.6,212.1,267.4,0.0,0.0,-23.5
624.5833,1999-09-16T13:59:57.12,0.03520105417842587,0.7191011235955055,0.7191011235955055,0.5246315789473676,NaN,-55.254418950438584,0.3115,-17.1,NaN,5.49,6.33,-10.42,-10.33,NaN,NaN,2.5,10.0,79.69482,-162.11422,1019.1,209.7,264.2,0.0,0.0,-17.1
624.625,1999-09-16T15:00:00.0,0.04858229244909005,0.7755834829443442,0.7755834829443442,0.4218698224852076,NaN,-37.923327820340255,0.2785,-16.9,NaN,5.5,6.31,-9.89,-9.81,NaN,NaN,2.5,10.0,79.69651,-162.1333,1018.6,221.5,268.0,5.0,4.2,-16.9
626.25,1999-09-18T06:00:00.0,0.004522737916364495,0.8137715179968705,0.8137715179968705,-0.47831578947369524,NaN,-268.5462745263157,0.426,-5.7,NaN,10.27,11.57,-6.6,-6.62,NaN,NaN,2.5,10.0,79.85347,-163.25126,1003.2,267.2,285.2,0.6,0.0,-5.7
626.5,1999-09-18T12:00:00.0,0.001787215918260858,0.6631393298059958,0.6631393298059958,-0.6720000000000005,NaN,-215.70304454999993,0.567,-5.4,0.8,11.13,12.54,-2.13,-2.15,NaN,NaN,2.5,10.0,79.89166,-163.51083,1000.8,305.3,305.7,0.0,0.0,-5.4
626.5417,1999-09-18T13:00:02.88,0.002863089171018143,0.7795698924731179,0.7795698924731179,-0.27365517241379334,NaN,-107.92806753103447,0.496,-5.8,0.4,10.88,12.33,-1.71,-1.72,NaN,NaN,2.5,10.0,79.90213,-163.54393,1000.7,307.3,307.7,0.0,0.0,-5.8
626.5833,1999-09-18T13:59:57.12,0.005114315689808823,0.6100034977264778,0.6100034977264778,-0.662956521739131,NaN,-45.15773097391304,0.4765,-9.2,0.6,10.38,11.47,-1.28,-1.32,NaN,NaN,2.5,10.0,79.91281,-163.56585,1000.9,310.5,309.8,0.0,0.0,-9.2
626.625,1999-09-18T15:00:00.0,0.0015157742715147594,0.5960419091967409,0.5960419091967409,-2.0616000000000017,NaN,-101.018214778125,0.4295,-2.0,NaN,10.5,11.46,-0.85,-0.88,NaN,NaN,2.5,10.0,79.92272,-163.57617,1001.1,312.6,312.3,2.0,1.6,-2.0
627.125,1999-09-19T03:00:00.0,0.0023944663877105876,0.7371675943104515,0.7371675943104515,-1.3909677419354791,NaN,-209.88221062741937,0.539,-6.2,NaN,11.04,12.53,-2.77,-2.82,NaN,NaN,2.5,10.0,79.99924,-163.80618,1003.3,291.4,303.3,36.9,31.3,-6.2
627.1667,1999-09-19T04:00:02.88,0.0026303391291340205,0.6983011130638549,0.6983011130638549,-0.6827999999999954,NaN,-221.06401079999992,0.569,-8.0,1.7,11.02,12.51,-3.2,-3.23,NaN,NaN,2.5,10.0,80.00866,-163.83659,1003.1,288.4,300.7,18.0,15.6,-8.0
627.2083,1999-09-19T04:59:57.12,0.006512049689851021,0.6653870761356361,0.6653870761356361,0.3290526315789501,NaN,-92.38869452171055,0.521,-15.2,0.8,9.64,10.94,-3.31,-3.28,NaN,NaN,2.5,10.0,80.01754,-163.862,1003.1,261.7,297.7,4.5,5.0,-15.2
627.2917,1999-09-19T07:00:02.88,0.00637949533428473,0.6972909305064785,0.6972909305064785,0.5689633507853407,NaN,-91.42020976335074,0.566,-19.1,NaN,10.95,12.43,-3.21,-3.15,NaN,NaN,2.5,10.0,80.03045,-163.90741,1002.3,267.9,297.5,0.0,0.0,-19.1
627.3333,1999-09-19T07:59:57.12,0.007681269627243183,0.7605466428995846,0.7605466428995846,0.8014285714285723,NaN,-74.48560917187504,0.561,-22.4,NaN,11.86,13.46,-3.15,-3.05,NaN,NaN,2.5,10.0,80.03472,-163.94218,1001.6,260.3,297.1,0.0,0.0,-22.4
627.375,1999-09-19T09:00:00.0,0.006847937530109343,0.8342930262316054,0.8342930262316054,0.7293999999999983,NaN,-81.14016162375002,0.521,-16.0,NaN,12.06,13.69,-3.06,-2.99,NaN,NaN,2.5,10.0,80.03821,-163.98972,1000.9,270.8,297.8,0.0,0.0,-16.0
627.4167,1999-09-19T10:00:02.88,0.007446932091776354,0.8197879858657245,0.8197879858657245,0.32487892376681643,NaN,-76.83803305829595,0.566,-22.3,1.2,12.97,14.71,-3.15,-3.11,NaN,NaN,2.5,10.0,80.04169,-164.04922,1000.1,277.8,298.7,0.0,0.0,-22.3
627.4583,1999-09-19T10:59:57.12,0.005046865618012691,0.7694421544380323,0.7694421544380323,0.10434408602150778,NaN,-110.1088311858871,0.6065,-18.6,2.6,13.01,14.76,-3.06,-3.05,NaN,NaN,2.5,10.0,80.04587,-164.11907,999.3,292.7,300.3,0.0,0.0,-18.6
627.5,1999-09-19T12:00:00.0,0.000985099884597913,1.1716461628588166,1.1716461628588166,-0.6069333333333473,NaN,-526.8692257399997,0.569,-3.0,1.8,12.79,15.29,-2.86,-2.87,NaN,NaN,2.5,10.0,80.05184,-164.19211,998.4,299.8,302.1,0.0,0.0,-3.0
627.5417,1999-09-19T13:00:02.88,0.0010947930978259075,1.1945914168136396,1.1945914168136396,-0.5498181818181945,NaN,-460.682046490909,0.567,-3.3,2.2,13.2,15.74,-2.78,-2.79,NaN,NaN,2.5,10.0,80.05952,-164.26584,997.6,304.2,302.9,0.0,0.0,-3.3
627.5833,1999-09-19T13:59:57.12,0.001281297950319445,1.1394799054373523,1.1394799054373523,0.0,NaN,-406.49655258947354,0.564,-3.8,1.3,12.76,15.17,-2.87,-2.87,NaN,NaN,2.5,10.0,80.06805,-164.33518,996.7,303.5,302.8,0.0,0.0,-3.8
627.625,1999-09-19T15:00:00.0,0.0008943192205781552,1.06088004822182,1.06088004822182,-0.7078400000000163,NaN,-584.4523749120001,0.553,-2.5,NaN,11.83,14.03,-2.88,-2.89,NaN,NaN,2.5,10.0,80.07675,-164.39478,995.9,301.8,302.1,0.4,0.9,-2.5
627.6667,1999-09-19T16:00:02.88,0.0019112053618362515,0.9774236387782204,0.9774236387782204,-0.4016000000000092,NaN,-251.43069089999997,0.502,-4.0,NaN,12.15,13.99,-2.65,-2.66,NaN,NaN,2.5,10.0,80.08502,-164.44388,994.8,301.9,303.5,6.0,5.8,-4.0
627.7083,1999-09-19T16:59:57.12,0.0012525573888925838,1.1126126126126121,1.1126126126126121,0.4405581395348938,NaN,-379.24442969302316,0.592,-4.3,NaN,12.48,14.95,-2.62,-2.61,NaN,NaN,2.5,10.0,80.09276,-164.48773,993.9,301.4,303.9,15.8,14.5,-4.3
627.75,1999-09-19T18:00:00.0,0.0011221253081332538,1.1830985915492958,1.1830985915492958,0.0,NaN,-454.35327698823517,0.568,-3.4,NaN,12.08,14.6,-2.81,-2.81,NaN,NaN,2.5,10.0,NaN,NaN,992.9,300.7,303.0,33.5,30.2,-3.4
627.7917,1999-09-19T19:00:02.88,0.002269266531611523,0.9621993127147773,0.9621993127147773,-0.25167567567568144,NaN,-214.98629185945939,0.582,-7.4,-0.9,11.36,13.46,-2.69,-2.7,NaN,NaN,2.5,10.0,80.10512,-164.57253,992.0,300.1,303.3,53.3,47.4,-7.4
627.8333,1999-09-19T19:59:57.12,0.0017599064895038644,0.9474292316580015,0.9474292316580015,-0.32971428571429334,NaN,-238.75289815714285,0.577,-5.6,-1.7,10.83,12.88,-2.32,-2.33,NaN,NaN,2.5,10.0,NaN,NaN,991.3,300.9,304.8,70.5,61.6,-5.6
628.0,1999-09-20T00:00:00.0,0.0047595385284646,1.0680359435173303,1.0680359435173303,-0.530382978723404,NaN,3.3945975406914894,0.3895,-4.7,NaN,10.34,11.9,0.09,0.07,NaN,NaN,2.5,10.0,80.13453,-164.76616,990.1,316.3,316.0,71.2,61.4,-4.7
628.2083,1999-09-20T04:59:57.12,0.0027333922249160093,0.818264840182649,0.818264840182649,-1.0618181818181827,NaN,-167.10048409090905,0.365,-2.2,NaN,8.27,9.39,-2.52,-2.54,NaN,NaN,2.5,10.0,80.18307,-164.73511,996.3,285.3,301.9,4.9,4.5,-2.2
628.25,1999-09-20T06:00:00.0,0.03591702110238242,1.0129198966408273,1.0129198966408273,-0.16188235294117664,NaN,-13.991361247058823,0.258,-10.2,NaN,7.25,8.23,-2.77,-2.79,NaN,NaN,2.5,10.0,80.18812,-164.69027,997.6,286.3,300.9,0.7,0.8,-10.2
628.375,1999-09-20T09:00:00.0,0.0252640781454968,0.8929110105580687,0.8929110105580687,-0.785777777777782,NaN,-23.89041234666667,0.221,-4.5,NaN,5.44,6.18,-3.32,-3.37,NaN,NaN,2.5,10.0,80.18961,-164.60189,1000.4,293.3,298.6,0.0,0.2,-4.5
628.4167,1999-09-20T10:00:02.88,0.1636810306633982,1.0760233918128652,1.0760233918128652,0.0,NaN,-3.8446066800000005,0.114,-4.0,NaN,3.45,3.91,-3.46,-3.46,NaN,NaN,2.5,10.0,80.18781,-164.60392,1001.0,288.7,296.6,0.2,0.4,-4.0
628.4583,1999-09-20T10:59:57.12,0.28287228736857273,1.3473684210526318,1.3473684210526318,0.30399999999999683,NaN,-2.2570396875,0.095,-4.0,-0.2,3.49,3.97,-3.51,-3.47,NaN,NaN,2.5,10.0,80.18653,-164.61872,1001.4,286.8,296.8,0.4,0.4,-4.0
628.5,1999-09-20T12:00:00.0,0.11810550064344341,1.118881118881118,1.118881118881118,0.4014035087719319,NaN,-5.125057531578945,0.143,-5.7,0.6,4.42,5.02,-3.33,-3.28,NaN,NaN,2.5,10.0,80.18726,-164.64126,1001.6,287.3,297.2,0.3,0.3,-5.7
628.5417,1999-09-20T13:00:02.88,0.12487672477605534,1.0949227373068435,1.0949227373068435,0.27222535211267634,NaN,-4.611614649295775,0.151,-7.1,-0.2,4.59,5.21,-3.17,-3.13,NaN,NaN,2.5,10.0,80.19084,-164.66538,1001.9,290.0,298.3,0.3,0.3,-7.1
628.5833,1999-09-20T13:59:57.12,0.09208385673069201,1.0944625407166122,1.0944625407166122,0.26792727272727496,NaN,-6.234057264545454,0.1535,-5.5,0.0,4.64,5.27,-3.16,-3.13,NaN,NaN,2.5,10.0,80.197,-164.68222,1002.3,287.3,298.4,0.2,0.2,-5.5
628.625,1999-09-20T15:00:00.0,0.1414590945437359,1.0589651022864015,1.0589651022864015,0.7148387096774201,NaN,-4.460754889717743,0.1385,-6.2,NaN,4.05,4.6,-3.47,-3.37,NaN,NaN,2.5,10.0,80.20378,-164.68786,1002.5,280.4,295.5,1.4,1.4,-6.2
628.6667,1999-09-20T16:00:02.88,0.08561203647779504,1.1460055096418733,1.1460055096418733,0.7743999999999972,NaN,-7.8019546439999985,0.121,-2.5,NaN,3.89,4.41,-3.67,-3.62,NaN,NaN,2.5,10.0,80.21066,-164.68056,1002.8,283.7,296.5,7.1,6.4,-2.5
628.7083,1999-09-20T16:59:57.12,0.05260640635715782,0.1826484018264834,0.1826484018264834,0.0,NaN,-12.137330399999998,0.146,-2.7,NaN,4.41,4.51,-3.51,-3.51,NaN,NaN,2.5,10.0,80.21643,-164.66116,1002.8,290.7,297.8,19.8,17.1,-2.7
628.75,1999-09-20T18:00:00.0,0.02578473329913105,0.9898430286241919,0.9898430286241919,-1.1551999999999958,NaN,-25.122500453999997,0.1805,-2.5,0.6,5.01,5.68,-3.56,-3.61,NaN,NaN,2.5,10.0,80.22009,-164.6346,1002.9,292.2,299.0,52.7,42.9,-2.5
628.7917,1999-09-20T19:00:02.88,0.12860776906013008,1.3213213213213209,1.3213213213213209,0.12248275862069247,NaN,-5.064950668965517,0.111,-2.9,NaN,4.11,4.66,-3.58,-3.57,NaN,NaN,2.5,10.0,80.22125,-164.60917,1003.2,288.9,297.7,55.4,47.0,-2.9
628.8333,1999-09-20T19:59:57.12,0.06129489471575705,1.187347931873478,1.187347931873478,-0.16861538461538103,NaN,-10.176623988461541,0.137,-2.6,NaN,4.32,4.93,-3.43,-3.44,NaN,NaN,2.5,10.0,80.22045,-164.59348,1003.5,286.6,297.6,73.1,61.5,-2.6
628.875,1999-09-20T21:00:00.0,0.06474159307407472,0.8602150537634411,0.8602150537634411,-0.30786206896551754,NaN,-9.43593970344828,0.1395,-2.9,NaN,4.18,4.63,-3.36,-3.38,NaN,NaN,2.5,10.0,80.21865,-164.58961,1003.8,286.0,298.4,92.4,76.7,-2.9
628.9167,1999-09-20T22:00:02.88,0.15190991951528035,0.9999999999999997,0.9999999999999997,0.5526349206349213,NaN,-4.348145371428572,0.136,-6.3,0.7,4.48,4.99,-3.63,-3.55,NaN,NaN,2.5,10.0,80.21675,-164.5966,1004.0,267.7,294.8,96.4,79.5,-6.3
628.9583,1999-09-20T22:59:57.12,0.18805164015361295,1.1962616822429908,1.1962616822429908,0.09010526315789281,NaN,-3.3463016684210523,0.107,-3.8,NaN,3.73,4.21,-3.46,-3.45,NaN,NaN,2.5,10.0,80.21608,-164.61387,1004.1,290.1,297.9,86.3,72.6,-3.8
629.0,1999-09-21T00:00:00.0,0.10517012473755714,0.9777777777777777,0.9777777777777777,0.0,NaN,-5.615999999999999,0.12,-3.0,NaN,3.31,3.75,-3.25,-3.25,NaN,NaN,2.5,10.0,80.21707,-164.63617,1004.4,288.2,298.4,82.1,68.8,-3.0
629.0417,1999-09-21T01:00:02.88,0.26293824257959975,1.2198581560283681,1.2198581560283681,0.5848888888888876,NaN,-2.5402027333333326,0.094,-3.6,NaN,3.88,4.31,-3.67,-3.6,NaN,NaN,2.5,10.0,80.22005,-164.65949,1004.4,271.6,295.8,77.2,64.9,-3.6
629.0833,1999-09-21T01:59:57.12,0.848216425962512,1.8765432098765427,1.8765432098765427,0.4712727272727276,NaN,-0.8309804727272725,0.054,-2.2,NaN,3.1,3.48,-3.87,-3.81,NaN,NaN,2.5,10.0,80.2247,-164.6781,1004.4,281.9,295.7,52.6,44.4,-2.2
629.125,1999-09-21T03:00:00.0,0.2173452898389055,1.2014652014652005,1.2014652014652005,0.2157037037037039,NaN,-3.0394030333333326,0.091,-2.7,NaN,3.45,3.86,-3.63,-3.61,NaN,NaN,2.5,10.0,80.23081,-164.68677,1004.6,289.7,296.7,24.1,20.9,-2.7
629.25,1999-09-21T06:00:00.0,0.09512087796793135,1.1666666666666674,1.1666666666666674,0.0,NaN,-7.644085527272727,0.112,-2.2,NaN,3.36,3.85,-3.99,-3.99,NaN,NaN,2.5,10.0,80.24441,-164.66021,1005.1,291.4,296.1,0.6,1.0,-2.2
629.2917,1999-09-21T07:00:02.88,0.08949787069921797,1.2183908045977014,1.2183908045977014,0.0,NaN,-8.062367165217394,0.116,-2.3,NaN,3.67,4.2,-3.96,-3.96,NaN,NaN,2.5,10.0,80.24562,-164.64779,1005.3,287.6,295.9,0.0,0.4,-2.3
629.3333,1999-09-21T07:59:57.12,0.18005273646716477,1.327300150829562,1.327300150829562,0.17680000000000015,NaN,-3.9971016515625,0.1105,-4.0,-0.3,4.24,4.79,-3.95,-3.93,NaN,NaN,2.5,10.0,80.24522,-164.64082,1005.6,285.8,295.5,0.0,0.2,-4.0
629.375,1999-09-21T09:00:00.0,0.1259502373067853,1.2444444444444438,1.2444444444444438,0.0,NaN,-5.817065624999998,0.105,-2.4,NaN,3.73,4.22,-4.02,-4.02,NaN,NaN,2.5,10.0,80.24406,-164.64176,1006.0,286.5,295.9,0.0,0.3,-2.4
630.2083,1999-09-22T04:59:57.12,0.06472157120642448,1.2420091324200917,1.2420091324200917,0.2831515151515217,NaN,-14.966544945454546,0.146,-3.3,NaN,3.3,3.98,-5.29,-5.27,NaN,NaN,2.5,10.0,80.27349,-164.80941,1011.5,272.0,288.8,3.7,3.6,-3.3
630.25,1999-09-22T06:00:00.0,0.0978554871959274,1.1806615776081424,1.1806615776081424,0.46577777777777823,NaN,-10.509825425,0.131,-3.6,NaN,3.3,3.88,-5.61,-5.57,NaN,NaN,2.5,10.0,80.27562,-164.81184,1011.6,267.6,286.7,0.7,1.0,-3.6
630.5833,1999-09-22T13:59:57.12,0.024350418234919985,0.9795918367346934,0.9795918367346934,-0.2090666666666622,NaN,-42.31599232,0.196,-3.0,NaN,3.95,4.67,-5.62,-5.63,NaN,NaN,2.5,10.0,80.28159,-164.93082,1013.7,267.7,287.4,0.0,0.3,-3.0
630.625,1999-09-22T15:00:00.0,0.02997575452303021,1.0909090909090902,1.0909090909090902,-0.1667368421052596,NaN,-37.56589181052632,0.198,-3.8,0.3,4.25,5.06,-6.13,-6.14,NaN,NaN,2.5,10.0,80.2851,-164.95504,1013.8,263.7,284.8,0.5,0.9,-3.8
632.9167,1999-09-24T22:00:02.88,0.048146781780763044,0.9019607843137254,0.9019607843137254,0.4352000000000004,NaN,-11.923261440000003,0.136,-2.0,0.2,2.74,3.2,-3.16,-3.14,NaN,NaN,2.5,10.0,80.33716,-165.70132,1014.6,285.3,299.8,76.6,64.7,-2.0
633.0,1999-09-25T00:00:00.0,0.047562568604568575,0.9456264775413712,0.9456264775413712,0.20509090909091376,NaN,-12.88207468636363,0.141,-2.2,NaN,2.61,3.11,-3.37,-3.36,NaN,NaN,2.5,10.0,80.33173,-165.72066,1014.8,282.8,297.8,72.9,61.6,-2.2
633.0417,1999-09-25T01:00:02.88,0.1351496044261028,1.4035087719298247,1.4035087719298247,0.3316363636363664,NaN,-4.983375272727273,0.114,-3.3,NaN,2.31,2.91,-3.7,-3.67,NaN,NaN,2.5,10.0,80.32959,-165.73699,1014.9,276.1,295.5,63.4,53.1,-3.3
633.2083,1999-09-25T04:59:57.12,0.49436666287381686,1.8013245033112577,1.8013245033112577,0.7593142857142879,NaN,-1.5640834542857138,0.0755,-3.5,NaN,2.35,2.86,-4.24,-4.13,NaN,NaN,2.5,10.0,80.32965,-165.80532,1014.4,288.1,296.2,2.1,1.8,-3.5
633.25,1999-09-25T06:00:00.0,0.17506133315025135,1.1476793248945154,1.1476793248945154,0.47400000000000037,NaN,-3.92081561015625,0.1185,-4.8,NaN,2.53,3.04,-3.77,-3.71,NaN,NaN,2.5,10.0,80.32987,-165.81112,1014.3,285.9,297.5,0.4,0.4,-4.8
633.2917,1999-09-25T07:00:02.88,0.13257269334657268,1.2983770287141072,1.2983770287141072,0.4929230769230774,NaN,-4.996467787500001,0.1335,-5.2,NaN,2.72,3.37,-3.64,-3.58,NaN,NaN,2.5,10.0,80.3295,-165.81389,1014.1,286.7,296.8,0.4,0.2,-5.2
633.3333,1999-09-25T07:59:57.12,0.08533690124306328,1.217391304347826,1.217391304347826,0.4774054054054059,NaN,-7.308881318918919,0.138,-3.7,0.2,2.9,3.53,-3.43,-3.39,NaN,NaN,2.5,10.0,80.32844,-165.81491,1014.2,289.5,298.5,0.5,0.1,-3.7
633.375,1999-09-25T09:00:00.0,0.08993636996620386,1.352657004830918,1.352657004830918,0.45292307692307743,NaN,-6.853203138461541,0.138,-3.9,0.0,2.82,3.52,-3.39,-3.35,NaN,NaN,2.5,10.0,80.3265,-165.8175,1014.1,290.5,297.8,0.4,0.1,-3.9
633.4167,1999-09-25T10:00:02.88,0.05177892657603972,0.9087523277467409,0.9087523277467409,0.11689795918367095,NaN,-11.868640297959182,0.179,-4.9,0.4,3.31,3.92,-3.38,-3.37,NaN,NaN,2.5,10.0,80.3238,-165.82235,1013.9,293.1,299.4,0.6,0.0,-4.9
633.4583,1999-09-25T10:59:57.12,0.08922686713720604,1.215686274509804,1.215686274509804,-0.23524324324324347,NaN,-7.362807697297298,0.136,-3.7,NaN,2.88,3.5,-3.61,-3.63,NaN,NaN,2.5,10.0,80.32118,-165.83408,1013.7,290.4,298.1,0.3,0.0,-3.7
633.5,1999-09-25T12:00:00.0,0.07964572902354142,1.03921568627451,1.03921568627451,0.0,NaN,-8.78122821818182,0.136,-3.3,NaN,2.78,3.31,-3.84,-3.84,NaN,NaN,2.5,10.0,80.31892,-165.85106,1013.5,289.5,297.7,0.4,0.1,-3.3
633.5417,1999-09-25T13:00:02.88,0.0412944564978697,0.8789571694599632,0.8789571694599632,-0.14687179487179172,NaN,-17.250134992307693,0.179,-3.9,0.3,3.4,3.99,-3.91,-3.92,NaN,NaN,2.5,10.0,80.31731,-165.87328,1013.2,287.8,296.5,0.4,0.0,-3.9
633.5833,1999-09-25T13:59:57.12,0.05283280690467004,0.821621621621622,0.821621621621622,-0.43054545454545495,NaN,-14.88507477272727,0.185,-5.5,0.8,3.91,4.48,-4.31,-4.35,NaN,NaN,2.5,10.0,80.31666,-165.8974,1013.0,272.4,292.6,0.0,0.0,-5.5
633.625,1999-09-25T15:00:00.0,0.04596537581216504,0.8940269749518299,0.8940269749518299,0.14194871794872752,NaN,-20.83035377692308,0.173,-3.9,0.4,3.6,4.18,-5.23,-5.22,NaN,NaN,2.5,10.0,80.31678,-165.92103,1012.8,278.2,291.6,0.4,0.0,-3.9
633.6667,1999-09-25T16:00:02.88,0.02828955274262004,0.7552986512524081,0.7552986512524081,-0.23066666666666172,NaN,-33.978767812499996,0.173,-2.4,0.4,3.49,3.98,-5.25,-5.26,NaN,NaN,2.5,10.0,80.31768,-165.94301,1012.7,279.1,291.3,2.3,1.9,-2.4
633.7083,1999-09-25T16:59:57.12,0.026426964483267555,0.6629001883239165,0.6629001883239165,-0.47199999999998987,NaN,-37.22237651249999,0.177,-2.4,NaN,3.7,4.14,-5.37,-5.39,NaN,NaN,2.5,10.0,80.31877,-165.96261,1012.7,277.3,290.4,9.1,7.6,-2.4
